event_date,event_id,bout_key,fighter_a_id,fighter_b_id,fighter_a,fighter_b,winner_a,winner_name,method,finish_round,duration_minutes,age_diff,height_diff,reach_diff,height_missing_diff,reach_missing_diff,southpaw_diff,switch_diff,striker_style_diff,grappler_style_diff,prior_dwcs_bouts_diff,prior_dwcs_wins_diff,prior_dwcs_win_pct_diff,prior_dwcs_finish_pct_diff,prior_dwcs_ko_win_pct_diff,prior_dwcs_sub_win_pct_diff,prior_dwcs_dec_win_pct_diff,prior_dwcs_avg_duration_diff,prior_dwcs_over25_rate_diff,prior_dwcs_stats_available_diff,prior_dwcs_sig_landed_pm_diff,prior_dwcs_sig_attempted_pm_diff,prior_dwcs_sig_accuracy_diff,prior_dwcs_td_landed_per15_diff,prior_dwcs_td_attempted_per15_diff,prior_dwcs_td_accuracy_diff,prior_dwcs_kd_per15_diff,prior_dwcs_sub_attempts_per15_diff,ext_available_diff,ext_fights_diff,ext_wins_diff,ext_losses_diff,ext_win_pct_diff,ext_finish_win_pct_diff,ext_ko_win_pct_diff,ext_sub_win_pct_diff,ext_dec_win_pct_diff,ext_finish_loss_pct_diff,ext_ko_loss_pct_diff,ext_sub_loss_pct_diff,ext_recent3_win_pct_diff,ext_recent5_win_pct_diff,ext_recent3_finish_pct_diff,ext_recent5_finish_pct_diff,ext_major_fights_diff,ext_major_win_pct_diff,ext_regional_fights_diff,ext_regional_win_pct_diff,ext_org_diversity_diff,ext_title_fights_diff,ext_elo_diff,ext_avg_opp_elo_diff,ext_recent5_avg_opp_elo_diff,ext_best_win_opp_elo_diff,ext_days_since_last_diff,ext_avg_duration_sec_diff,ext_recent5_avg_duration_sec_diff,ext_r1_finish_win_pct_diff,ext_early_finish_win_pct_diff,ext_multi_route_finisher_diff,ext_a_available,ext_b_available
2017-07-11,400961602,400961602|2506260|2558159,2558159,2506260,azunna anyanwu,greg rebello,1,azunna anyanwu,KO-TKO,2,8.07,0.8542269861804144,2.539999999999992,10.160000000000023,0.0,0.0,-1.0,0.0,1.0,0.0,0.0,0.0,0.0,0.0,0.0,0.0,0.0,0.0,0.0,0.0,0.0,0.0,0.0,0.0,0.0,0.0,0.0,0.0,0.0,7.0,5.0,2.0,-0.04040404040404044,0.15873015873015872,0.015873015873015817,0.14285714285714285,-0.15873015873015872,0.5,0.5,0.0,0.0,-0.19999999999999996,-0.33333333333333337,-0.30000000000000004,-1.0,0.5,8.0,-0.12418300653594772,2.0,0.0,13.608532230498895,-12.118959614068899,10.858677614223097,-49.145395885741436,-344.0,-6.503267973856168,300.6,0.06349206349206349,0.023809523809523836,1.0,1.0,1.0
2017-07-11,400961602,400961602|3020777|4237148,3020777,4237148,charles byrd,jamie pickett,1,charles byrd,SUBMISSION,1,4.92,4.8844261004675005,-10.159999999999997,-17.78,0.0,0.0,0.0,0.0,0.0,0.0,0.0,0.0,0.0,0.0,0.0,0.0,0.0,0.0,0.0,0.0,0.0,0.0,0.0,0.0,0.0,0.0,0.0,0.0,1.0,3.0,2.0,1.0,0.6666666666666666,0.5,0.0,0.5,0.5,0.0,0.0,0.0,0.6666666666666666,0.6666666666666666,0.5,0.5,0.0,0.0,3.0,0.6666666666666666,3.0,0.0,14.488916981802276,1536.2274343640013,1536.2274343640013,1575.5101186515733,,643.6666666666666,643.6666666666666,0.5,0.5,0.0,1.0,0.0
2017-07-11,400961602,400961602|3122040|3928693,3122040,3928693,boston salmon,ricky turcios,1,boston salmon,DEC-UNA,3,15.0,2.540777702485336,0.0,-7.620000000000003,0.0,0.0,1.0,0.0,1.0,0.0,0.0,0.0,0.0,0.0,0.0,0.0,0.0,0.0,0.0,0.0,0.0,0.0,0.0,0.0,0.0,0.0,0.0,0.0,0.0,-8.0,-9.0,1.0,-1.0,-0.3333333333333333,-0.3333333333333333,0.0,-0.6666666666666666,0.0,0.0,0.0,-1.0,-1.0,-0.6666666666666666,-0.4,-2.0,-1.0,-6.0,-1.0,-3.0,0.0,-112.30476163768003,-7.786735229878786,-27.513778873736783,-106.7282687257366,1.0,197.375,241.25,-0.1111111111111111,-0.2222222222222222,0.0,1.0,1.0
2017-07-11,400961602,400961602|3128221|3961774,3961774,3128221,manny vazquez,joby sanchez,0,joby sanchez,DEC-UNA,3,15.0,-2.4066202591428976,10.160000000000023,10.159999999999997,0.0,0.0,0.0,0.0,0.0,0.0,0.0,0.0,0.0,0.0,0.0,0.0,0.0,0.0,0.0,0.0,0.0,0.0,0.0,0.0,0.0,0.0,0.0,0.0,0.0,3.0,3.0,0.0,0.03896103896103886,-0.19444444444444442,-0.25,0.05555555555555558,0.19444444444444448,0.0,-0.5,0.5,0.33333333333333337,0.20000000000000007,-0.16666666666666669,0.16666666666666669,-1.0,0.6666666666666667,4.0,-0.16666666666666663,-1.0,0.0,29.57083603549495,5.053696280101349,10.608391727111666,54.14737545896401,-34.0,40.48251748251744,-186.64999999999998,0.1111111111111111,0.0,0.0,1.0,1.0
2017-07-19,400966346,400966346|2553221|3024141,3024141,2553221,dan spohn,angel de anda,1,dan spohn,SUBMISSION,1,3.17,0.6242427975933822,20.319999999999997,,0.0,-1.0,1.0,0.0,-1.0,0.0,0.0,0.0,0.0,0.0,0.0,0.0,0.0,0.0,0.0,0.0,0.0,0.0,0.0,0.0,0.0,0.0,0.0,0.0,1.0,8.0,4.0,4.0,0.5,0.25,0.25,0.0,0.75,0.0,0.0,0.0,0.6666666666666666,0.4,0.5,0.5,2.0,0.0,6.0,0.6666666666666666,5.0,0.0,15.945844720125251,1565.6571168370547,1589.6356256973545,1563.9417481723797,,934.0,801.0,0.0,0.0,0.0,1.0,0.0
2017-07-19,400966346,400966346|2557012|3895524,2557012,3895524,lazar stojadinovic,thanh le,0,thanh le,KO-TKO,2,6.58,-3.5647549230990343,-5.079999999999984,-16.50999999999999,0.0,0.0,1.0,0.0,0.0,0.0,0.0,0.0,0.0,0.0,0.0,0.0,0.0,0.0,0.0,0.0,0.0,0.0,0.0,0.0,0.0,0.0,0.0,0.0,0.0,16.0,10.0,6.0,-0.3157894736842105,-0.3846153846153846,-0.7692307692307692,0.38461538461538464,0.38461538461538464,0.5,0.16666666666666666,0.3333333333333333,-0.33333333333333337,-0.19999999999999996,-1.0,-0.5,0.0,0.0,16.0,-0.3529411764705882,11.0,0.0,36.193621770355094,-58.61152601537992,-37.62883846656223,-0.5942395655335986,0.0,343.45614035087715,321.26666666666665,-0.282051282051282,-0.46153846153846156,1.0,1.0,1.0
2017-07-19,400966346,400966346|4030197|4082117,4030197,4082117,casey kenney,cee jay hamilton,1,casey kenney,DEC-UNA,3,15.0,-4.4490988863563246,2.5400000000000205,-10.159999999999997,0.0,0.0,1.0,-1.0,0.0,1.0,0.0,0.0,0.0,0.0,0.0,0.0,0.0,0.0,0.0,0.0,0.0,0.0,0.0,0.0,0.0,0.0,0.0,0.0,1.0,9.0,7.0,0.0,0.7777777777777778,0.7142857142857143,0.14285714285714285,0.5714285714285714,0.2857142857142857,0.0,0.0,0.0,0.3333333333333333,0.6,0.0,0.6666666666666666,2.0,0.0,7.0,1.0,5.0,0.0,81.67867531346997,1534.43622922164,1561.4686951233514,1583.5679599728153,,610.8888888888889,634.6,0.42857142857142855,0.5714285714285714,1.0,1.0,0.0
2017-07-19,400966346,400966346|4040925|4237605,4040925,4237605,sidney outlaw,michael cora,1,sidney outlaw,DEC-UNA,3,15.0,-2.6311286337159565,,-2.5400000000000205,-1.0,0.0,-1.0,0.0,-1.0,0.0,0.0,0.0,0.0,0.0,0.0,0.0,0.0,0.0,0.0,0.0,0.0,0.0,0.0,0.0,0.0,0.0,0.0,0.0,0.0,1.0,0.0,1.0,-0.5,0.0,-1.0,1.0,0.0,1.0,1.0,0.0,-0.5,-0.5,0.0,0.0,0.0,0.0,1.0,-0.5,1.0,0.0,-12.01710645431649,-11.713211759080878,-11.713211759080878,-23.32139785683694,216.0,119.0,119.0,-1.0,-1.0,0.0,1.0,1.0
2017-07-19,400966346,400966346|4082018|4205093,4082018,4205093,alfred khashakyan,sean o'malley,0,sean o'malley,KO-TKO,1,4.23,6.2698070460036845,-7.620000000000003,-5.079999999999984,0.0,0.0,0.0,-1.0,-1.0,0.0,0.0,0.0,0.0,0.0,0.0,0.0,0.0,0.0,0.0,0.0,0.0,0.0,0.0,0.0,0.0,0.0,0.0,0.0,0.0,-4.0,-7.0,3.0,-0.6,0.11111111111111116,0.2222222222222222,-0.1111111111111111,-0.1111111111111111,0.6666666666666666,0.3333333333333333,0.3333333333333333,-0.6666666666666667,-0.6,0.0,0.0,-2.0,-1.0,-2.0,-0.6,-1.0,0.0,-104.39823203773744,28.533291650930323,13.881951155363367,-47.25846096074497,0.0,76.22222222222223,117.0,0.2222222222222222,0.2222222222222222,-1.0,1.0,1.0
2017-07-25,400966347,400966347|3087807|3111997,3111997,3087807,geoff neal,chase waldon,1,geoff neal,KO-TKO,1,1.93,,-7.620000000000003,0.0,0.0,0.0,1.0,0.0,1.0,0.0,0.0,0.0,0.0,0.0,0.0,0.0,0.0,0.0,0.0,0.0,0.0,0.0,0.0,0.0,0.0,0.0,0.0,0.0,0.0,-4.0,-4.0,0.0,-0.05714285714285705,0.08333333333333337,0.375,-0.2916666666666667,-0.08333333333333331,0.0,0.0,0.0,0.0,0.0,1.0,0.5,0.0,0.0,-4.0,-0.08333333333333337,-2.0,0.0,-35.66297786003565,4.786781045206908,-11.277201898088606,-14.314754720307064,-56.0,52.14285714285717,57.400000000000034,0.16666666666666669,0.2916666666666667,0.0,1.0,1.0
2017-07-25,400966347,400966347|3120931|4236956,3120931,4236956,jason jackson,kyle stewart,0,kyle stewart,KO-TKO,2,5.35,-1.744046763451678,10.159999999999997,7.620000000000003,0.0,0.0,0.0,0.0,0.0,0.0,0.0,0.0,0.0,0.0,0.0,0.0,0.0,0.0,0.0,0.0,0.0,0.0,0.0,0.0,0.0,0.0,0.0,0.0,0.0,-6.0,-6.0,0.0,0.0,-0.75,-0.375,-0.375,0.75,0.0,0.0,0.0,0.0,0.0,-0.6666666666666666,-0.8,-2.0,-1.0,-4.0,0.0,-2.0,0.0,-61.328426028325566,42.345696262302454,36.426906659664155,61.22632926496772,238.0,593.875,642.0,-0.75,-0.75,-1.0,1.0,1.0
2017-07-25,400966347,400966347|3887606|4236954,4236954,3887606,karl roberson,ryan spann,1,karl roberson,KO-TKO,1,0.25,0.8870818702642786,-10.160000000000023,-12.699999999999989,0.0,0.0,1.0,0.0,0.0,0.0,0.0,0.0,0.0,0.0,0.0,0.0,0.0,0.0,0.0,0.0,0.0,0.0,0.0,0.0,0.0,0.0,0.0,0.0,0.0,-14.0,-9.0,-5.0,0.33333333333333337,0.09999999999999998,-0.1,0.19999999999999996,-0.1,-0.4,-0.2,-0.2,0.6666666666666667,0.6,0.0,0.0,-2.0,0.0,-12.0,0.23076923076923073,-6.0,0.0,-28.413298875443616,24.729183700161002,25.969206631127236,-17.733304232752516,665.0,-257.0,-303.2,0.19999999999999996,0.30000000000000004,-1.0,1.0,1.0
2017-07-25,400966347,400966347|3923647|3948876,3948876,3923647,alonzo menifield,daniel jolly,1,alonzo menifield,DR-TKO,1,5.0,-3.1212139879668968,-2.539999999999992,2.539999999999992,0.0,0.0,0.0,0.0,1.0,0.0,0.0,0.0,0.0,0.0,0.0,0.0,0.0,0.0,0.0,0.0,0.0,0.0,0.0,0.0,0.0,0.0,0.0,0.0,0.0,3.0,3.0,0.0,0.0,0.5,0.6,-0.09999999999999998,-0.5,0.0,0.0,0.0,0.0,0.0,0.5,0.5,4.0,1.0,-1.0,0.0,1.0,0.0,34.70495283792161,40.559305152988145,40.559305152988145,0.0,-1582.0,-569.5,-569.5,0.30000000000000004,0.8,1.0,1.0,1.0
2017-07-25,400966347,400966347|4074001|4236955,4236955,4074001,luis gomez,dan ige,0,dan ige,SUBMISSION,3,13.38,-3.479879805882394,0.0,-3.8100000000000014,0.0,0.0,0.0,0.0,0.0,-1.0,0.0,0.0,0.0,0.0,0.0,0.0,0.0,0.0,0.0,0.0,0.0,0.0,0.0,0.0,0.0,0.0,0.0,0.0,0.0,2.0,1.0,1.0,-0.08333333333333337,0.4166666666666667,0.5,-0.08333333333333331,-0.41666666666666663,1.0,1.0,0.0,0.33333333333333337,0.050000000000000044,0.6666666666666666,0.4166666666666667,-1.0,0.0,3.0,-0.33333333333333337,1.0,0.0,-5.759940402674829,-47.46870401284832,-55.19878885356047,-73.9351313724992,42.0,-524.75,-481.35,0.5,0.5,1.0,1.0,1.0
2017-08-01,400966348,400966348|3913473|4077475,4077475,3913473,julian marquez,phil hawes,1,julian marquez,KO-TKO,2,7.33,-1.3278848983894245,5.0800000000000125,-13.97,0.0,0.0,0.0,0.0,0.0,0.0,0.0,0.0,0.0,0.0,0.0,0.0,0.0,0.0,0.0,0.0,0.0,0.0,0.0,0.0,0.0,0.0,0.0,0.0,0.0,7.0,6.0,1.0,0.75,1.0,0.8333333333333334,0.16666666666666666,0.0,-1.0,0.0,-1.0,1.0,0.8,1.0,1.0,4.0,0.5,3.0,1.0,4.0,0.0,51.947840594027866,-120.81982698137176,-122.11615272811673,12.386207732444518,-293.0,-182.0,-127.19999999999999,0.8333333333333334,1.0,1.0,1.0,1.0
2017-08-01,400966348,400966348|3960440|4020801,3960440,4020801,brandon davis,austin arnett,1,brandon davis,DEC-UNA,3,15.0,1.456566527717886,-5.079999999999984,0.0,0.0,0.0,0.0,0.0,0.0,0.0,0.0,0.0,0.0,0.0,0.0,0.0,0.0,0.0,0.0,0.0,0.0,0.0,0.0,0.0,0.0,0.0,0.0,0.0,0.0,0.0,0.0,0.0,0.0,0.0,0.0,0.0,0.0,0.0,0.0,0.0,0.0,0.0,0.0,0.0,0.0,0.0,0.0,0.0,0.0,0.0,0.0,0.0,0.0,0.0,,0.0,0.0,0.0,0.0,0.0,0.0,0.0
2017-08-01,400966348,400966348|4013049|4073937,4073937,4013049,ronaldo candido de oliveira,carlos candelario,0,carlos candelario,DEC-UNA,3,15.0,2.1109263023881404,-5.0800000000000125,,0.0,1.0,0.0,0.0,0.0,1.0,0.0,0.0,0.0,0.0,0.0,0.0,0.0,0.0,0.0,0.0,0.0,0.0,0.0,0.0,0.0,0.0,0.0,0.0,1.0,6.0,6.0,0.0,1.0,1.0,0.0,1.0,0.0,0.0,0.0,0.0,1.0,1.0,1.0,1.0,5.0,1.0,1.0,1.0,2.0,0.0,68.35334248886124,1510.648272009347,1512.7779264112164,1598.1017042912615,,316.1666666666667,346.2,0.6666666666666666,0.6666666666666666,0.0,1.0,0.0
2017-08-01,400966348,400966348|4063869|4237014,4237014,4063869,cheyden leialoha,john castaneda,0,john castaneda,DEC-UNA,3,15.0,-2.2396079317165984,5.0800000000000125,5.079999999999984,0.0,0.0,0.0,-1.0,0.0,0.0,0.0,0.0,0.0,0.0,0.0,0.0,0.0,0.0,0.0,0.0,0.0,0.0,0.0,0.0,0.0,0.0,0.0,0.0,0.0,-9.0,-7.0,-2.0,0.1333333333333333,-0.10256410256410264,-0.29487179487179493,0.1923076923076923,0.10256410256410253,-0.5,-0.5,0.0,0.0,0.0,-0.33333333333333337,0.0,0.0,0.0,-9.0,0.1333333333333333,1.0,0.0,-43.949357297336974,-6.343238094476646,-27.20267974212402,-42.75078607138721,-5.0,-114.19999999999999,-426.0,0.282051282051282,0.1282051282051282,0.0,1.0,1.0
2017-08-01,400966348,400966348|4237013|4237015,4237013,4237015,james gray,kyler phillips,0,kyler phillips,KO-TKO,1,0.77,7.6305468284769695,2.539999999999992,,0.0,1.0,0.0,0.0,0.0,0.0,0.0,0.0,0.0,0.0,0.0,0.0,0.0,0.0,0.0,0.0,0.0,0.0,0.0,0.0,0.0,0.0,0.0,0.0,0.0,-3.0,-4.0,1.0,-1.0,-0.5,-0.5,0.0,-0.5,1.0,1.0,0.0,-1.0,-1.0,-0.3333333333333333,-0.5,-2.0,-1.0,-1.0,-1.0,-1.0,0.0,-57.789971434642666,18.866175877215028,18.866175877215028,-22.83133840376945,959.0,-334.25,-334.25,-0.5,-0.5,0.0,1.0,1.0
2017-08-08,400968458,400968458|3077954|3155425,3077954,3155425,kevin gray,alex perez,0,alex perez,SUBMISSION,1,2.9,,-7.619999999999976,3.8100000000000014,0.0,0.0,0.0,0.0,0.0,0.0,0.0,0.0,0.0,0.0,0.0,0.0,0.0,0.0,0.0,0.0,0.0,0.0,0.0,0.0,0.0,0.0,0.0,0.0,0.0,-9.0,-8.0,-1.0,-0.059523809523809534,0.14379084967320266,-0.17647058823529413,0.32026143790849676,-0.14379084967320266,0.25,0.3333333333333333,-0.08333333333333337,-0.33333333333333337,0.0,0.16666666666666669,0.0,0.0,0.0,-9.0,-0.059523809523809534,0.0,0.0,-52.64879195050253,12.16380795133864,8.431438482728254,3.2199962594629596,-41.0,-1.0714285714285552,169.39999999999998,-0.0784313725490196,-0.0784313725490196,-1.0,1.0,1.0
2017-08-08,400968458,400968458|3152189|4081550,4081550,3152189,mike rodriguez,jamelle jones,1,mike rodriguez,KO-TKO,1,2.25,-0.8268479161105304,10.159999999999997,19.05000000000001,0.0,0.0,1.0,0.0,1.0,0.0,0.0,0.0,0.0,0.0,0.0,0.0,0.0,0.0,0.0,0.0,0.0,0.0,0.0,0.0,0.0,0.0,0.0,0.0,0.0,-11.0,-7.0,-4.0,-0.5833333333333334,-0.8571428571428571,-0.7142857142857143,-0.14285714285714285,-0.14285714285714285,0.4,-0.2,0.6,-0.3333333333333333,-0.6,-1.0,-1.0,-2.0,0.0,-9.0,-0.7,-4.0,0.0,-34.28370490673501,20.205384631481593,33.99880987970482,-25.137144032061542,197.0,-346.6363636363636,-303.2,-0.7142857142857143,-0.8571428571428571,-1.0,1.0,1.0
2017-08-08,400968458,400968458|3164449|3922491,3922491,3164449,ricky simon,donavon frelow,1,ricky simon,DEC-SPLT,3,15.0,-7.611381479428047,0.0,12.699999999999989,0.0,0.0,0.0,0.0,1.0,0.0,0.0,0.0,0.0,0.0,0.0,0.0,0.0,0.0,0.0,0.0,0.0,0.0,0.0,0.0,0.0,0.0,0.0,0.0,0.0,-4.0,-3.0,-1.0,0.0,-0.3333333333333333,0.3333333333333333,-0.6666666666666666,0.3333333333333333,1.0,0.0,1.0,0.3333333333333333,0.15000000000000002,0.0,0.0,0.0,0.0,-4.0,0.0,0.0,0.0,-15.647040161313953,30.529706491843626,2.489523409120693,63.57413711737536,379.0,-71.0,-381.79999999999995,-0.16666666666666669,-0.3333333333333333,0.0,1.0,1.0
2017-08-08,400968458,400968458|4008509|4227122,4227122,4008509,julio arce,peter petties,1,julio arce,KO-TKO,2,7.65,1.1471830359281832,-10.159999999999997,-5.079999999999984,0.0,0.0,0.0,0.0,0.0,0.0,0.0,0.0,0.0,0.0,0.0,0.0,0.0,0.0,0.0,0.0,0.0,0.0,0.0,0.0,0.0,0.0,0.0,0.0,0.0,3.0,1.0,2.0,-0.5,0.5,0.0,0.5,-0.5,0.5,0.0,0.5,-0.33333333333333337,-0.5,0.5,0.5,0.0,0.0,3.0,-0.5,0.0,0.0,-3.8869970001999263,37.391279510039794,37.391279510039794,38.68094229908661,43.0,-160.75,-160.75,0.0,0.0,0.0,1.0,1.0
2017-08-08,400968458,400968458|4013988|4245091,4245091,4013988,everett sims,shelton graves,0,shelton graves,KO-TKO,3,12.33,-2.866588636316965,-5.0800000000000125,3.8100000000000014,0.0,0.0,0.0,0.0,0.0,0.0,0.0,0.0,0.0,0.0,0.0,0.0,0.0,0.0,0.0,0.0,0.0,0.0,0.0,0.0,0.0,0.0,0.0,0.0,-1.0,-9.0,-6.0,-3.0,-0.6666666666666666,-0.6666666666666666,-0.3333333333333333,-0.3333333333333333,-0.3333333333333333,-0.6666666666666666,0.0,-0.6666666666666666,-1.0,-0.8,-1.0,-0.75,0.0,0.0,-9.0,-0.6666666666666666,-4.0,0.0,-37.65669013301863,-1509.891366087051,-1507.432762389977,-1539.3583925160715,,-519.8888888888889,-520.4,-0.16666666666666666,-0.3333333333333333,-1.0,0.0,1.0
2017-08-16,400968459,400968459|3020777|3077134,3077134,3020777,buddy wallace,charles byrd,0,charles byrd,SUBMISSION,2,7.05,-5.388200989753383,2.539999999999992,-10.159999999999997,0.0,0.0,0.0,0.0,-1.0,0.0,-1.0,-1.0,-1.0,-1.0,0.0,-1.0,0.0,-4.92,0.0,-1.0,-2.6422764227642275,-4.878048780487805,-0.5416666666666666,-3.048780487804878,-3.048780487804878,-1.0,0.0,-3.048780487804878,-1.0,-3.0,-2.0,-1.0,-0.6666666666666666,-0.5,0.0,-0.5,-0.5,0.0,0.0,0.0,-0.6666666666666666,-0.6666666666666666,-0.5,-0.5,0.0,0.0,-3.0,-0.6666666666666666,-3.0,0.0,-14.488916981802276,-1536.2274343640013,-1536.2274343640013,-1575.5101186515733,,-643.6666666666666,-643.6666666666666,-0.5,-0.5,0.0,0.0,1.0
2017-08-16,400968459,400968459|3074719|3931156,3931156,3074719,grant dawson,adrian diaz,1,grant dawson,SUBMISSION,2,6.25,-5.820790296857567,0.0,,0.0,-1.0,-1.0,1.0,0.0,1.0,0.0,0.0,0.0,0.0,0.0,0.0,0.0,0.0,0.0,0.0,0.0,0.0,0.0,0.0,0.0,0.0,0.0,0.0,0.0,-15.0,-9.0,-5.0,0.3529411764705882,0.18181818181818177,0.13636363636363635,0.04545454545454547,-0.18181818181818182,-0.6,-0.4,-0.2,0.33333333333333337,0.4,0.0,0.0,0.0,0.0,-15.0,0.3529411764705882,-8.0,0.0,-38.0290700355888,29.94935654734968,12.309853643040242,-23.577743344343844,0.0,-67.26470588235293,-19.100000000000023,-0.45454545454545453,-0.045454545454545414,0.0,1.0,1.0
2017-08-16,400968459,400968459|4028629|4245681,4028629,4245681,cameron olson,karl reed,1,cameron olson,DEC-UNA,3,15.0,,-10.160000000000023,,0.0,1.0,0.0,0.0,0.0,0.0,0.0,0.0,0.0,0.0,0.0,0.0,0.0,0.0,0.0,0.0,0.0,0.0,0.0,0.0,0.0,0.0,0.0,0.0,1.0,3.0,1.0,2.0,0.3333333333333333,1.0,0.0,1.0,0.0,1.0,1.0,0.0,0.3333333333333333,0.3333333333333333,1.0,1.0,2.0,0.0,1.0,1.0,2.0,0.0,-10.190190684784739,1521.8601178938134,1521.8601178938134,1511.1857222937344,,318.0,318.0,0.0,0.0,0.0,1.0,0.0
2017-08-16,400968459,400968459|4036096|4038127,4036096,4038127,jaime alvarez,martin day,1,jaime alvarez,DEC-UNA,3,15.0,0.6762630307261617,-5.0800000000000125,,0.0,1.0,0.0,0.0,0.0,-1.0,0.0,0.0,0.0,0.0,0.0,0.0,0.0,0.0,0.0,0.0,0.0,0.0,0.0,0.0,0.0,0.0,0.0,0.0,0.0,0.0,0.0,0.0,0.0,0.0,0.0,0.0,0.0,0.0,0.0,0.0,0.0,0.0,0.0,0.0,0.0,0.0,0.0,0.0,0.0,0.0,-0.010741657225707968,-0.31232746431624037,-0.31232746431624037,0.0,736.0,-133.0,-133.0,0.0,0.0,0.0,1.0,1.0
2017-08-16,400968459,400968459|4037324|4232927,4232927,4037324,tiffany masters,jamie colleen miller,0,jamie colleen miller,SUBMISSION,3,14.72,,0.0,0.0,0.0,0.0,0.0,0.0,-1.0,0.0,0.0,0.0,0.0,0.0,0.0,0.0,0.0,0.0,0.0,0.0,0.0,0.0,0.0,0.0,0.0,0.0,0.0,0.0,0.0,0.0,0.0,0.0,0.0,0.0,0.0,0.0,0.0,0.0,0.0,0.0,0.0,0.0,0.0,0.0,0.0,0.0,0.0,0.0,0.0,0.0,0.0,0.0,0.0,0.0,,0.0,0.0,0.0,0.0,0.0,0.0,0.0
2017-08-23,400972137,400972137|2984784|4227123,4227123,2984784,mark cherico,mike santiago,0,mike santiago,KO-TKO,1,2.98,,-5.0800000000000125,1.2700000000000102,0.0,0.0,0.0,0.0,0.0,-1.0,0.0,0.0,0.0,0.0,0.0,0.0,0.0,0.0,0.0,0.0,0.0,0.0,0.0,0.0,0.0,0.0,0.0,0.0,0.0,-4.0,-2.0,-2.0,0.09523809523809523,0.25,0.75,-0.5,-0.25,0.33333333333333337,0.0,0.33333333333333337,0.0,0.06666666666666665,0.0,0.0,0.0,0.0,-4.0,0.09523809523809523,-5.0,0.0,-6.35911395703215,-9.745924568742566,-6.619464761168274,-18.44233366259573,405.0,-137.0,-101.39999999999998,-0.5,0.0,-1.0,1.0,1.0
2017-08-23,400972137,400972137|3039664|4245094,4245094,3039664,kennedy nzechukwu,anton berzin,1,kennedy nzechukwu,DEC-SPLT,3,15.0,-2.7050521229046467,7.620000000000003,,0.0,-1.0,1.0,0.0,1.0,-1.0,0.0,0.0,0.0,0.0,0.0,0.0,0.0,0.0,0.0,0.0,0.0,0.0,0.0,0.0,0.0,0.0,0.0,0.0,0.0,-2.0,-1.0,-1.0,0.33333333333333337,0.0,0.5,-0.5,0.0,-1.0,-1.0,0.0,0.33333333333333337,0.33333333333333337,0.0,0.0,0.0,0.0,-2.0,0.33333333333333337,-1.0,0.0,-3.6359993144310465,-47.92194969852585,-47.92194969852585,-60.46974886389853,196.0,164.33333333333331,164.33333333333331,-0.5,0.5,-1.0,1.0,1.0
2017-08-23,400972137,400972137|3041138|4249184,4249184,3041138,benito lopez,steven peterson,1,benito lopez,DEC-SPLT,3,15.0,-3.854973065839818,0.0,7.619999999999976,0.0,0.0,0.0,1.0,1.0,-1.0,0.0,0.0,0.0,0.0,0.0,0.0,0.0,0.0,0.0,0.0,0.0,0.0,0.0,0.0,0.0,0.0,0.0,0.0,0.0,1.0,4.0,-3.0,0.375,-0.24444444444444446,0.3333333333333333,-0.5777777777777778,0.2444444444444444,-0.3333333333333333,-0.3333333333333333,0.0,0.33333333333333337,0.4,-0.33333333333333337,-0.19999999999999996,-1.0,0.33333333333333337,2.0,0.4,2.0,0.0,64.30370208042882,-40.052260281604504,-43.35932187674166,-40.46177108452662,0.0,-294.375,-569.1999999999999,0.35555555555555557,-0.0444444444444444,1.0,1.0,1.0
2017-08-23,400972137,400972137|3099608|4054622,4054622,3099608,jordan espinosa,nick urso,1,jordan espinosa,SUBMISSION,1,1.38,-4.117812138510715,0.0,6.349999999999994,0.0,0.0,-1.0,0.0,0.0,1.0,0.0,0.0,0.0,0.0,0.0,0.0,0.0,0.0,0.0,0.0,0.0,0.0,0.0,0.0,0.0,0.0,0.0,0.0,0.0,1.0,0.0,1.0,-0.0404411764705882,0.27272727272727276,-0.09090909090909091,0.36363636363636365,-0.2727272727272727,-0.35,-0.25,-0.09999999999999998,0.0,0.20000000000000007,1.0,0.75,-2.0,-1.0,3.0,0.004201680672268893,3.0,0.0,-4.888398973691665,-7.1551137049345925,-45.04480747548928,9.04916672534614,0.0,-93.25,-133.00000000000006,0.2727272727272727,0.27272727272727276,0.0,1.0,1.0
2017-08-23,400972137,400972137|3128221|4249185,4249185,3128221,jp buys,joby sanchez,0,joby sanchez,KO-TKO,2,7.470000000000001,-4.851571216383636,-2.539999999999992,-2.539999999999992,0.0,0.0,0.0,0.0,0.0,0.0,-1.0,-1.0,-1.0,0.0,0.0,0.0,-1.0,-15.0,-1.0,0.0,0.0,0.0,0.0,0.0,0.0,0.0,0.0,0.0,-1.0,-13.0,-11.0,-2.0,-0.8461538461538461,-0.7272727272727273,-0.36363636363636365,-0.36363636363636365,-0.2727272727272727,-0.5,-0.5,0.0,-1.0,-0.8,-0.3333333333333333,-0.5,-3.0,-0.3333333333333333,-10.0,-1.0,-9.0,0.0,-96.25578958792403,-1521.8718778416858,-1538.989255630651,-1602.5742311873423,,-576.1538461538462,-663.0,-0.18181818181818182,-0.36363636363636365,-1.0,0.0,1.0
2017-08-30,400972138,400972138|2951136|4030197,4030197,2951136,casey kenney,adam antolin,0,adam antolin,DEC-SPLT,3,15.0,-9.054258472110996,5.0800000000000125,12.699999999999989,0.0,0.0,1.0,0.0,0.0,0.0,1.0,1.0,1.0,0.0,0.0,0.0,1.0,15.0,1.0,1.0,3.933333333333333,9.533333333333331,0.4125874125874126,3.0,8.0,0.375,0.0,1.0,0.0,-6.0,-6.0,-2.0,-0.11250000000000004,-0.13186813186813184,-0.010989010989011005,-0.1208791208791209,0.13186813186813184,-0.6666666666666666,0.0,-0.6666666666666666,-0.6666666666666667,-0.6,-0.6666666666666666,-0.09999999999999998,2.0,0.0,-8.0,0.0625,-7.0,0.0,-33.99529381030925,32.8918226609851,32.31587448668438,-27.428130057402086,0.0,247.7333333333333,220.39999999999998,-0.032967032967033016,0.03296703296703296,0.0,1.0,1.0
2017-08-30,400972138,400972138|3153109|4256214,3153109,4256214,kelly velasco,lauren mueller,0,lauren mueller,DEC-UNA,3,15.0,,10.159999999999997,,0.0,1.0,0.0,0.0,-1.0,0.0,0.0,0.0,0.0,0.0,0.0,0.0,0.0,0.0,0.0,0.0,0.0,0.0,0.0,0.0,0.0,0.0,0.0,0.0,0.0,0.0,0.0,0.0,0.0,0.0,0.0,0.0,0.0,0.0,0.0,0.0,0.0,0.0,0.0,0.0,0.0,0.0,0.0,0.0,0.0,0.0,0.0,0.0,0.0,0.0,,0.0,0.0,0.0,0.0,0.0,0.0,0.0
2017-08-30,400972138,400972138|3926497|4081024,4081024,3926497,matt frevola,jose flores,1,matt frevola,SUBMISSION,2,8.53,-2.2341321177026217,-7.620000000000003,-5.079999999999984,0.0,0.0,-1.0,0.0,0.0,1.0,0.0,0.0,0.0,0.0,0.0,0.0,0.0,0.0,0.0,0.0,0.0,0.0,0.0,0.0,0.0,0.0,0.0,0.0,-1.0,-3.0,-3.0,0.0,-1.0,-1.0,-1.0,0.0,0.0,0.0,0.0,0.0,-1.0,-1.0,-1.0,-1.0,-2.0,-1.0,-1.0,-1.0,-2.0,0.0,-33.41306132357704,-1485.3862337940143,-1485.3862337940143,-1536.84963225517,,-391.5,-391.5,-0.6666666666666666,-0.3333333333333333,0.0,0.0,1.0
2017-08-30,400972138,400972138|3983543|4249193,3983543,4249193,allen crowder,don'tale mayes,1,allen crowder,KO-TKO,3,14.2,2.1875876985838154,-7.620000000000003,-11.430000000000009,0.0,0.0,0.0,0.0,0.0,0.0,0.0,0.0,0.0,0.0,0.0,0.0,0.0,0.0,0.0,0.0,0.0,0.0,0.0,0.0,0.0,0.0,0.0,0.0,0.0,-2.0,-1.0,-1.0,0.08333333333333337,0.5,1.0,-0.5,-0.5,0.5,0.5,0.0,0.33333333333333337,0.15000000000000002,1.0,0.6666666666666667,-2.0,-1.0,0.0,0.25,-2.0,0.0,3.6827002772167816,4.709217102619277,3.5256006040604007,0.7827695360317648,0.0,-223.25,-340.15,0.41666666666666663,0.41666666666666663,0.0,1.0,1.0
2017-08-30,400972138,400972138|4249191|4249192,4249192,4249191,bevon lewis,elias urbina,1,bevon lewis,KO-TKO,2,7.779999999999999,2.431261422205793,0.0,5.079999999999984,0.0,0.0,-1.0,0.0,1.0,0.0,0.0,0.0,0.0,0.0,0.0,0.0,0.0,0.0,0.0,0.0,0.0,0.0,0.0,0.0,0.0,0.0,0.0,0.0,0.0,4.0,5.0,-1.0,1.0,0.4,0.4,0.0,0.6,-1.0,-1.0,0.0,1.0,1.0,0.3333333333333333,0.4,2.0,1.0,2.0,1.0,3.0,0.0,66.90038268425087,-43.135869921752374,-43.135869921752374,13.139597377453356,0.0,296.79999999999995,296.79999999999995,0.0,0.0,0.0,1.0,1.0
2018-06-13,401033270,401033270|2220951|2223033,2220951,2223033,greg hardy,austen lane,1,greg hardy,KO-TKO,1,0.95,-0.7173316358309876,-2.539999999999992,1.2700000000000102,0.0,0.0,0.0,0.0,1.0,0.0,0.0,0.0,0.0,0.0,0.0,0.0,0.0,0.0,0.0,0.0,0.0,0.0,0.0,0.0,0.0,0.0,0.0,0.0,0.0,1.0,2.0,-1.0,1.0,1.0,1.0,0.0,0.0,-1.0,-1.0,0.0,1.0,1.0,1.0,1.0,1.0,1.0,0.0,1.0,1.0,0.0,35.171398827245866,-12.0,-12.0,0.0,0.0,-21.5,-21.5,1.0,1.0,0.0,1.0,1.0
2018-06-13,401033270,401033270|2984770|4065047,4065047,2984770,sean lally,chris curtis,0,chris curtis,KO-TKO,3,11.62,-3.307391664442118,5.079999999999984,-2.5400000000000205,0.0,0.0,0.0,0.0,-1.0,0.0,0.0,0.0,0.0,0.0,0.0,0.0,0.0,0.0,0.0,0.0,0.0,0.0,0.0,0.0,0.0,0.0,0.0,0.0,0.0,-3.0,-3.0,0.0,-0.16666666666666674,0.09999999999999998,0.3,-0.2,-0.09999999999999998,1.0,0.0,1.0,0.0,-0.13333333333333341,0.0,0.0,0.0,0.0,-3.0,-0.16666666666666674,-3.0,0.0,-39.99406427004351,-41.14484018407211,-46.14309167765214,-120.85053360003121,69.0,-446.8333333333333,-454.3333333333333,0.5,0.3,-1.0,1.0,1.0
2018-06-13,401033270,401033270|3943695|4339129,3943695,4339129,kevin holland,will santiago jr.,1,kevin holland,DEC-UNA,3,15.0,-9.74147313086511,12.699999999999989,,0.0,-1.0,0.0,0.0,0.0,0.0,0.0,0.0,0.0,0.0,0.0,0.0,0.0,0.0,0.0,0.0,0.0,0.0,0.0,0.0,0.0,0.0,0.0,0.0,0.0,-5.0,-2.0,-3.0,0.13492063492063489,-0.1428571428571429,-0.31746031746031744,0.1746031746031746,0.14285714285714285,-0.6,-0.6,0.0,0.33333333333333337,0.4,-0.33333333333333337,-0.19999999999999996,6.0,0.6666666666666666,-11.0,0.3571428571428571,-3.0,0.0,36.07356997236889,69.05707023871832,42.7478864923487,105.32952448081392,0.0,330.01785714285717,220.05,-0.4285714285714286,-0.5714285714285714,0.0,1.0,1.0
2018-06-13,401033270,401033270|3948876|4339131,3948876,4339131,alonzo menifield,dashawn boatwright,1,alonzo menifield,KO-TKO,1,0.13,0.3668795389364625,0.0,0.0,0.0,0.0,0.0,0.0,1.0,0.0,1.0,1.0,1.0,0.0,0.0,0.0,0.0,5.0,0.0,1.0,1.8,6.6,0.2727272727272727,0.0,6.0,0.0,0.0,0.0,0.0,10.0,11.0,-1.0,1.0,1.0,0.6363636363636364,0.36363636363636365,0.0,-1.0,-1.0,0.0,1.0,1.0,1.0,1.0,8.0,1.0,2.0,1.0,3.0,0.0,123.16070935807761,-97.41558174642114,-86.32640262791051,59.527314528018906,0.0,205.6,190.8,0.7272727272727273,0.9090909090909091,1.0,1.0,1.0
2018-06-13,401033270,401033270|4252349|4339130,4339130,4252349,montel jackson,rico disciullo,1,montel jackson,KO-TKO,3,12.25,-5.533310061123775,2.5400000000000205,2.539999999999992,0.0,0.0,1.0,0.0,1.0,0.0,0.0,0.0,0.0,0.0,0.0,0.0,0.0,0.0,0.0,0.0,0.0,0.0,0.0,0.0,0.0,0.0,0.0,0.0,0.0,-13.0,-9.0,-2.0,0.2666666666666667,0.4545454545454546,0.5454545454545454,-0.09090909090909091,-0.45454545454545453,-1.0,-0.5,-0.5,0.33333333333333337,0.4,0.0,0.33333333333333337,-6.0,-0.6666666666666666,-7.0,0.2222222222222222,-1.0,0.0,-55.96413453098921,46.82107928864525,37.4785350275406,44.96701819673058,0.0,158.33333333333331,183.5,-0.5454545454545454,-0.45454545454545453,-1.0,1.0,1.0
2018-06-20,401033277,401033277|3122837|4339144,3122837,4339144,matt sayles,yazan hajeh,1,matt sayles,KO-TKO,1,1.95,-1.464780248738851,0.0,,0.0,-1.0,0.0,0.0,0.0,0.0,0.0,0.0,0.0,0.0,0.0,0.0,0.0,0.0,0.0,0.0,0.0,0.0,0.0,0.0,0.0,0.0,0.0,0.0,0.0,-5.0,-5.0,0.0,-0.20833333333333337,0.7142857142857143,0.7142857142857143,0.0,-0.7142857142857143,-1.0,-1.0,0.0,0.0,-0.13333333333333341,1.0,1.0,-2.0,-1.0,-3.0,-0.16666666666666674,-1.0,0.0,-42.63600388167856,62.04057402455146,61.59354710553794,61.917240656744525,0.0,-1.5,-120.39999999999998,0.2142857142857143,0.2142857142857143,0.0,1.0,1.0
2018-06-20,401033277,401033277|3146345|3887606,3146345,3887606,emiliano sordi,ryan spann,0,ryan spann,SUBMISSION,1,0.43,0.5202023313278161,-7.620000000000003,-5.079999999999984,0.0,0.0,0.0,0.0,1.0,-1.0,-1.0,0.0,0.0,0.0,0.0,0.0,0.0,-0.25,0.0,-1.0,-20.0,-28.0,-0.7142857142857143,0.0,0.0,0.0,-60.0,0.0,0.0,-7.0,-10.0,3.0,-0.30163043478260865,0.05882352941176472,0.134453781512605,-0.0756302521008404,-0.058823529411764705,0.2777777777777778,0.1111111111111111,0.16666666666666666,-0.33333333333333337,-0.6,0.0,0.0,2.0,-0.55,-9.0,0.10000000000000009,-1.0,0.0,-98.24789316330839,34.71868539599063,17.504479282576085,62.49810047850656,0.0,-107.86363636363635,-45.5,-0.025210084033613467,0.03361344537815125,0.0,1.0,1.0
2018-06-20,401033277,401033277|3938715|3957071,3938715,3957071,austin springer,giga chikadze,1,austin springer,SUBMISSION,3,14.17,1.2895542002915867,-10.159999999999997,-7.620000000000003,0.0,0.0,0.0,0.0,-1.0,0.0,0.0,0.0,0.0,0.0,0.0,0.0,0.0,0.0,0.0,0.0,0.0,0.0,0.0,0.0,0.0,0.0,0.0,0.0,1.0,2.0,2.0,0.0,1.0,0.5,0.5,0.0,0.5,0.0,0.0,0.0,1.0,1.0,0.5,0.5,1.0,1.0,1.0,1.0,2.0,0.0,24.271252938687894,1509.5515577941974,1509.5515577941974,1542.2623796274454,,1133.5,1133.5,0.0,0.0,0.0,1.0,0.0
2018-06-20,401033277,401033277|4339148|4339149,4339149,4339148,dwight grant,tyler hill,1,dwight grant,KO-TKO,2,7.13,6.902263564618032,-5.0800000000000125,-7.620000000000003,0.0,0.0,0.0,0.0,1.0,0.0,0.0,0.0,0.0,0.0,0.0,0.0,0.0,0.0,0.0,0.0,0.0,0.0,0.0,0.0,0.0,0.0,0.0,0.0,0.0,0.0,2.0,-2.0,1.0,0.0,0.0,0.0,1.0,-1.0,0.0,-1.0,1.0,1.0,0.0,0.0,0.0,1.0,0.0,0.0,0.0,0.0,44.98275659415299,-34.286440855312776,-34.286440855312776,68.92740376327151,-29.0,85.0,85.0,0.0,0.0,0.0,1.0,1.0
2018-06-27,401033279,401033279|2506260|4276994,4276994,2506260,josh parisian,greg rebello,1,josh parisian,KO-TKO,1,1.52,-7.041896821974444,10.159999999999997,15.240000000000007,0.0,0.0,-1.0,0.0,1.0,0.0,-1.0,0.0,0.0,0.0,0.0,0.0,0.0,-8.07,0.0,0.0,0.0,0.0,0.0,0.0,0.0,0.0,0.0,0.0,0.0,-9.0,-8.0,-1.0,-0.4166666666666667,0.4444444444444444,0.4444444444444444,0.0,-0.4444444444444444,0.16666666666666669,0.16666666666666669,0.0,-0.3333333333333333,-0.46666666666666673,0.0,0.25,-2.0,-0.5,-7.0,-0.46666666666666673,-3.0,0.0,-74.70302819167546,2.8819977895288957,-16.599902143617783,-139.9145042754492,73.0,-10.133333333333326,72.0666666666666,-0.2222222222222222,0.6666666666666667,0.0,1.0,1.0
2018-06-27,401033279,401033279|3611366|4294510,4294510,3611366,austin tweedy,te edwards,0,te edwards,KO-TKO,1,0.47,-0.0383306980978375,0.0,,0.0,1.0,0.0,0.0,-1.0,0.0,0.0,0.0,0.0,0.0,0.0,0.0,0.0,0.0,0.0,0.0,0.0,0.0,0.0,0.0,0.0,0.0,0.0,0.0,0.0,-5.0,-6.0,1.0,-0.5416666666666667,0.0,-1.0,1.0,0.0,0.5,0.5,0.0,-0.6666666666666667,-0.6666666666666667,0.0,0.0,-2.0,-1.0,-3.0,-0.5,-4.0,0.0,-73.64122765546745,35.69058997884167,44.79472353416827,5.696332988530457,0.0,156.14285714285714,266.25,0.0,0.1428571428571429,0.0,1.0,1.0
2018-06-27,401033279,401033279|3915502|3955577,3915502,3955577,jamall emmers,julian erosa,0,julian erosa,KO-TKO,2,6.17,0.0191653490489223,-7.619999999999976,-1.2699999999999818,0.0,0.0,-1.0,0.0,0.0,0.0,0.0,0.0,0.0,0.0,0.0,0.0,0.0,0.0,0.0,0.0,0.0,0.0,0.0,0.0,0.0,0.0,0.0,0.0,0.0,12.0,12.0,0.0,0.3609022556390978,-0.19999999999999996,-0.3333333333333333,0.13333333333333333,0.2,0.5,0.25,0.25,-0.33333333333333337,0.20000000000000007,0.33333333333333337,-0.16666666666666663,1.0,1.0,11.0,-0.01666666666666672,3.0,-1.0,95.02010972686821,-81.45182328883766,-75.33773930155326,-34.7281544093571,0.0,-314.78195488721803,-443.20000000000005,0.13333333333333333,-0.06666666666666665,1.0,1.0,1.0
2018-06-27,401033279,401033279|4039866|4339152,4039866,4339152,jaimelene nievera,antonina shevchenko,0,antonina shevchenko,KO-TKO,2,8.370000000000001,0.062971861160733,-7.620000000000003,,0.0,1.0,-1.0,0.0,0.0,1.0,0.0,0.0,0.0,0.0,0.0,0.0,0.0,0.0,0.0,0.0,0.0,0.0,0.0,0.0,0.0,0.0,0.0,0.0,0.0,14.0,9.0,5.0,-0.33333333333333337,-0.4,-0.8,0.4,0.4,1.0,0.4,0.6,-0.33333333333333337,-0.19999999999999996,-1.0,-0.75,8.0,0.75,6.0,-0.4285714285714286,6.0,0.0,33.71136231177411,-59.50586121465449,-65.37553420689437,-54.95945171261974,0.0,26.91666666666663,85.0,0.1,0.3,1.0,1.0,1.0
2018-07-11,401033280,401033280|2555540|4357555,4357555,2555540,joey gomez,kevin aguilar,0,kevin aguilar,DEC-SPLT,3,15.0,-0.9719569874809189,7.620000000000003,,0.0,1.0,0.0,0.0,-1.0,0.0,0.0,0.0,0.0,0.0,0.0,0.0,0.0,0.0,0.0,0.0,0.0,0.0,0.0,0.0,0.0,0.0,0.0,0.0,0.0,-6.0,-7.0,1.0,-0.25,-0.13333333333333341,0.06666666666666665,-0.2,0.1333333333333333,0.0,0.0,0.0,-0.33333333333333337,-0.25,0.16666666666666669,0.06666666666666665,-4.0,-1.0,-2.0,0.0,-1.0,-2.0,-95.34159340871247,-34.06494114870179,-59.5652674319947,-85.367567229433,265.0,-267.16666666666663,-522.3,0.36666666666666664,0.36666666666666664,-1.0,1.0,1.0
2018-07-11,401033280,401033280|3020395|4239492,3020395,4239492,toby misech,ricky palacios,0,ricky palacios,DEC-UNA,3,15.0,-0.6735251237191733,5.0800000000000125,,0.0,-1.0,1.0,0.0,0.0,0.0,0.0,0.0,0.0,0.0,0.0,0.0,0.0,0.0,0.0,0.0,0.0,0.0,0.0,0.0,0.0,0.0,0.0,0.0,0.0,9.0,4.0,5.0,-0.2333333333333334,0.2666666666666666,0.2666666666666666,0.0,-0.26666666666666666,-0.33333333333333337,0.16666666666666666,-0.5,-0.6666666666666667,-0.20000000000000007,1.0,0.41666666666666663,0.0,0.0,9.0,-0.2333333333333334,6.0,0.0,-21.012368891674214,-13.118156655956,-14.820292153677656,18.466117347735008,0.0,128.54761904761904,302.6,0.0222222222222222,-0.06666666666666671,0.0,1.0,1.0
2018-07-11,401033280,401033280|3084125|4054622,4054622,3084125,jordan espinosa,rilley dutro,1,jordan espinosa,KO-TKO,3,14.97,-2.182111884569838,-5.0800000000000125,-2.5400000000000205,0.0,0.0,0.0,0.0,-1.0,1.0,1.0,1.0,1.0,1.0,0.0,1.0,0.0,1.38,0.0,1.0,3.6231884057971016,7.971014492753624,0.4545454545454545,0.0,21.739130434782613,0.0,0.0,0.0,1.0,19.0,13.0,5.0,0.6842105263157895,0.6923076923076923,0.15384615384615385,0.5384615384615384,0.3076923076923077,0.4,0.0,0.4,1.0,0.8,0.6666666666666666,0.75,0.0,0.0,19.0,0.6842105263157895,16.0,0.0,88.44462823803474,1516.1246639693086,1539.1206213558405,1583.1508086117487,,500.8421052631579,598.2,0.5384615384615384,0.6153846153846154,1.0,1.0,0.0
2018-07-11,401033280,401033280|4243343|4339490,4339490,4243343,jalin turner,max mustaki,1,jalin turner,DR-TKO,1,5.0,-7.526506362211407,7.620000000000003,,0.0,-1.0,1.0,0.0,1.0,0.0,0.0,0.0,0.0,0.0,0.0,0.0,0.0,0.0,0.0,0.0,0.0,0.0,0.0,0.0,0.0,0.0,0.0,0.0,0.0,11.0,9.0,2.0,0.75,1.0,0.8888888888888888,0.1111111111111111,0.0,-0.33333333333333337,-0.33333333333333337,0.0,1.0,0.8,1.0,1.0,4.0,1.0,7.0,0.625,8.0,0.0,74.07437182611739,-51.531313425964754,-60.07133349864421,40.345815700474304,0.0,-17.111111111111086,159.0,1.0,0.6666666666666666,1.0,1.0,1.0
2018-07-11,401033280,401033280|4249192|4339489,4249192,4339489,bevon lewis,alton cunningham,1,bevon lewis,KO-TKO,1,3.02,2.1246158374230824,2.539999999999992,5.079999999999984,0.0,0.0,0.0,0.0,0.0,0.0,1.0,1.0,1.0,1.0,1.0,0.0,0.0,7.779999999999999,0.0,1.0,3.856041131105399,10.154241645244216,0.379746835443038,0.0,1.9280205655527,0.0,0.0,0.0,0.0,3.0,4.0,-1.0,0.19999999999999996,-0.625,-0.625,0.0,0.625,-1.0,-1.0,0.0,0.33333333333333337,0.19999999999999996,-0.6666666666666667,-0.6,0.0,0.0,3.0,1.0,2.0,0.0,52.04696655141424,-14.570268947458771,-10.220820482049476,-4.508919696333351,0.0,313.6,258.20000000000005,-0.375,-0.375,0.0,1.0,1.0
2018-07-18,401033281,401033281|3041157|4349153,4349153,3041157,vince morales,domingo pilarte,0,domingo pilarte,SUBMISSION,2,6.87,-0.851489079173426,-12.699999999999989,-10.159999999999997,0.0,0.0,-1.0,0.0,1.0,-1.0,0.0,0.0,0.0,0.0,0.0,0.0,0.0,0.0,0.0,0.0,0.0,0.0,0.0,0.0,0.0,0.0,0.0,0.0,0.0,-5.0,-6.0,1.0,-0.30000000000000004,0.33333333333333337,0.7777777777777778,-0.4444444444444444,-0.3333333333333333,1.0,0.0,1.0,-0.33333333333333337,-0.4,0.6666666666666667,0.4,0.0,0.0,-5.0,-0.5416666666666667,-3.0,0.0,-69.11756171957313,32.44404757897564,31.396199712327643,33.059188470442905,0.0,57.30000000000001,57.19999999999999,-0.4444444444444444,-0.6666666666666666,-1.0,1.0,1.0
2018-07-18,401033281,401033281|4037324|4246307,4246307,4037324,maycee barber,jamie colleen miller,1,maycee barber,KO-TKO,3,14.25,-12.539614092007362,7.620000000000003,0.0,0.0,0.0,0.0,1.0,0.0,0.0,-1.0,-1.0,-1.0,-1.0,0.0,-1.0,0.0,-14.72,-1.0,-1.0,-3.532608695652174,-5.638586956521739,-0.6265060240963856,-3.057065217391304,-5.095108695652174,-0.6,0.0,0.0,1.0,2.0,2.0,0.0,1.0,0.0,0.0,0.0,1.0,0.0,0.0,0.0,1.0,1.0,0.0,0.0,2.0,1.0,0.0,0.0,1.0,0.0,23.144819305533247,1493.5928541278884,1493.5928541278884,1499.585699413623,,900.0,900.0,0.0,0.0,0.0,1.0,0.0
2018-07-18,401033281,401033281|4079844|4290344,4290344,4079844,austin vanderford,angelo trevino,1,austin vanderford,SUBMISSION,2,7.7,3.2225165472254744,2.539999999999992,,0.0,-1.0,0.0,-1.0,-1.0,0.0,0.0,0.0,0.0,0.0,0.0,0.0,0.0,0.0,0.0,0.0,0.0,0.0,0.0,0.0,0.0,0.0,0.0,0.0,0.0,3.0,5.0,-2.0,1.0,0.6,0.2,0.4,0.4,-1.0,0.0,-1.0,1.0,1.0,0.6666666666666666,0.6,0.0,0.0,3.0,1.0,3.0,0.0,75.92272489368497,-48.4928277926349,-48.4928277926349,23.979795281494034,0.0,375.75,375.75,0.2,0.0,1.0,1.0,1.0
2018-07-18,401033281,401033281|4349152|4359111,4349152,4359111,chibwikem onyenegecha,anthony adams,1,chibwikem onyenegecha,DEC-SPLT,3,15.0,-6.261593324982716,5.0800000000000125,,0.0,1.0,0.0,0.0,0.0,0.0,0.0,0.0,0.0,0.0,0.0,0.0,0.0,0.0,0.0,0.0,0.0,0.0,0.0,0.0,0.0,0.0,0.0,0.0,-1.0,-3.0,-3.0,0.0,-1.0,0.0,0.0,0.0,-1.0,0.0,0.0,0.0,-1.0,-1.0,0.0,0.0,0.0,0.0,-3.0,-1.0,-1.0,0.0,-39.20249873564194,-1543.6522046963921,-1543.6522046963921,-1569.6894079721933,,-1300.0,-1300.0,0.0,0.0,0.0,0.0,1.0
2018-07-18,401033281,401033281|4354318|4354319,4354318,4354319,edmen shahbazyan,antonio jones,1,edmen shahbazyan,KO-TKO,1,0.67,-12.60806176718208,5.0800000000000125,,0.0,-1.0,0.0,0.0,1.0,0.0,0.0,0.0,0.0,0.0,0.0,0.0,0.0,0.0,0.0,0.0,0.0,0.0,0.0,0.0,0.0,0.0,0.0,0.0,0.0,-7.0,-6.0,-1.0,0.125,0.5714285714285714,0.7142857142857143,-0.14285714285714285,-0.5714285714285714,-1.0,-1.0,0.0,0.33333333333333337,0.19999999999999996,1.0,0.75,0.0,0.0,-7.0,0.125,-4.0,0.0,-45.15640801362724,80.84147635361364,82.59114468664961,49.1221975410308,0.0,-652.5,-732.6,0.8571428571428572,0.8571428571428572,-1.0,1.0,1.0
2018-07-25,401033282,401033282|2953005|4355664,2953005,4355664,nick newell,alexander munoz,0,alexander munoz,DEC-UNA,3,15.0,3.950799811084416,2.5400000000000205,,0.0,1.0,1.0,-1.0,0.0,1.0,0.0,0.0,0.0,0.0,0.0,0.0,0.0,0.0,0.0,0.0,0.0,0.0,0.0,0.0,0.0,0.0,0.0,0.0,1.0,17.0,15.0,2.0,0.8823529411764706,0.8,0.13333333333333333,0.6666666666666666,0.2,0.5,0.5,0.0,0.6666666666666666,0.8,1.0,0.5,2.0,1.0,15.0,0.8666666666666667,8.0,0.0,119.02842822319985,1511.4035015707982,1520.2918004108783,1599.3111024498928,,320.3529411764706,592.0,0.8,0.8,1.0,1.0,0.0
2018-07-25,401033282,401033282|3028694|4237606,4237606,3028694,jeff hughes,josh appelt,1,jeff hughes,KO-TKO,1,4.43,-4.911805170537381,10.159999999999997,,0.0,-1.0,-1.0,0.0,0.0,0.0,0.0,0.0,0.0,0.0,0.0,0.0,0.0,0.0,0.0,0.0,0.0,0.0,0.0,0.0,0.0,0.0,0.0,0.0,0.0,-20.0,-11.0,-9.0,0.33333333333333337,-0.6904761904761905,-0.5238095238095237,-0.16666666666666666,0.6904761904761905,-0.5555555555555556,-0.3333333333333333,-0.2222222222222222,0.33333333333333337,0.4,-0.6666666666666667,-0.8,-5.0,0.4444444444444444,-15.0,0.2777777777777778,-5.0,2.0,21.646477011655634,55.14779741285315,48.92560731434742,68.22578619008004,0.0,812.7639751552795,1085.0,-0.41269841269841273,-0.4682539682539683,-1.0,1.0,1.0
2018-07-25,401033282,401033282|4081555|4354420,4354420,4081555,jimmy crute,chris birchler,1,jimmy crute,KO-TKO,1,4.38,-8.74761288732828,-2.539999999999992,,0.0,-1.0,0.0,-1.0,0.0,0.0,0.0,0.0,0.0,0.0,0.0,0.0,0.0,0.0,0.0,0.0,0.0,0.0,0.0,0.0,0.0,0.0,0.0,0.0,0.0,-3.0,-2.0,-1.0,0.25,-0.3333333333333333,0.0,-0.3333333333333333,0.33333333333333337,0.0,0.0,0.0,0.33333333333333337,0.25,0.0,-0.3333333333333333,0.0,0.0,-3.0,0.25,-1.0,0.0,-9.67950515241023,20.913234416762634,20.913234416762634,16.361720084798435,-734.0,762.25,762.25,-0.3333333333333333,-0.3333333333333333,0.0,1.0,1.0
2018-07-25,401033282,401033282|4289274|4339145,4339145,4289274,mike davis,sodiq yusuff,0,sodiq yusuff,DEC-UNA,3,15.0,0.6132911695654251,7.620000000000003,3.8100000000000014,0.0,0.0,0.0,0.0,-1.0,0.0,0.0,0.0,0.0,0.0,0.0,0.0,0.0,0.0,0.0,0.0,0.0,0.0,0.0,0.0,0.0,0.0,0.0,0.0,-1.0,-2.0,-1.0,-1.0,-0.5,0.0,0.0,0.0,-1.0,-1.0,-1.0,0.0,-0.5,-0.5,0.0,0.0,0.0,0.0,-2.0,-0.5,-2.0,0.0,-2.3727328495144775,-1541.6532455935085,-1541.6532455935085,-1559.4370573530862,,-576.0,-576.0,0.0,0.0,0.0,0.0,1.0
2018-07-25,401033282,401033282|4354421|4354422,4354421,4354422,chase hooper,canaan kawaihae,1,chase hooper,DEC-UNA,3,15.0,-2.047954441227404,2.539999999999992,7.620000000000003,0.0,0.0,0.0,0.0,0.0,0.0,0.0,0.0,0.0,0.0,0.0,0.0,0.0,0.0,0.0,0.0,0.0,0.0,0.0,0.0,0.0,0.0,0.0,0.0,0.0,-5.0,-3.0,-1.0,0.33333333333333337,-1.0,-0.25,-0.75,1.0,0.0,0.0,0.0,0.6666666666666667,0.4,-1.0,-1.0,0.0,0.0,-5.0,0.33333333333333337,-3.0,0.0,-15.923099979099106,51.30141080969338,52.98779668365182,30.86948143990162,0.0,610.6,560.75,-1.0,-1.0,-1.0,1.0,1.0
2018-08-01,401033284,401033284|3150681|4357591,3150681,4357591,jordan griffin,maurice mitchell,1,jordan griffin,SUBMISSION,1,3.95,-2.669459331813794,2.5400000000000205,,0.0,-1.0,1.0,0.0,0.0,1.0,0.0,0.0,0.0,0.0,0.0,0.0,0.0,0.0,0.0,0.0,0.0,0.0,0.0,0.0,0.0,0.0,0.0,0.0,0.0,22.0,19.0,3.0,0.7916666666666666,0.7894736842105263,0.2631578947368421,0.5263157894736842,0.21052631578947367,-0.4,0.2,-0.6,1.0,1.0,1.0,1.0,4.0,1.0,18.0,0.75,11.0,0.0,162.92138161228218,-70.19513820757265,-35.398449017332496,85.37318382165518,0.0,407.4130434782609,215.3,0.3684210526315789,0.3684210526315789,1.0,1.0,1.0
2018-08-01,401033284,401033284|3254940|4354423,4354423,3254940,roosevelt roberts,garrett gross,1,roosevelt roberts,SUBMISSION,2,7.220000000000001,-5.511406805067868,12.700000000000015,10.159999999999997,0.0,0.0,0.0,0.0,-1.0,1.0,0.0,0.0,0.0,0.0,0.0,0.0,0.0,0.0,0.0,0.0,0.0,0.0,0.0,0.0,0.0,0.0,0.0,0.0,0.0,-14.0,-5.0,-9.0,0.4285714285714286,0.16666666666666663,-0.09523809523809523,0.26190476190476186,-0.16666666666666666,-0.6666666666666666,-0.2222222222222222,-0.4444444444444444,0.33333333333333337,0.19999999999999996,0.0,0.0,-2.0,0.5,-12.0,0.4117647058823529,-4.0,0.0,39.64520439418766,-4.586654412132475,-7.657424711205977,36.43833677397288,0.0,-147.3263157894737,-12.133333333333326,0.2142857142857143,0.2142857142857143,0.0,1.0,1.0
2018-08-01,401033284,401033284|4062290|4202873,4062290,4202873,justin sumter,ian heinisch,0,ian heinisch,KO-TKO,1,3.62,-1.2649130372286912,7.620000000000003,20.319999999999997,0.0,0.0,1.0,0.0,-1.0,0.0,0.0,0.0,0.0,0.0,0.0,0.0,0.0,0.0,0.0,0.0,0.0,0.0,0.0,0.0,0.0,0.0,0.0,0.0,0.0,-12.0,-13.0,1.0,-0.625,0.3571428571428571,-0.42857142857142855,0.7857142857142857,-0.35714285714285715,0.0,1.0,-1.0,-0.6666666666666667,-0.75,0.0,0.0,-6.0,-0.75,-6.0,-0.5,-1.0,-2.0,-138.97034853353807,18.774913551520513,44.304805544735245,-94.09464975616652,0.0,-171.39583333333331,-63.73333333333329,0.5,0.5,-1.0,1.0,1.0
2018-08-01,401033284,401033284|4234510|4292650,4292650,4234510,juan adams,shawn teed,1,juan adams,KO-TKO,1,4.28,0.0766613961956785,0.0,,0.0,-1.0,0.0,0.0,1.0,-1.0,0.0,0.0,0.0,0.0,0.0,0.0,0.0,0.0,0.0,0.0,0.0,0.0,0.0,0.0,0.0,0.0,0.0,0.0,-1.0,-1.0,0.0,-1.0,0.0,0.0,0.0,0.0,0.0,-1.0,-1.0,0.0,0.0,0.0,0.0,0.0,0.0,0.0,-1.0,0.0,-1.0,0.0,9.260148571830996,-1580.7500605508274,-1580.7500605508274,-1500.0,,-479.0,-479.0,0.0,0.0,0.0,0.0,1.0
2018-08-01,401033284,401033284|4249193|4349155,4349155,4249193,mitchell sipe,don'tale mayes,0,don'tale mayes,KO-TKO,2,9.82,-4.230066325797246,-7.620000000000003,-12.700000000000015,0.0,0.0,0.0,0.0,0.0,0.0,-1.0,0.0,0.0,0.0,0.0,0.0,0.0,-14.2,-1.0,-1.0,-3.1690140845070425,-5.070422535211268,-0.625,-2.1126760563380285,-6.338028169014085,-0.3333333333333333,0.0,-1.0563380281690142,0.0,-7.0,-6.0,-1.0,-0.75,-0.5,-0.16666666666666666,-0.3333333333333333,-0.5,0.5,0.5,0.0,-0.6666666666666666,-0.8,-0.5,-0.25,-2.0,-1.0,-5.0,-0.6666666666666666,-5.0,0.0,-55.7840439729066,25.491658431066526,13.96523797969462,-33.6931749673206,0.0,-134.5,-239.20000000000005,-0.16666666666666666,-0.16666666666666666,-1.0,1.0,1.0
2018-08-08,401033283,401033283|2220951|4358020,4358020,2220951,tebaris gordon,greg hardy,0,greg hardy,KO-TKO,1,0.28,,-10.160000000000023,,0.0,1.0,0.0,0.0,0.0,0.0,-1.0,-1.0,-1.0,-1.0,-1.0,0.0,0.0,-0.95,0.0,-1.0,-6.315789473684211,-15.789473684210527,-0.4,0.0,0.0,0.0,-15.789473684210526,0.0,0.0,-2.0,-3.0,1.0,-1.0,-1.0,-1.0,0.0,0.0,1.0,1.0,0.0,-1.0,-1.0,-1.0,-1.0,-1.0,-1.0,-1.0,-1.0,-1.0,0.0,-45.958955138844885,23.585699413622933,23.585699413622933,0.0,0.0,-12.333333333333332,-12.333333333333332,-1.0,-1.0,0.0,1.0,1.0
2018-08-08,401033283,401033283|3347074|4354426,3347074,4354426,bobby moffett,jacob kilburn,1,bobby moffett,SUBMISSION,2,6.03,5.073341683949703,2.5400000000000205,5.0800000000000125,0.0,0.0,0.0,0.0,-1.0,1.0,0.0,0.0,0.0,0.0,0.0,0.0,0.0,0.0,0.0,0.0,0.0,0.0,0.0,0.0,0.0,0.0,0.0,0.0,0.0,10.0,8.0,2.0,0.02777777777777779,-0.023809523809523725,-0.26190476190476186,0.23809523809523808,0.023809523809523836,-0.5,0.5,-1.0,0.33333333333333337,0.0,0.6666666666666666,0.3333333333333333,3.0,-0.5,7.0,0.1428571428571428,2.0,1.0,57.4752670943285,15.990008536958612,10.19760419549766,78.5566386896835,0.0,-59.70833333333337,-252.59999999999997,0.42857142857142855,0.0714285714285714,0.0,1.0,1.0
2018-08-08,401033283,401033283|4070902|4354427,4354427,4070902,marty coughran,alex gilpin,0,alex gilpin,SUBMISSION,2,6.92,-2.1410432794650127,2.539999999999992,,0.0,0.0,0.0,0.0,0.0,0.0,0.0,0.0,0.0,0.0,0.0,0.0,0.0,0.0,0.0,0.0,0.0,0.0,0.0,0.0,0.0,0.0,0.0,0.0,-1.0,-14.0,-13.0,-1.0,-0.9285714285714286,-0.7692307692307693,-0.23076923076923078,-0.5384615384615384,-0.23076923076923078,0.0,0.0,0.0,-1.0,-1.0,-1.0,-0.8,-2.0,-1.0,-12.0,-0.9166666666666666,-6.0,0.0,-129.27258426905223,-1528.8286673604957,-1548.9159098520715,-1598.180114458883,,-603.9285714285714,-541.4,-0.38461538461538464,-0.46153846153846156,-1.0,0.0,1.0
2018-08-08,401033283,401033283|4245094|4354424,4245094,4354424,kennedy nzechukwu,dennis bryant,1,kennedy nzechukwu,KO-TKO,1,1.8,,12.700000000000015,,0.0,-1.0,1.0,0.0,1.0,0.0,1.0,1.0,1.0,0.0,0.0,0.0,1.0,15.0,1.0,1.0,4.4,9.4,0.4680851063829787,2.0,7.0,0.2857142857142857,0.0,1.0,1.0,1.0,1.0,0.0,1.0,1.0,1.0,0.0,0.0,0.0,0.0,0.0,1.0,1.0,1.0,1.0,0.0,0.0,1.0,1.0,1.0,0.0,11.1750287107252,1476.0768984162098,1476.0768984162098,1476.0768984162098,,426.0,426.0,0.0,1.0,0.0,1.0,0.0
2018-08-08,401033283,401033283|4294278|4354425,4294278,4354425,joe lowry,devonte smith,0,devonte smith,KO-TKO,1,2.87,3.6304646912667593,5.0800000000000125,-7.620000000000003,0.0,0.0,0.0,0.0,-1.0,0.0,0.0,0.0,0.0,0.0,0.0,0.0,0.0,0.0,0.0,0.0,0.0,0.0,0.0,0.0,0.0,0.0,0.0,0.0,-1.0,-2.0,-2.0,0.0,-1.0,-1.0,-1.0,0.0,0.0,0.0,0.0,0.0,-1.0,-1.0,-1.0,-1.0,0.0,0.0,-2.0,-1.0,-2.0,0.0,-27.560189691856976,-1559.2936912383686,-1559.2936912383686,-1571.280855059604,,-526.5,-526.5,-0.5,-0.5,0.0,0.0,1.0
2018-08-11,401074496,401074496|3054275|4371002,4371002,3054275,antonio arroyo,diego henrique da silva,1,antonio arroyo,DEC-UNA,3,15.0,-2.8583749152960003,2.539999999999992,,0.0,-1.0,0.0,0.0,0.0,-1.0,0.0,0.0,0.0,0.0,0.0,0.0,0.0,0.0,0.0,0.0,0.0,0.0,0.0,0.0,0.0,0.0,0.0,0.0,0.0,5.0,6.0,0.0,0.4,-0.125,0.0,-0.125,0.125,1.0,0.0,1.0,0.6666666666666667,0.4,-0.33333333333333337,-0.25,1.0,0.0,4.0,0.4888888888888888,5.0,0.0,56.40059043379961,-44.16282190386846,-41.122219130648546,-49.400425305688714,0.0,-318.30000000000007,-250.40000000000003,-0.125,-0.125,0.0,1.0,1.0
2018-08-11,401074496,401074496|3900464|4379257,4379257,3900464,marcos conrado jr.,augusto sakai,0,augusto sakai,KO-TKO,2,8.15,9.15282312436258,-2.539999999999992,,0.0,1.0,0.0,0.0,-1.0,0.0,0.0,0.0,0.0,0.0,0.0,0.0,0.0,0.0,0.0,0.0,0.0,0.0,0.0,0.0,0.0,0.0,0.0,0.0,0.0,-14.0,-13.0,0.0,-0.375,0.2142857142857143,0.2142857142857143,0.0,-0.21428571428571427,1.0,1.0,0.0,-0.16666666666666663,-0.09999999999999998,0.0,0.33333333333333337,-8.0,0.2222222222222222,-6.0,-1.0,-6.0,0.0,-128.02389712888566,44.628543483648855,30.063306598046438,-49.639449188946855,0.0,-231.80769230769232,-342.0,0.6428571428571428,0.6428571428571428,0.0,1.0,1.0
2018-08-11,401074496,401074496|4280789|4371000,4371000,4280789,gustavo gabriel,rogerio bontorin,0,rogerio bontorin,SUBMISSION,2,9.62,-1.932962346933888,2.539999999999992,,0.0,1.0,0.0,0.0,0.0,-1.0,0.0,0.0,0.0,0.0,0.0,0.0,0.0,0.0,0.0,0.0,0.0,0.0,0.0,0.0,0.0,0.0,0.0,0.0,-1.0,-16.0,-14.0,-1.0,-0.875,-0.9285714285714286,-0.14285714285714285,-0.7857142857142857,-0.07142857142857142,-1.0,0.0,-1.0,-0.6666666666666666,-0.8,-1.0,-1.0,-1.0,0.0,-15.0,-0.9333333333333333,-12.0,0.0,-138.92048117534705,-1544.122482027284,-1565.1733812815976,-1643.5771816269505,,-362.26666666666665,-463.6,-0.5714285714285714,-0.6428571428571429,-1.0,0.0,1.0
2018-08-11,401074496,401074496|4370999|4371004,4371004,4370999,sarah frota,maiara amanajas dos santos,1,sarah frota,KO-TKO,1,3.43,0.2409358166149893,2.539999999999992,,0.0,-1.0,0.0,0.0,0.0,1.0,0.0,0.0,0.0,0.0,0.0,0.0,0.0,0.0,0.0,0.0,0.0,0.0,0.0,0.0,0.0,0.0,0.0,0.0,0.0,-6.0,-2.0,-4.0,0.36363636363636365,0.3142857142857143,0.2571428571428572,0.05714285714285716,-0.17142857142857137,-1.0,-0.25,-0.75,0.33333333333333337,0.4,0.16666666666666663,0.26666666666666666,-2.0,0.0,-4.0,0.2222222222222222,-1.0,-1.0,30.057408155514622,18.180988933761228,4.07794525954705,-7.589723442940112,0.0,-66.70000000000005,160.8,0.45714285714285713,0.45714285714285713,0.0,1.0,1.0
2018-08-11,401074496,401074496|4371001|4371003,4371001,4371003,mayra bueno silva,mayana kellem,1,mayra bueno silva,SUBMISSION,1,1.03,-10.1247801118435,2.539999999999992,,0.0,-1.0,0.0,0.0,1.0,0.0,0.0,0.0,0.0,0.0,0.0,0.0,0.0,0.0,0.0,0.0,0.0,0.0,0.0,0.0,0.0,0.0,0.0,0.0,0.0,0.0,0.0,0.0,0.0,0.0,0.0,0.0,0.0,0.0,0.0,0.0,0.0,0.0,0.0,0.0,0.0,0.0,0.0,0.0,0.0,0.0,0.0,0.0,0.0,0.0,,0.0,0.0,0.0,0.0,0.0,0.0,0.0
2018-08-12,401074497,401074497|3091099|4081147,4081147,3091099,bruno assis,andre muniz,0,andre muniz,DEC-UNA,3,15.0,-2.2615111877725056,2.5400000000000205,0.0,0.0,0.0,-1.0,0.0,0.0,0.0,0.0,0.0,0.0,0.0,0.0,0.0,0.0,0.0,0.0,0.0,0.0,0.0,0.0,0.0,0.0,0.0,0.0,0.0,0.0,-14.0,-14.0,0.0,-0.3977272727272727,-0.5490196078431373,-0.23529411764705882,-0.3137254901960785,0.5490196078431372,-0.19999999999999996,-0.19999999999999996,0.0,-0.6666666666666667,-0.4,0.33333333333333337,-0.25,4.0,0.3333333333333333,-18.0,-0.35,-7.0,0.0,-118.90312044821644,74.63432760406886,78.51971491880317,41.75688981940425,0.0,101.42105263157896,217.8,-0.3137254901960785,-0.3137254901960785,-1.0,1.0,1.0
2018-08-12,401074497,401074497|3108776|4379279,4379279,3108776,leonardo silva de oliveira,marcio alexandre jr.,0,marcio alexandre jr.,SUBMISSION,1,1.87,-2.97336700958952,2.5400000000000205,,0.0,1.0,-1.0,0.0,0.0,0.0,0.0,0.0,0.0,0.0,0.0,0.0,0.0,0.0,0.0,0.0,0.0,0.0,0.0,0.0,0.0,0.0,0.0,0.0,-1.0,-19.0,-15.0,-4.0,-0.7894736842105263,-0.8666666666666667,-0.6,-0.26666666666666666,-0.13333333333333333,-0.5,-0.25,-0.25,-0.6666666666666666,-0.8,-1.0,-0.5,-3.0,0.0,-16.0,-0.9375,-12.0,0.0,-102.19251129811141,-1519.6484274936754,-1544.1523171095726,-1561.968219192968,,-392.57894736842104,-572.8,-0.6666666666666666,-0.8,-1.0,0.0,1.0
2018-08-12,401074497,401074497|3146944|3991049,3146944,3991049,johnny walker,henrique da silva,1,johnny walker,DEC-UNA,3,15.0,-2.576370493576185,5.0800000000000125,13.97,0.0,0.0,0.0,0.0,0.0,0.0,0.0,0.0,0.0,0.0,0.0,0.0,0.0,0.0,0.0,0.0,0.0,0.0,0.0,0.0,0.0,0.0,0.0,0.0,0.0,-15.0,-11.0,-4.0,0.050000000000000044,-0.1166666666666667,0.01666666666666672,-0.13333333333333333,0.11666666666666667,0.4,-0.4,0.8,0.33333333333333337,0.20000000000000007,0.6666666666666666,0.4166666666666667,-6.0,-0.3333333333333333,-9.0,-0.12857142857142856,-9.0,0.0,-38.08560433159232,50.40662830385736,49.10749030305101,-81.25502008830904,0.0,65.80000000000001,-243.8,-0.033333333333333326,-0.09999999999999998,-1.0,1.0,1.0
2018-08-12,401074497,401074497|3170347|4039957,3170347,4039957,taila santos,estefani almeida,1,taila santos,DEC-UNA,3,15.0,-4.67908307494336,5.079999999999984,,0.0,-1.0,0.0,0.0,1.0,0.0,0.0,0.0,0.0,0.0,0.0,0.0,0.0,0.0,0.0,0.0,0.0,0.0,0.0,0.0,0.0,0.0,0.0,0.0,0.0,6.0,8.0,-2.0,0.2222222222222222,-0.05714285714285705,-0.04761904761904767,-0.009523809523809518,0.05714285714285716,0.0,0.0,0.0,0.33333333333333337,0.19999999999999996,-0.33333333333333337,-0.4,0.0,0.0,6.0,0.2222222222222222,2.0,0.0,89.89877770791236,-10.265064132201815,-10.706252253694856,64.48390314652897,0.0,-289.4888888888889,-92.80000000000001,0.30476190476190473,0.30476190476190473,0.0,1.0,1.0
2018-08-12,401074497,401074497|4348793|4379258,4379258,4348793,marina rodriguez,maria oliveira,1,marina rodriguez,KO-TKO,1,3.05,9.623743129564602,0.0,-10.159999999999997,0.0,0.0,0.0,0.0,0.0,0.0,0.0,0.0,0.0,0.0,0.0,0.0,0.0,0.0,0.0,0.0,0.0,0.0,0.0,0.0,0.0,0.0,0.0,0.0,0.0,-12.0,-7.0,-5.0,0.3125,-0.38636363636363635,-0.2954545454545454,-0.09090909090909091,0.38636363636363635,-0.8,-0.2,-0.6,1.0,0.6,0.3333333333333333,0.25,-4.0,0.6,-8.0,0.18181818181818177,-7.0,0.0,-0.5923110467622337,46.43928809792055,33.831357282992485,58.76818687255309,0.0,265.67857142857144,186.41666666666663,-0.20454545454545453,-0.20454545454545453,-1.0,1.0,1.0
2018-08-12,401074498,401074498|3020408|4372195,4372195,3020408,raulian paiva,allan nascimento,1,raulian paiva,DEC-SPLT,3,15.0,-4.098646789461796,0.0,1.2700000000000102,0.0,0.0,0.0,0.0,0.0,0.0,0.0,0.0,0.0,0.0,0.0,0.0,0.0,0.0,0.0,0.0,0.0,0.0,0.0,0.0,0.0,0.0,0.0,0.0,0.0,-4.0,1.0,-5.0,0.20823798627002288,-0.49019607843137253,0.10784313725490195,-0.5980392156862745,0.4901960784313725,1.0,0.0,1.0,0.6666666666666667,0.6,-0.33333333333333337,0.09999999999999998,-2.0,0.0,-2.0,0.137844611528822,-6.0,0.0,61.47770058660899,-24.737411508445348,-58.259217060812944,8.957466531441241,0.0,121.33971291866021,-263.25,-0.42156862745098045,-0.3104575163398693,0.0,1.0,1.0
2018-08-12,401074498,401074498|3955778|4372295,4372295,3955778,gleidson cutis,thiago moises,0,thiago moises,KO-TKO,1,4.35,6.119222160619312,0.0,,0.0,1.0,0.0,0.0,0.0,0.0,0.0,0.0,0.0,0.0,0.0,0.0,0.0,0.0,0.0,0.0,0.0,0.0,0.0,0.0,0.0,0.0,0.0,0.0,-1.0,-15.0,-12.0,-3.0,-0.8,-0.75,-0.25,-0.5,-0.25,0.0,0.0,0.0,-1.0,-0.6,-1.0,-1.0,-4.0,-0.5,-11.0,-0.9090909090909091,-9.0,-1.0,-102.62594820956679,-1545.2289558264267,-1573.4262988750465,-1590.2833034871162,,-787.6666666666666,-880.6,-0.25,-0.3333333333333333,-1.0,0.0,1.0
2018-08-12,401074498,401074498|3971629|4030631,4030631,3971629,gisele moreira,dayana silva,1,gisele moreira,DEC-SPLT,3,15.0,9.588150338473753,-2.5400000000000205,,0.0,1.0,0.0,0.0,0.0,0.0,0.0,0.0,0.0,0.0,0.0,0.0,0.0,0.0,0.0,0.0,0.0,0.0,0.0,0.0,0.0,0.0,0.0,0.0,0.0,-8.0,-6.0,-2.0,-0.30303030303030304,-0.2857142857142857,-0.2857142857142857,0.0,0.2857142857142857,0.25,0.25,0.0,0.0,-0.26666666666666666,0.0,-0.3333333333333333,0.0,0.0,-8.0,-0.30303030303030304,-7.0,0.0,-35.20443082812835,55.45817844583053,64.73826178052445,43.21483840562155,0.0,-50.89999999999998,17.600000000000023,-0.14285714285714285,-0.14285714285714285,0.0,1.0,1.0
2018-08-12,401074498,401074498|4372190|4372194,4372190,4372194,mabelly lima,luana carolina,0,luana carolina,DEC-UNA,3,15.0,-0.6242427975933822,-10.159999999999997,,0.0,1.0,0.0,0.0,-1.0,0.0,0.0,0.0,0.0,0.0,0.0,0.0,0.0,0.0,0.0,0.0,0.0,0.0,0.0,0.0,0.0,0.0,0.0,0.0,0.0,0.0,0.0,0.0,0.0,-1.0,0.0,-1.0,1.0,0.0,0.0,0.0,0.0,0.0,-1.0,-1.0,0.0,0.0,0.0,0.0,0.0,0.0,1.5442576569921584,44.96013374567383,44.96013374567383,44.96013374567383,-910.0,,,0.0,0.0,0.0,1.0,1.0
2018-08-12,401074498,401074498|4372193|4372196,4372193,4372196,john allan,vinicius moreira,0,vinicius moreira,SUBMISSION,2,8.67,-3.98365469516828,-7.620000000000003,-2.539999999999992,0.0,0.0,0.0,0.0,1.0,-1.0,0.0,0.0,0.0,0.0,0.0,0.0,0.0,0.0,0.0,0.0,0.0,0.0,0.0,0.0,0.0,0.0,0.0,0.0,0.0,7.0,3.0,4.0,-0.1941176470588235,-0.08333333333333337,0.5555555555555556,-0.6388888888888888,0.08333333333333333,-0.19999999999999996,-1.0,0.8,-0.33333333333333337,-0.19999999999999996,0.0,-0.25,-1.0,0.0,8.0,-0.2941176470588235,7.0,0.0,-17.061496059066712,-7.464827021783094,22.50148506727578,-6.839515868475928,0.0,97.64052287581697,335.4,0.0,0.08333333333333337,0.0,1.0,1.0
2019-06-19,401128917,401128917|3009725|4076472,3009725,4076472,brendan loughnane,bill algeo,1,brendan loughnane,DEC-UNA,3,15.0,-0.4900853542509402,-7.620000000000003,-5.079999999999984,0.0,0.0,0.0,0.0,1.0,-1.0,0.0,0.0,0.0,0.0,0.0,0.0,0.0,0.0,0.0,0.0,0.0,0.0,0.0,0.0,0.0,0.0,0.0,0.0,0.0,16.0,14.0,2.0,0.11180124223602483,-0.06315789473684219,0.431578947368421,-0.49473684210526314,0.06315789473684208,-0.5,0.0,-0.5,0.33333333333333337,0.20000000000000007,0.16666666666666663,0.08333333333333337,7.0,0.5714285714285714,9.0,0.2232142857142857,6.0,0.0,95.07520508213588,-33.79405504300394,-14.558524276874095,-10.677914273312354,0.0,-160.4534161490683,-57.200000000000045,0.3684210526315789,0.32631578947368417,0.0,1.0,1.0
2019-06-19,401128917,401128917|3039935|4423213,3039935,4423213,alton meeks,yorgan de castro,0,yorgan de castro,KO-TKO,1,4.25,-6.29444820906658,5.0800000000000125,3.8100000000000014,0.0,0.0,0.0,0.0,0.0,0.0,0.0,0.0,0.0,0.0,0.0,0.0,0.0,0.0,0.0,0.0,0.0,0.0,0.0,0.0,0.0,0.0,0.0,0.0,-1.0,-1.0,-1.0,0.0,-1.0,-1.0,-1.0,0.0,0.0,0.0,0.0,0.0,-1.0,-1.0,-1.0,-1.0,0.0,0.0,-1.0,-1.0,-1.0,0.0,-12.730673423716098,-1521.1813651464156,-1521.1813651464156,-1521.1813651464156,,-156.0,-156.0,-1.0,-1.0,0.0,0.0,1.0
2019-06-19,401128917,401128917|4080575|4289255,4289255,4080575,hannah goldy,kali robbins,1,hannah goldy,DEC-UNA,3,15.0,-7.868744738084974,2.539999999999992,-6.349999999999994,0.0,0.0,0.0,0.0,0.0,0.0,0.0,0.0,0.0,0.0,0.0,0.0,0.0,0.0,0.0,0.0,0.0,0.0,0.0,0.0,0.0,0.0,0.0,0.0,0.0,0.0,0.0,0.0,0.0,0.0,0.0,0.0,0.0,0.0,0.0,0.0,0.0,0.0,0.0,0.0,0.0,0.0,0.0,0.0,0.0,0.0,0.0,0.0,0.0,0.0,,0.0,0.0,0.0,0.0,0.0,0.0,0.0
2019-06-19,401128917,401128917|4237148|4423214,4423214,4237148,punahele soriano,jamie pickett,1,punahele soriano,DEC-UNA,3,15.0,-4.232804232804234,-7.620000000000003,-19.049999999999983,0.0,0.0,1.0,0.0,-1.0,0.0,-1.0,0.0,0.0,0.0,0.0,0.0,0.0,-4.92,0.0,-1.0,-2.6422764227642275,-4.878048780487805,-0.5416666666666666,-3.048780487804878,-3.048780487804878,-1.0,0.0,-3.048780487804878,0.0,5.0,6.0,-1.0,0.5,-0.1428571428571429,-0.5714285714285714,0.42857142857142855,0.14285714285714285,0.0,0.0,0.0,0.5,0.5,-0.33333333333333337,-0.19999999999999996,2.0,1.0,3.0,0.5,4.0,0.0,77.00712927258473,-24.625981931012802,-18.265207112512826,27.25801488148727,0.0,-298.07142857142856,-259.9,-0.1428571428571429,-0.1428571428571429,1.0,1.0,1.0
2019-06-26,401128919,401128919|2511778|4329444,4329444,2511778,kyle daukaus,michael lombardo,1,kyle daukaus,DEC-UNA,3,15.0,-2.9049193344148065,7.620000000000003,10.159999999999997,0.0,0.0,1.0,0.0,0.0,0.0,0.0,0.0,0.0,0.0,0.0,0.0,0.0,0.0,0.0,0.0,0.0,0.0,0.0,0.0,0.0,0.0,0.0,0.0,-1.0,-1.0,-1.0,0.0,-1.0,-1.0,0.0,-1.0,0.0,0.0,0.0,0.0,-1.0,-1.0,-1.0,-1.0,0.0,0.0,-1.0,-1.0,-1.0,0.0,-12.602243833913235,-1517.4514065905958,-1517.4514065905958,-1517.4514065905958,,-117.0,-117.0,-1.0,-1.0,0.0,0.0,1.0
2019-06-26,401128919,401128919|2560714|4339489,2560714,4339489,tony johnson,alton cunningham,1,tony johnson,DEC-UNA,3,15.0,10.132993832864468,0.0,-7.620000000000003,0.0,0.0,0.0,1.0,-1.0,0.0,-1.0,0.0,0.0,0.0,0.0,0.0,0.0,-3.02,0.0,0.0,0.0,0.0,0.0,0.0,0.0,0.0,0.0,0.0,0.0,11.0,9.0,1.0,0.03947368421052633,-0.5333333333333333,-0.6666666666666667,0.13333333333333333,0.4666666666666667,-0.16666666666666669,-0.5,0.3333333333333333,0.33333333333333337,0.20000000000000007,-0.33333333333333337,-0.5,1.0,0.0,10.0,0.6666666666666666,11.0,0.0,88.99797707220955,15.995523203410812,28.366742880785296,174.11409483198804,0.0,135.99166666666667,95.39999999999998,-0.06666666666666665,-0.2666666666666666,1.0,1.0,1.0
2019-06-26,401128919,401128919|3120459|4423448,3120459,4423448,victor reyna,miguel baeza,0,miguel baeza,DEC-UNA,3,15.0,6.050774485444599,-7.620000000000003,-1.2699999999999818,0.0,0.0,1.0,0.0,0.0,0.0,0.0,0.0,0.0,0.0,0.0,0.0,0.0,0.0,0.0,0.0,0.0,0.0,0.0,0.0,0.0,0.0,0.0,0.0,0.0,3.0,1.0,1.0,-0.5,-0.5,-0.5,0.0,0.5,0.0,0.0,0.0,-0.6666666666666667,-0.5,0.0,-0.5,0.0,0.0,3.0,-0.5,2.0,0.0,4.294895261354668,24.158192844289943,24.158192844289943,23.148402008994935,147.0,272.5,272.5,-0.5,-0.5,0.0,1.0,1.0
2019-06-26,401128919,401128919|4010864|4392322,4010864,4392322,miles johns,richie santiago,1,miles johns,DEC-UNA,3,15.0,-1.467518155745843,0.0,2.539999999999992,0.0,0.0,-1.0,0.0,0.0,1.0,0.0,0.0,0.0,0.0,0.0,0.0,0.0,0.0,0.0,0.0,0.0,0.0,0.0,0.0,0.0,0.0,0.0,0.0,0.0,4.0,4.0,0.0,0.0,-0.8,0.2,-1.0,0.8,0.0,0.0,0.0,0.0,0.0,-1.0,-0.8,4.0,1.0,0.0,0.0,1.0,1.0,51.583701970498396,3.8424506803519307,3.8424506803519307,19.980756543280677,-378.0,842.5999999999999,842.5999999999999,-1.0,-0.8,0.0,1.0,1.0
2019-06-26,401128919,401128919|4030352|4423425,4423425,4030352,justin gonzales,zach zane,1,justin gonzales,DEC-UNA,3,15.0,-1.3689535034942537,-2.5400000000000205,7.620000000000003,0.0,0.0,-1.0,0.0,0.0,-1.0,0.0,0.0,0.0,0.0,0.0,0.0,0.0,0.0,0.0,0.0,0.0,0.0,0.0,0.0,0.0,0.0,0.0,0.0,0.0,-10.0,-2.0,-8.0,0.4,-0.6,0.04999999999999999,-0.65,0.6,-0.625,-0.25,-0.375,0.33333333333333337,0.19999999999999996,-0.6666666666666667,-0.4,0.0,0.0,-10.0,0.4,-12.0,0.0,53.180005528823585,-2.216910113200356,-4.07199615686568,27.30418528895393,0.0,466.08888888888896,373.4,-0.55,-0.4666666666666666,0.0,1.0,1.0
2019-07-10,401128920,401128920|4016050|4062290,4062290,4016050,justin sumter,maki pitolo,0,maki pitolo,KO-TKO,1,1.62,1.037666755648644,10.159999999999997,12.699999999999989,0.0,0.0,1.0,0.0,0.0,0.0,1.0,0.0,0.0,0.0,0.0,0.0,0.0,3.62,0.0,1.0,2.7624309392265194,4.419889502762431,0.625,0.0,0.0,0.0,0.0,0.0,0.0,-12.0,-12.0,0.0,-0.5647058823529412,0.23076923076923073,-0.46153846153846156,0.6923076923076923,-0.23076923076923078,0.0,0.5,-0.5,-0.6666666666666667,-0.6000000000000001,0.0,0.0,0.0,-1.0,-12.0,-0.39999999999999997,-5.0,0.0,-120.65122936578405,36.378062955541736,13.40810768633014,-90.89357718841188,0.0,-234.23076923076923,-141.5,0.5384615384615384,0.46153846153846156,-1.0,1.0,1.0
2019-07-10,401128920,401128920|4239743|4245092,4245092,4239743,jonathan pearce,jacob rosales,1,jonathan pearce,KO-TKO,3,11.83,3.238943989267405,2.539999999999992,-7.620000000000003,0.0,0.0,0.0,1.0,1.0,0.0,0.0,0.0,0.0,0.0,0.0,0.0,0.0,0.0,0.0,0.0,0.0,0.0,0.0,0.0,0.0,0.0,0.0,0.0,0.0,5.0,3.0,2.0,-0.10317460317460314,0.40909090909090906,0.3522727272727273,0.05681818181818182,-0.40909090909090906,-0.33333333333333337,-1.0,0.6666666666666666,0.33333333333333337,0.19999999999999996,0.0,0.25,-2.0,0.0,7.0,0.033333333333333326,2.0,0.0,4.160273721583508,-27.485793363480525,-27.34218691623164,36.465079997781004,0.0,107.51190476190482,180.55,-0.40909090909090906,-0.3181818181818182,0.0,1.0,1.0
2019-07-10,401128920,401128920|4423875|4423876,4423875,4423876,jesse wallace,joe solecki,0,joe solecki,SUBMISSION,1,3.82,0.7748276829777474,2.5400000000000205,-2.539999999999992,0.0,0.0,0.0,0.0,0.0,0.0,0.0,0.0,0.0,0.0,0.0,0.0,0.0,0.0,0.0,0.0,0.0,0.0,0.0,0.0,0.0,0.0,0.0,0.0,0.0,-3.0,-3.0,0.0,-0.75,-0.6666666666666666,0.0,-0.6666666666666666,-0.3333333333333333,0.0,-1.0,1.0,-0.6666666666666666,-0.75,-0.5,-0.6666666666666666,0.0,0.0,-3.0,-0.75,-2.0,0.0,-38.00294798018854,33.64633796550629,33.64633796550629,-73.93900029461133,3762.0,-283.25,-283.25,-0.6666666666666666,-0.6666666666666666,0.0,1.0,1.0
2019-07-10,401128920,401128920|4425705|4425706,4425706,4425705,hunter azure,chris ocon,1,hunter azure,DEC-UNA,3,15.0,3.928896555028509,2.539999999999992,0.0,0.0,0.0,0.0,0.0,0.0,0.0,0.0,0.0,0.0,0.0,0.0,0.0,0.0,0.0,0.0,0.0,0.0,0.0,0.0,0.0,0.0,0.0,0.0,0.0,0.0,5.0,6.0,-1.0,0.19999999999999996,-0.25,-0.09999999999999998,-0.15,0.25,0.0,0.0,0.0,0.33333333333333337,0.19999999999999996,-0.5,-0.35,6.0,1.0,-1.0,0.19999999999999996,0.0,0.0,69.42751930224404,-16.130836799328563,-1.1216674608181165,34.749965338462744,0.0,-2.2000000000000455,37.0,0.15000000000000002,-0.35,0.0,1.0,1.0
2019-07-17,401128921,401128921|3945573|4371002,3945573,4371002,stephen regman,antonio arroyo,0,antonio arroyo,SUBMISSION,2,8.52,-2.09449886034621,-10.159999999999997,8.890000000000015,0.0,0.0,0.0,0.0,1.0,0.0,-1.0,-1.0,-1.0,0.0,0.0,0.0,-1.0,-15.0,-1.0,-1.0,-2.533333333333333,-4.4,-0.5757575757575758,0.0,0.0,0.0,0.0,0.0,0.0,3.0,1.0,2.0,-0.10389610389610393,0.011111111111111183,0.3555555555555556,-0.34444444444444444,-0.0111111111111111,-0.5,0.25,-0.75,-0.33333333333333337,-0.19999999999999996,0.33333333333333337,0.19999999999999996,1.0,1.0,2.0,-0.2333333333333334,-4.0,0.0,-11.099266294084828,7.759202201525113,11.05682818511491,-38.90117887628753,0.0,266.41558441558436,33.39999999999998,-0.1777777777777778,-0.1777777777777778,0.0,1.0,1.0
2019-07-17,401128921,401128921|4025699|4255574,4255574,4025699,aaron jeffery,brendan allen,0,brendan allen,SUBMISSION,1,3.38,3.1184760809599084,0.0,-5.0800000000000125,0.0,0.0,0.0,0.0,0.0,-1.0,0.0,0.0,0.0,0.0,0.0,0.0,0.0,0.0,0.0,0.0,0.0,0.0,0.0,0.0,0.0,0.0,0.0,0.0,0.0,-11.0,-10.0,-1.0,-0.34615384615384615,0.18181818181818177,0.5454545454545454,-0.36363636363636365,-0.18181818181818182,0.0,0.0,0.0,-0.5,-0.5,0.6666666666666667,0.4,-10.0,-0.8,-1.0,-0.5,-1.0,-3.0,-111.3110938491991,-45.30184045933652,-67.3234903963737,-98.29019924902377,1077.0,-79.9230769230769,-343.6,0.36363636363636365,0.36363636363636365,-1.0,1.0,1.0
2019-07-17,401128921,401128921|4249193|4312854,4249193,4312854,don'tale mayes,ricardo prasel,1,don'tale mayes,KO-TKO,1,4.98,-1.623578855144185,-2.539999999999992,7.620000000000003,0.0,0.0,0.0,0.0,1.0,0.0,2.0,1.0,0.5,0.5,0.5,0.0,0.0,12.01,0.5,1.0,5.953372189841798,10.616153205661949,0.5607843137254902,1.2489592006661117,3.746877601998335,0.3333333333333333,0.0,0.6244796003330558,0.0,-3.0,-2.0,-1.0,0.03076923076923077,-0.375,0.04999999999999999,-0.42500000000000004,0.375,0.16666666666666669,0.16666666666666669,0.0,0.6666666666666667,0.4,0.0,-0.25,0.0,1.0,-3.0,-0.15909090909090906,-3.0,0.0,3.257439672232749,4.009708679266851,-23.885197896915997,7.04814835853972,0.0,440.2833333333334,158.75,-0.65,-0.65,0.0,1.0,1.0
2019-07-17,401128921,401128921|4424222|4424224,4424224,4424222,ode' osbourne,armando villarreal,1,ode' osbourne,SUBMISSION,1,4.65,-2.4203097941778395,0.0,16.50999999999999,0.0,0.0,0.0,0.0,0.0,0.0,0.0,0.0,0.0,0.0,0.0,0.0,0.0,0.0,0.0,0.0,0.0,0.0,0.0,0.0,0.0,0.0,0.0,0.0,0.0,0.0,-1.0,0.0,-0.09090909090909094,0.3194444444444444,0.02777777777777779,0.2916666666666667,-0.3194444444444444,0.0,0.0,0.0,0.33333333333333337,0.0,0.0,0.5,-8.0,-1.0,8.0,0.393939393939394,2.0,0.0,-12.669292381811147,-18.5475292385579,-38.16954488494844,19.2995319075078,0.0,-307.2,-504.20000000000005,0.5277777777777778,0.6527777777777778,0.0,1.0,1.0
2019-07-17,401128921,401128921|4424478|4424582,4424582,4424478,kevin syler,lance lawrence,1,kevin syler,DEC-UNA,3,15.0,-0.0903509312306205,-7.620000000000003,-1.2699999999999818,0.0,0.0,0.0,1.0,0.0,0.0,0.0,0.0,0.0,0.0,0.0,0.0,0.0,0.0,0.0,0.0,0.0,0.0,0.0,0.0,0.0,0.0,0.0,0.0,0.0,0.0,0.0,0.0,0.0,-1.0,0.0,-1.0,1.0,0.0,0.0,0.0,0.0,0.0,-1.0,-1.0,0.0,0.0,0.0,0.0,0.0,0.0,-1.1046817415817713,-32.22229163184443,-32.22229163184443,-32.22229163184443,596.0,876.0,876.0,-1.0,-1.0,0.0,1.0,1.0
2019-07-24,401128922,401128922|3900088|3939270,3939270,3900088,kamuela kirk,billy quarantillo,0,billy quarantillo,KO-TKO,3,10.37,-5.344394477641565,0.0,12.699999999999989,0.0,0.0,0.0,1.0,0.0,0.0,0.0,0.0,0.0,0.0,0.0,0.0,0.0,0.0,0.0,0.0,0.0,0.0,0.0,0.0,0.0,0.0,0.0,0.0,0.0,9.0,6.0,3.0,-0.2142857142857143,0.4,-0.32727272727272727,0.7272727272727273,-0.4,0.3333333333333333,0.3333333333333333,0.0,-0.33333333333333337,-0.19999999999999996,0.0,0.4,4.0,1.0,5.0,-0.30000000000000004,3.0,0.0,18.230860031176235,-35.20757145288212,-3.47253370850558,-9.342975351442192,0.0,-315.4,-345.2,0.709090909090909,0.8,1.0,1.0,1.0
2019-07-24,401128922,401128922|4040956|4425611,4425611,4040956,ramazan kuramagomedov,jordan williams,1,ramazan kuramagomedov,DEC-SPLT,3,15.0,-5.861858901962396,-2.539999999999992,-6.350000000000023,0.0,0.0,-1.0,0.0,-1.0,0.0,0.0,0.0,0.0,0.0,0.0,0.0,0.0,0.0,0.0,0.0,0.0,0.0,0.0,0.0,0.0,0.0,0.0,0.0,0.0,3.0,5.0,-1.0,0.33333333333333337,-0.19444444444444442,-0.5277777777777778,0.3333333333333333,0.19444444444444442,0.0,0.0,0.0,0.33333333333333337,0.4,-0.6666666666666667,-0.6,4.0,0.0,-1.0,0.5,0.0,0.0,63.933310854694355,-6.145803826371093,4.013231304602641,27.271034989808413,0.0,-150.13333333333333,67.0,0.08333333333333331,0.3055555555555556,1.0,1.0,1.0
2019-07-24,401128922,401128922|4064714|4425355,4064714,4425355,alexander poppeck,jamahal hill,0,jamahal hill,KO-TKO,2,9.48,-0.8843439632572867,-5.079999999999984,,0.0,1.0,-1.0,0.0,0.0,0.0,0.0,0.0,0.0,0.0,0.0,0.0,0.0,0.0,0.0,0.0,0.0,0.0,0.0,0.0,0.0,0.0,0.0,0.0,0.0,0.0,0.0,0.0,0.0,0.0,0.0,0.0,0.0,0.0,0.0,0.0,0.0,0.0,0.0,0.0,0.0,0.0,0.0,0.0,0.0,0.0,0.0,0.0,0.0,0.0,,0.0,0.0,0.0,0.0,0.0,0.0,0.0
2019-07-24,401128922,401128922|4407930|4426306,4407930,4426306,jj okanovich,christian lohsen,1,jj okanovich,DEC-UNA,3,15.0,4.221852604776277,-7.620000000000003,2.539999999999992,0.0,0.0,-1.0,0.0,0.0,0.0,0.0,0.0,0.0,0.0,0.0,0.0,0.0,0.0,0.0,0.0,0.0,0.0,0.0,0.0,0.0,0.0,0.0,0.0,-1.0,-9.0,-7.0,-2.0,-0.7777777777777778,-0.8571428571428571,0.0,-0.8571428571428571,-0.14285714285714285,0.0,0.0,0.0,-0.6666666666666666,-0.6,-1.0,-1.0,0.0,0.0,-9.0,-0.7777777777777778,-4.0,0.0,-49.62606422495287,-1500.9344466420825,-1499.364864073024,-1523.585699413623,,-442.1111111111111,-459.4,-0.7142857142857143,-0.8571428571428571,0.0,0.0,1.0
2019-07-24,401128922,401128922|4425604|4566991,4425604,4566991,terrance mckinney,sean woodson,0,sean woodson,KO-TKO,2,6.82,-2.2724628158004627,-10.159999999999997,-11.430000000000009,0.0,0.0,0.0,1.0,0.0,0.0,0.0,0.0,0.0,0.0,0.0,0.0,0.0,0.0,0.0,0.0,0.0,0.0,0.0,0.0,0.0,0.0,0.0,0.0,0.0,7.0,5.0,2.0,-0.2222222222222222,0.5,-0.35714285714285715,0.8571428571428571,-0.5,1.0,1.0,0.0,-0.33333333333333337,-0.4,0.5,0.5,0.0,0.0,7.0,-0.2222222222222222,3.0,0.0,21.25276561989108,-36.6762540725847,-36.20574529297096,-56.30257964896964,0.0,-472.83333333333337,-519.5,0.8571428571428571,0.3571428571428571,1.0,1.0,1.0
2019-07-31,401128923,401128923|3897220|4426312,4426312,3897220,daniel rodriguez,rico farrington,1,daniel rodriguez,DEC-UNA,3,15.0,2.4668542132966493,-7.620000000000003,-12.699999999999989,0.0,0.0,0.0,0.0,0.0,0.0,0.0,0.0,0.0,0.0,0.0,0.0,0.0,0.0,0.0,0.0,0.0,0.0,0.0,0.0,0.0,0.0,0.0,0.0,0.0,1.0,2.0,-1.0,1.0,1.0,0.5,0.5,0.0,-1.0,-1.0,0.0,1.0,1.0,1.0,1.0,0.0,0.0,1.0,1.0,1.0,0.0,34.853838401714256,-22.58820107684869,-22.58820107684869,12.608512853995308,-1786.0,109.5,109.5,0.5,0.5,1.0,1.0,1.0
2019-07-31,401128923,401128923|4043437|4426305,4043437,4426305,aalon cruz,steven nguyen,1,aalon cruz,KO-TKO,3,14.6,3.660581668343632,2.539999999999992,12.700000000000015,0.0,0.0,0.0,0.0,-1.0,0.0,0.0,0.0,0.0,0.0,0.0,0.0,0.0,0.0,0.0,0.0,0.0,0.0,0.0,0.0,0.0,0.0,0.0,0.0,0.0,7.0,6.0,1.0,0.13333333333333341,0.0,0.25,-0.25,0.0,0.0,-1.0,1.0,0.33333333333333337,0.13333333333333341,0.16666666666666663,0.25,0.0,0.0,7.0,0.13333333333333341,2.0,0.0,53.27661975217029,-13.09893718502235,2.4459106925014567,69.52314823898541,0.0,-8.266666666666652,-19.26666666666665,-0.25,-0.125,1.0,1.0,1.0
2019-07-31,401128923,401128923|4243624|4426285,4243624,4426285,tracy cortez,mariya agapova,1,tracy cortez,DEC-UNA,3,15.0,3.3238191064840485,-2.539999999999992,-7.620000000000003,0.0,0.0,-1.0,0.0,-1.0,0.0,0.0,0.0,0.0,0.0,0.0,0.0,0.0,0.0,0.0,0.0,0.0,0.0,0.0,0.0,0.0,0.0,0.0,0.0,1.0,1.0,1.0,0.0,1.0,0.0,0.0,0.0,1.0,0.0,0.0,0.0,1.0,1.0,0.0,0.0,0.0,0.0,1.0,1.0,1.0,0.0,11.975556457127595,1499.2922859686678,1499.2922859686678,1499.2922859686678,,900.0,900.0,0.0,0.0,0.0,1.0,0.0
2019-07-31,401128923,401128923|4426144|4426192,4426144,4426192,michal martinek,rodrigo nascimento,0,rodrigo nascimento,SUBMISSION,1,3.27,2.606487470653061,0.0,-3.8100000000000014,0.0,0.0,1.0,0.0,0.0,-1.0,0.0,0.0,0.0,0.0,0.0,0.0,0.0,0.0,0.0,0.0,0.0,0.0,0.0,0.0,0.0,0.0,0.0,0.0,0.0,5.0,6.0,-1.0,0.1507936507936508,-0.15384615384615385,0.4065934065934066,-0.5604395604395604,0.15384615384615385,0.5,-0.5,1.0,0.0,0.20000000000000007,0.0,-0.5,12.0,1.0,-7.0,-0.2777777777777778,-4.0,1.0,63.6799986092974,1.4792558549272599,22.75308905562588,-72.02666597510756,0.0,240.78571428571428,359.5,-0.39560439560439553,-0.5494505494505494,0.0,1.0,1.0
2019-07-31,401128923,401128923|4426299|4426301,4426299,4426301,aleksa camur,fabio cherant,1,aleksa camur,KO-TKO,2,5.8,-0.8323237301245072,0.0,0.0,0.0,0.0,-1.0,0.0,0.0,0.0,0.0,0.0,0.0,0.0,0.0,0.0,0.0,0.0,0.0,0.0,0.0,0.0,0.0,0.0,0.0,0.0,0.0,0.0,0.0,-4.0,-3.0,-1.0,0.19999999999999996,0.0,1.0,-1.0,0.0,-1.0,-1.0,0.0,0.33333333333333337,0.19999999999999996,0.0,0.0,0.0,0.0,-4.0,0.19999999999999996,-1.0,0.0,-18.141679945544183,47.21444762338251,47.21444762338251,45.249876399895584,0.0,104.0,104.0,-0.75,0.25,0.0,1.0,1.0
2019-08-07,401128924,401128924|3089633|3121961,3121961,3089633,darrick minner,herbert burns,0,herbert burns,SUBMISSION,1,2.48,-2.2341321177026217,-5.079999999999984,-10.159999999999997,0.0,0.0,0.0,0.0,0.0,0.0,0.0,0.0,0.0,0.0,0.0,0.0,0.0,0.0,0.0,0.0,0.0,0.0,0.0,0.0,0.0,0.0,0.0,0.0,0.0,31.0,18.0,13.0,-0.18888888888888888,-0.09090909090909094,0.045454545454545456,-0.13636363636363635,0.09090909090909091,0.8571428571428571,0.21428571428571427,0.6428571428571429,-0.3333333333333333,-0.4,0.0,0.0,8.0,0.0,23.0,-0.014285714285714346,5.0,0.0,4.608961123816471,-26.915581634636737,-15.074387212673173,-16.818479609706174,0.0,2.3666666666666742,41.19999999999999,-0.18181818181818177,-0.18181818181818177,1.0,1.0,1.0
2019-08-07,401128924,401128924|3091099|4565642,3091099,4565642,andre muniz,taylor johnson,1,andre muniz,SUBMISSION,1,1.77,0.7255453568519563,2.539999999999992,10.159999999999997,0.0,0.0,1.0,-1.0,0.0,0.0,1.0,1.0,1.0,0.0,0.0,0.0,1.0,15.0,1.0,1.0,3.2,5.066666666666666,0.631578947368421,3.0,9.0,0.3333333333333333,0.0,0.0,0.0,13.0,9.0,4.0,-0.11739130434782608,-0.11111111111111116,-0.7777777777777778,0.6666666666666666,0.1111111111111111,0.0,1.0,-1.0,0.33333333333333337,0.0,-0.33333333333333337,-0.25,-6.0,-1.0,19.0,0.3571428571428571,8.0,0.0,47.124167757957366,6.527237953444683,3.6761981331392235,64.53571289554202,0.0,166.00000000000003,109.60000000000001,-0.2222222222222222,-0.33333333333333337,1.0,1.0,1.0
2019-08-07,401128924,401128924|4062287|4565645,4565645,4062287,dwight joseph,jay perrin,1,dwight joseph,DEC-UNA,3,15.0,3.8303319027769223,0.0,-2.5400000000000205,0.0,0.0,0.0,0.0,0.0,0.0,0.0,0.0,0.0,0.0,0.0,0.0,0.0,0.0,0.0,0.0,0.0,0.0,0.0,0.0,0.0,0.0,0.0,0.0,0.0,-1.0,3.0,-5.0,0.27472527472527475,-0.07954545454545459,0.022727272727272707,-0.10227272727272729,0.07954545454545453,-0.3333333333333333,0.0,-0.3333333333333333,0.33333333333333337,0.0,0.6666666666666666,0.25,-2.0,1.0,1.0,0.018181818181818188,1.0,0.0,63.88623379556111,-32.46461468022858,-68.3281819660956,-27.602261713321695,0.0,-205.3461538461538,-539.2,0.23863636363636365,0.20454545454545453,0.0,1.0,1.0
2019-08-07,401128924,401128924|4234751|4350860,4234751,4350860,lucrezia ria,marilia santos,1,lucrezia ria,DEC-SPLT,3,15.0,0.4627062841810563,12.699999999999989,-2.539999999999992,0.0,0.0,0.0,0.0,0.0,0.0,0.0,0.0,0.0,0.0,0.0,0.0,0.0,0.0,0.0,0.0,0.0,0.0,0.0,0.0,0.0,0.0,0.0,0.0,1.0,2.0,1.0,1.0,0.5,1.0,0.0,1.0,0.0,1.0,1.0,0.0,0.5,0.5,1.0,1.0,0.0,0.0,2.0,0.5,2.0,0.0,2.229579634668198,1526.6557642333128,1526.6557642333128,1553.3115284666255,,154.0,154.0,1.0,1.0,0.0,1.0,0.0
2019-08-07,401128924,401128924|4372245|4409396,4372245,4409396,omar morales,harvey park,1,omar morales,KO-TKO,2,6.1,0.4271134930902107,-2.539999999999992,6.349999999999994,0.0,0.0,0.0,0.0,1.0,0.0,0.0,0.0,0.0,0.0,0.0,0.0,0.0,0.0,0.0,0.0,0.0,0.0,0.0,0.0,0.0,0.0,0.0,0.0,0.0,-1.0,3.0,-4.0,0.4,0.2222222222222222,-0.3333333333333333,0.5555555555555556,-0.2222222222222222,-0.5,-0.5,0.0,0.33333333333333337,0.19999999999999996,0.0,-0.19999999999999996,-6.0,0.25,5.0,1.0,5.0,-1.0,50.732190152819385,-63.09438656127145,-85.9470190348161,-60.11876245324788,0.0,-263.68571428571425,108.30000000000001,0.11111111111111116,0.0,1.0,1.0,1.0
2019-08-14,401128925,401128925|3115959|4065617,3115959,4065617,sarah alpar,shanna young,1,sarah alpar,SUBMISSION,2,7.92,-0.2765286077058384,-7.620000000000003,-10.159999999999997,0.0,0.0,1.0,0.0,0.0,0.0,0.0,0.0,0.0,0.0,0.0,0.0,0.0,0.0,0.0,0.0,0.0,0.0,0.0,0.0,0.0,0.0,0.0,0.0,0.0,-3.0,-3.0,0.0,-0.15000000000000002,-0.3333333333333333,-0.16666666666666666,-0.16666666666666669,0.3333333333333333,0.0,0.0,0.0,0.33333333333333337,0.0,-0.6666666666666667,-0.3333333333333333,2.0,1.0,-5.0,-0.4166666666666667,-1.0,1.0,-17.88797270305281,52.892899421115544,48.95801522466036,52.38686259470046,0.0,219.22500000000002,245.80000000000007,-0.16666666666666666,-0.16666666666666666,-1.0,1.0,1.0
2019-08-14,401128925,401128925|3119811|4084453,4084453,3119811,tony gravely,ray rodriguez,1,tony gravely,KO-TKO,3,12.27,-3.8002149257000495,-5.0800000000000125,-2.5400000000000205,0.0,0.0,0.0,0.0,0.0,0.0,0.0,0.0,0.0,0.0,0.0,0.0,0.0,0.0,0.0,0.0,0.0,0.0,0.0,0.0,0.0,0.0,0.0,0.0,0.0,1.0,5.0,-4.0,0.17500000000000004,-0.04999999999999993,0.2,-0.25,0.04999999999999999,0.13333333333333341,-0.3333333333333333,0.46666666666666673,0.33333333333333337,0.6,0.0,0.0,-1.0,0.5,2.0,0.12272727272727268,1.0,0.0,73.28929453803562,0.03559743348432676,-80.99536068311363,-29.288055211711026,0.0,118.0434782608695,433.79999999999995,-0.18333333333333332,-0.2333333333333333,0.0,1.0,1.0
2019-08-14,401128925,401128925|4044409|4565646,4565646,4044409,devin smyth,brok weaver,0,brok weaver,DEC-UNA,3,15.0,-3.6249888772527834,-5.079999999999984,0.0,0.0,0.0,-1.0,1.0,0.0,0.0,0.0,0.0,0.0,0.0,0.0,0.0,0.0,0.0,0.0,0.0,0.0,0.0,0.0,0.0,0.0,0.0,0.0,0.0,-1.0,-3.0,-1.0,-2.0,-0.3333333333333333,0.0,0.0,0.0,-1.0,-0.5,-0.5,0.0,-0.3333333333333333,-0.3333333333333333,0.0,0.0,0.0,0.0,-3.0,-0.3333333333333333,-3.0,0.0,10.415697195966459,-1505.0080317851105,-1505.0080317851105,-1427.8635188541223,,-707.0,-707.0,0.0,0.0,0.0,0.0,1.0
2019-08-14,401128925,401128925|4245681|4248475,4245681,4248475,karl reed,julius anglickas,0,julius anglickas,SUBMISSION,3,13.42,,5.0800000000000125,2.539999999999992,0.0,0.0,0.0,0.0,0.0,0.0,1.0,0.0,0.0,0.0,0.0,0.0,0.0,15.0,1.0,1.0,2.2,5.2,0.4230769230769231,0.0,4.0,0.0,0.0,0.0,0.0,-8.0,-8.0,0.0,-0.4,-1.0,-0.3333333333333333,-0.6666666666666666,1.0,0.0,0.0,0.0,-0.5,-0.5,-1.0,-1.0,-4.0,-1.0,-4.0,-0.33333333333333337,-4.0,-1.0,-83.85077190042489,38.628589994350705,40.18625697290349,-23.726733173866478,0.0,322.6,414.1,-0.3333333333333333,-0.3333333333333333,-1.0,1.0,1.0
2019-08-14,401128925,401128925|4255766|4379326,4379326,4255766,herdem alacabek,william knight,0,william knight,KO-TKO,3,14.57,-3.175972128106668,10.159999999999997,5.0800000000000125,0.0,0.0,0.0,0.0,0.0,0.0,0.0,0.0,0.0,0.0,0.0,0.0,0.0,0.0,0.0,0.0,0.0,0.0,0.0,0.0,0.0,0.0,0.0,0.0,0.0,-3.0,-2.0,-1.0,0.25,0.0,-0.6666666666666666,0.6666666666666667,0.0,-1.0,-1.0,0.0,0.0,0.25,0.0,0.0,1.0,1.0,-4.0,-0.75,-2.0,0.0,-12.44602828250072,20.276958875151422,20.276958875151422,2.5926632988594065,596.0,-20.25,-20.25,0.33333333333333337,0.33333333333333337,-1.0,1.0,1.0
2019-08-21,401128926,401128926|3023804|4573548,3023804,4573548,steve garcia,desmond torres,1,steve garcia,KO-TKO,1,4.58,4.627062841810577,15.240000000000007,15.240000000000007,0.0,0.0,1.0,0.0,1.0,0.0,0.0,0.0,0.0,0.0,0.0,0.0,0.0,0.0,0.0,0.0,0.0,0.0,0.0,0.0,0.0,0.0,0.0,0.0,0.0,20.0,15.0,5.0,0.2272727272727273,-0.375,-0.375,0.0,0.375,-0.8333333333333334,-1.0,0.16666666666666666,0.5,0.09999999999999998,-0.33333333333333337,-0.33333333333333337,14.0,0.7142857142857143,6.0,0.25,4.0,0.0,92.15827477888797,-13.80193363159674,2.138605170115625,56.414249258321206,0.0,161.63333333333333,63.75,0.375,0.375,0.0,1.0,1.0
2019-08-21,401128926,401128926|3924096|4423215,4423215,3924096,leon shahbazyan,phil rowe,0,phil rowe,KO-TKO,3,10.27,-5.336180756620603,2.539999999999992,-15.240000000000007,0.0,0.0,0.0,0.0,0.0,0.0,0.0,0.0,0.0,0.0,0.0,0.0,0.0,0.0,0.0,0.0,0.0,0.0,0.0,0.0,0.0,0.0,0.0,0.0,1.0,1.0,0.0,1.0,0.0,0.0,0.0,0.0,0.0,1.0,1.0,0.0,0.0,0.0,0.0,0.0,0.0,0.0,1.0,0.0,1.0,0.0,-11.357638143327904,1518.6160755718158,1518.6160755718158,1500.0,,203.0,203.0,0.0,0.0,0.0,1.0,0.0
2019-08-21,401128926,401128926|4141265|4565668,4565668,4141265,micol disegni,mallory martin,0,mallory martin,DEC-UNA,3,15.0,6.086367276535452,-2.539999999999992,-6.350000000000023,0.0,0.0,0.0,0.0,0.0,0.0,0.0,0.0,0.0,0.0,0.0,0.0,0.0,0.0,0.0,0.0,0.0,0.0,0.0,0.0,0.0,0.0,0.0,0.0,0.0,2.0,2.0,0.0,0.06060606060606066,-0.16666666666666663,-0.08333333333333331,-0.08333333333333331,0.16666666666666669,0.3333333333333333,0.3333333333333333,0.0,-0.6666666666666667,-0.4,0.33333333333333337,-0.46666666666666673,-2.0,0.5,4.0,-0.13333333333333341,4.0,0.0,11.93026694924788,-0.5846123702488057,6.91626102395594,-19.037617917008674,0.0,-169.16161616161617,-47.60000000000002,0.375,0.375,0.0,1.0,1.0
2019-08-21,401128926,401128926|4303035|4569668,4303035,4569668,phil caracappa,ricky steele,0,ricky steele,DEC-SPLT,3,15.0,-4.027461207280098,-2.539999999999992,-10.159999999999997,0.0,0.0,0.0,0.0,0.0,0.0,0.0,0.0,0.0,0.0,0.0,0.0,0.0,0.0,0.0,0.0,0.0,0.0,0.0,0.0,0.0,0.0,0.0,0.0,0.0,3.0,2.0,1.0,-0.11111111111111116,0.25,0.25,0.0,-0.25,0.0,0.0,0.0,-0.33333333333333337,-0.19999999999999996,0.5,0.25,0.0,0.0,3.0,-0.11111111111111116,-1.0,0.0,4.3659998323628315,-8.090908835479695,7.409369214002027,-30.15701500259138,0.0,-60.22222222222217,-53.60000000000002,0.0,0.0,0.0,1.0,1.0
2019-08-21,401128926,401128926|4565641|4570799,4565641,4570799,jamal pogues,marcos brigagão,1,jamal pogues,DEC-UNA,3,15.0,0.3340246548525982,0.0,2.5400000000000205,0.0,0.0,-1.0,0.0,1.0,0.0,0.0,0.0,0.0,0.0,0.0,0.0,0.0,0.0,0.0,0.0,0.0,0.0,0.0,0.0,0.0,0.0,0.0,0.0,0.0,-2.0,-4.0,2.0,-0.21666666666666667,-0.2857142857142857,-0.1558441558441559,-0.12987012987012986,0.2857142857142857,1.0,0.3333333333333333,0.6666666666666666,0.33333333333333337,-0.20000000000000007,-0.33333333333333337,-0.33333333333333337,2.0,0.0,-4.0,-0.04166666666666663,-4.0,0.0,-47.52141493416502,17.23285523660911,36.31099375636086,55.97220453234763,0.0,129.54761904761904,508.6,-0.012987012987012991,-0.3896103896103897,0.0,1.0,1.0
2019-08-28,401128918,401128918|4033520|4421517,4033520,4421517,teddy ash,duško todorović,0,duško todorović,DEC-UNA,3,15.0,4.391602839209565,0.0,-2.5400000000000205,0.0,0.0,0.0,1.0,0.0,0.0,0.0,0.0,0.0,0.0,0.0,0.0,0.0,0.0,0.0,0.0,0.0,0.0,0.0,0.0,0.0,0.0,0.0,0.0,1.0,5.0,4.0,1.0,0.8,0.75,0.5,0.25,0.25,1.0,1.0,0.0,0.6666666666666666,0.8,1.0,0.75,0.0,0.0,5.0,0.8,2.0,0.0,39.032285009943735,1536.410973087597,1536.410973087597,1572.8099756614884,,917.8,917.8,0.25,0.25,1.0,1.0,0.0
2019-08-28,401128918,401128918|4063667|4569669,4063667,4569669,tj brown,dylan lockard,1,tj brown,SUBMISSION,3,12.98,1.993196301087636,0.0,0.0,0.0,0.0,0.0,1.0,0.0,0.0,0.0,0.0,0.0,0.0,0.0,0.0,0.0,0.0,0.0,0.0,0.0,0.0,0.0,0.0,0.0,0.0,0.0,0.0,-1.0,-2.0,-1.0,-1.0,-0.5,0.0,0.0,0.0,-1.0,0.0,0.0,0.0,-0.5,-0.5,0.0,0.0,0.0,0.0,-2.0,-0.5,-1.0,0.0,-0.901763937949454,-1506.9346456870244,-1506.9346456870244,-1524.7866583204311,,-900.0,-900.0,0.0,0.0,0.0,0.0,1.0
2019-08-28,401128918,401128918|4388465|4573209,4573209,4388465,sanghoon yoo,peter barrett,0,peter barrett,DEC-UNA,3,15.0,-3.441549107784549,5.079999999999984,2.5400000000000205,0.0,0.0,-1.0,0.0,-1.0,0.0,0.0,0.0,0.0,0.0,0.0,0.0,0.0,0.0,0.0,0.0,0.0,0.0,0.0,0.0,0.0,0.0,0.0,0.0,0.0,0.0,0.0,0.0,0.0,0.0,0.0,0.0,0.0,0.0,0.0,0.0,0.0,0.0,0.0,0.0,0.0,0.0,0.0,0.0,0.0,0.0,0.0,0.0,0.0,0.0,,0.0,0.0,0.0,0.0,0.0,0.0,0.0
2019-08-28,401128918,401128918|4573207|4573208,4573207,4573208,kailan hill,impa kasanganay,0,impa kasanganay,DEC-UNA,3,15.0,-0.8706544282223447,5.079999999999984,5.0800000000000125,0.0,0.0,1.0,0.0,0.0,0.0,0.0,0.0,0.0,0.0,0.0,0.0,0.0,0.0,0.0,0.0,0.0,0.0,0.0,0.0,0.0,0.0,0.0,0.0,0.0,-2.0,-3.0,1.0,-0.19999999999999996,0.2142857142857143,0.35714285714285715,-0.14285714285714285,-0.2142857142857143,0.0,0.0,0.0,-0.33333333333333337,-0.19999999999999996,0.0,0.09999999999999998,2.0,0.0,-4.0,-1.0,-3.0,0.0,-39.9120635466968,25.484628079759887,24.835239838142797,-13.457783523778517,0.0,-111.17142857142858,-26.200000000000045,0.2142857142857143,0.2142857142857143,-1.0,1.0,1.0
2020-08-05,401221629,401221629|2594871|4010873,4010873,2594871,ty flores,dustin jacoby,0,dustin jacoby,DEC-UNA,3,15.0,-5.716749830592001,0.0,-7.620000000000003,0.0,0.0,0.0,1.0,-1.0,0.0,0.0,0.0,0.0,0.0,0.0,0.0,0.0,0.0,0.0,0.0,0.0,0.0,0.0,0.0,0.0,0.0,0.0,0.0,0.0,-8.0,-4.0,-4.0,0.09569377990430628,-0.125,-0.5416666666666666,0.4166666666666667,0.125,-0.04761904761904767,0.38095238095238093,-0.42857142857142855,0.0,0.4,0.5,0.75,-4.0,1.0,-4.0,-0.2564102564102565,-7.0,0.0,-0.6364814155044769,-26.99259732337441,-32.25830027135362,-39.57288879884027,0.0,75.6951871657754,-59.89999999999998,-0.5416666666666666,-0.04166666666666663,0.0,1.0,1.0
2020-08-05,401221629,401221629|3926497|4686565,4686565,3926497,jordan leavitt,jose flores,1,jordan leavitt,SUBMISSION,1,4.25,-7.208909149400743,-7.620000000000003,-5.079999999999984,0.0,0.0,0.0,0.0,0.0,0.0,-1.0,0.0,0.0,0.0,0.0,0.0,0.0,-8.53,0.0,-1.0,-2.1101992966002348,-4.572098475967176,-0.4615384615384615,0.0,-1.758499413833529,0.0,0.0,-1.758499413833529,0.0,4.0,5.0,-1.0,0.25,-0.25,-1.0,0.75,0.25,-1.0,0.0,-1.0,0.33333333333333337,0.25,0.0,-0.19999999999999996,0.0,0.0,4.0,0.5,3.0,0.0,66.59882422529927,7.910301719623476,17.953295959862544,7.374007057514291,0.0,87.375,56.80000000000001,-0.29166666666666663,0.2916666666666667,0.0,1.0,1.0
2020-08-05,401221629,401221629|4222369|4685888,4222369,4685888,jerome rivera,ronaldo rodríguez,1,jerome rivera,DEC-UNA,3,15.0,4.041150742315036,10.160000000000023,16.50999999999999,0.0,0.0,1.0,0.0,0.0,1.0,0.0,0.0,0.0,0.0,0.0,0.0,0.0,0.0,0.0,0.0,0.0,0.0,0.0,0.0,0.0,0.0,0.0,0.0,0.0,-2.0,-4.0,2.0,-0.2333333333333334,-0.30000000000000004,-0.5,0.2,0.4,1.0,0.5,0.5,0.33333333333333337,-0.20000000000000007,-0.33333333333333337,-0.08333333333333337,8.0,0.5,-10.0,0.16666666666666663,-4.0,1.0,-46.7084475536069,33.15628320869905,20.876701836695474,-5.958073485453042,0.0,33.23333333333335,-337.2,-0.2,-0.33333333333333337,-1.0,1.0,1.0
2020-08-05,401221629,401221629|4685870|4686567,4685870,4686567,uros medic,mikey gonzalez,1,uros medic,KO-TKO,1,2.2,-7.6989945036516865,5.079999999999984,-7.620000000000003,0.0,0.0,1.0,0.0,0.0,0.0,0.0,0.0,0.0,0.0,0.0,0.0,0.0,0.0,0.0,0.0,0.0,0.0,0.0,0.0,0.0,0.0,0.0,0.0,-1.0,-2.0,-1.0,-1.0,-0.5,-1.0,-1.0,0.0,0.0,0.0,0.0,0.0,-0.5,-0.5,-1.0,-1.0,0.0,0.0,-2.0,-0.5,-1.0,0.0,1.27793069601762,-1475.575905509267,-1475.575905509267,-1434.7707055120218,,-493.5,-493.5,-1.0,-1.0,0.0,0.0,1.0
2020-08-12,401221630,401221630|2990078|4422029,2990078,4422029,daniel swain,tj laramie,0,tj laramie,DR-TKO,1,5.0,6.707872167121845,7.620000000000003,10.160000000000023,0.0,0.0,0.0,0.0,0.0,1.0,0.0,0.0,0.0,0.0,0.0,0.0,0.0,0.0,0.0,0.0,0.0,0.0,0.0,0.0,0.0,0.0,0.0,0.0,1.0,8.0,4.0,4.0,0.5,1.0,0.25,0.75,0.0,0.75,0.5,0.25,0.6666666666666666,0.6,1.0,1.0,3.0,0.6666666666666666,5.0,0.4,7.0,0.0,22.183474205233097,1582.8643344157263,1604.561038724872,1616.0332275780013,,350.375,259.4,0.75,0.75,1.0,1.0,0.0
2020-08-12,401221630,401221630|3998248|4403536,4403536,3998248,brady huang,adrian yanez,0,adrian yanez,KO-TKO,1,0.65,0.952791638432,5.079999999999984,-2.5400000000000205,0.0,0.0,0.0,0.0,-1.0,0.0,0.0,0.0,0.0,0.0,0.0,0.0,0.0,0.0,0.0,0.0,0.0,0.0,0.0,0.0,0.0,0.0,0.0,0.0,0.0,-17.0,-13.0,-4.0,-0.08333333333333337,0.4,0.033333333333333326,0.3666666666666667,-0.4,1.0,1.0,0.0,-0.33333333333333337,-0.33333333333333337,0.6666666666666667,0.4,-12.0,-0.6666666666666666,-5.0,-0.20833333333333337,-3.0,-1.0,-86.65961879243764,-4.594847768985801,6.21364204679071,-73.87256949359994,0.0,-609.3333333333334,-401.1333333333333,0.6666666666666667,0.5333333333333333,0.0,1.0,1.0
2020-08-12,401221630,401221630|4359111|4573208,4359111,4573208,anthony adams,impa kasanganay,0,impa kasanganay,DEC-UNA,3,15.0,6.012443787346765,5.079999999999984,5.0800000000000125,0.0,0.0,0.0,0.0,0.0,0.0,0.0,-1.0,-1.0,0.0,0.0,0.0,-1.0,0.0,0.0,0.0,0.0,0.0,0.0,0.0,0.0,0.0,0.0,0.0,0.0,-2.0,-3.0,1.0,-0.16666666666666663,0.15000000000000002,0.275,-0.125,-0.15000000000000002,0.0,0.0,0.0,-0.33333333333333337,-0.19999999999999996,1.0,0.3,0.0,0.0,-2.0,-0.25,-2.0,0.0,-35.18774542705751,45.67818201911632,49.30714607047821,5.379379876035273,0.0,184.54166666666663,154.79999999999995,0.15000000000000002,0.15000000000000002,-1.0,1.0,1.0
2020-08-12,401221630,401221630|4565671|4683395,4565671,4683395,cory mckenna,vanessa demopoulos,1,cory mckenna,DEC-UNA,3,15.0,-10.798305235562673,2.5400000000000205,-1.2700000000000102,0.0,0.0,0.0,0.0,0.0,-1.0,0.0,0.0,0.0,0.0,0.0,0.0,0.0,0.0,0.0,0.0,0.0,0.0,0.0,0.0,0.0,0.0,0.0,0.0,0.0,-1.0,0.0,-1.0,0.06818181818181823,0.11111111111111105,0.4444444444444444,-0.33333333333333337,-0.1111111111111111,0.0,0.0,0.0,0.33333333333333337,0.19999999999999996,-0.33333333333333337,0.30000000000000004,0.0,0.0,-1.0,0.5,-1.0,-1.0,8.12946119952926,-5.662503488666289,-25.43424904624885,22.79048136817073,0.0,-182.030303030303,-552.0,0.1111111111111111,0.3333333333333333,1.0,1.0,1.0
2020-08-12,401221630,401221630|4684135|4685871,4685871,4684135,dustin stoltzfus,joe pyfer,1,dustin stoltzfus,KO-TKO,1,4.35,4.840619588355679,-5.0800000000000125,0.0,0.0,0.0,0.0,0.0,0.0,0.0,0.0,0.0,0.0,0.0,0.0,0.0,0.0,0.0,0.0,0.0,0.0,0.0,0.0,0.0,0.0,0.0,0.0,0.0,0.0,-2.0,-1.0,-1.0,0.33333333333333337,0.0,0.0,0.0,0.0,-1.0,0.0,-1.0,0.33333333333333337,0.33333333333333337,0.0,0.0,0.0,0.0,-2.0,0.33333333333333337,0.0,0.0,5.17328628116752,136.56116037109746,136.56116037109746,114.27489668065323,237.0,135.33333333333331,135.33333333333331,-0.5,0.0,0.0,1.0,1.0
2020-08-19,401221631,401221631|3120459|4685887,4685887,3120459,louis cosce,victor reyna,1,louis cosce,KO-TKO,1,1.2,-9.059734286124971,-5.0800000000000125,-7.620000000000003,0.0,0.0,-1.0,0.0,-1.0,0.0,-1.0,0.0,0.0,0.0,0.0,0.0,0.0,-15.0,-1.0,-1.0,-4.066666666666666,-6.866666666666666,-0.5922330097087378,0.0,-2.0,0.0,-2.0,-2.0,-1.0,-5.0,-3.0,-1.0,-0.6,-0.3333333333333333,-0.3333333333333333,0.0,-0.6666666666666666,0.0,0.0,0.0,-0.6666666666666666,-0.6,-0.5,-0.3333333333333333,0.0,0.0,-5.0,-0.6,-3.0,0.0,-29.229544728976634,-1540.287675545739,-1540.287675545739,-1543.3909738682903,,-566.8,-566.8,-0.3333333333333333,-0.3333333333333333,0.0,0.0,1.0
2020-08-19,401221631,401221631|4276994|4684127,4684127,4276994,chad johnson,josh parisian,0,josh parisian,KO-TKO,1,3.72,2.9350363114916758,-5.079999999999984,2.539999999999992,0.0,0.0,0.0,0.0,-1.0,0.0,-1.0,-1.0,-1.0,-1.0,-1.0,0.0,0.0,-1.52,0.0,-1.0,-5.2631578947368425,-11.842105263157894,-0.4444444444444444,0.0,0.0,0.0,-9.86842105263158,0.0,0.0,3.0,4.0,-1.0,0.2777777777777778,0.0,0.0,0.0,0.0,0.33333333333333337,0.6666666666666667,-0.3333333333333333,0.0,0.0,0.0,0.0,2.0,1.0,1.0,0.2142857142857143,-2.0,0.0,42.54473119407248,-25.847541706562424,-15.763218467798879,3.443006634047606,0.0,-273.44444444444446,-103.60000000000002,0.5238095238095237,0.19047619047619047,0.0,1.0,1.0
2020-08-19,401221631,401221631|4424582|4683705,4424582,4683705,kevin syler,kenneth cross,0,kenneth cross,DEC-UNA,3,15.0,1.1827758270190358,-7.620000000000003,-1.2699999999999818,0.0,0.0,-1.0,1.0,0.0,0.0,1.0,1.0,1.0,0.0,0.0,0.0,1.0,15.0,1.0,1.0,9.8,13.0,0.7538461538461538,1.0,2.0,0.5,0.0,2.0,0.0,-11.0,-9.0,-2.0,-0.11904761904761907,-0.40909090909090906,-0.36363636363636365,-0.045454545454545414,0.40909090909090906,-1.0,0.0,-1.0,-0.33333333333333337,-0.33333333333333337,-0.16666666666666663,-0.30000000000000004,0.0,0.0,-11.0,-0.11904761904761907,-2.0,0.0,-71.27780690339955,24.765170840781366,2.1046267741523934,-62.30359237696666,0.0,537.9047619047619,518.7333333333333,-0.9090909090909091,-0.9090909090909091,-1.0,1.0,1.0
2020-08-19,401221631,401221631|4683396|4686737,4683396,4686737,cheyanne vlismas,hilarie rose,1,cheyanne vlismas,DEC-UNA,3,15.0,-2.6174390986810145,0.0,0.0,0.0,0.0,0.0,1.0,0.0,0.0,0.0,0.0,0.0,0.0,0.0,0.0,0.0,0.0,0.0,0.0,0.0,0.0,0.0,0.0,0.0,0.0,0.0,0.0,0.0,-3.0,-2.0,-1.0,0.0,-0.75,-0.25,-0.5,0.75,-0.5,-0.5,0.0,0.0,-0.13333333333333341,-0.5,-0.75,0.0,0.0,-3.0,0.0,1.0,0.0,-5.243317265611267,38.88963547696494,37.85784106375081,34.08953321766262,0.0,280.33333333333337,324.6,-0.25,-0.5,-1.0,1.0,1.0
2020-08-19,401221631,401221631|4686738|4687126,4687126,4686738,orion cosce,matt dixon,1,orion cosce,KO-TKO,3,14.7,1.234796060151815,2.539999999999992,-10.159999999999997,0.0,0.0,0.0,0.0,0.0,0.0,0.0,0.0,0.0,0.0,0.0,0.0,0.0,0.0,0.0,0.0,0.0,0.0,0.0,0.0,0.0,0.0,0.0,0.0,0.0,-8.0,-7.0,-1.0,0.09090909090909094,0.4,0.5,-0.1,-0.4,-1.0,-1.0,0.0,0.33333333333333337,0.19999999999999996,1.0,0.5,-2.0,-1.0,-6.0,0.11111111111111116,-1.0,0.0,-56.54885676619506,25.17724620260674,7.918754426191754,50.863428576172055,0.0,128.4545454545455,170.0,0.033333333333333326,-0.3,-1.0,1.0,1.0
2020-08-26,401221632,401221632|3120449|4686736,4686736,3120449,alejandro flores,rafael alves,0,rafael alves,SUBMISSION,2,7.92,-0.7255453568519563,2.539999999999992,15.240000000000007,0.0,0.0,0.0,0.0,0.0,0.0,0.0,0.0,0.0,0.0,0.0,0.0,0.0,0.0,0.0,0.0,0.0,0.0,0.0,0.0,0.0,0.0,0.0,0.0,0.0,-32.0,-21.0,-11.0,-0.13157894736842102,-0.7916666666666666,-0.3333333333333333,-0.4583333333333333,0.7916666666666666,0.0714285714285714,-0.023809523809523836,0.09523809523809523,-0.6666666666666667,-0.4,-1.0,-0.75,-12.0,-0.5,-20.0,-0.1923076923076923,-18.0,0.0,-82.05327662761442,60.73713621827278,50.8857284905655,-33.63388129363875,0.0,157.51041666666663,-79.80000000000007,-0.5416666666666666,-0.5416666666666666,-1.0,1.0,1.0
2020-08-26,401221632,401221632|3895527|4237148,4237148,3895527,jamie pickett,jhonoven pati,1,jamie pickett,KO-TKO,2,5.55,1.664647460249011,2.5400000000000205,12.699999999999989,0.0,0.0,0.0,-1.0,1.0,0.0,2.0,0.0,0.0,0.0,0.0,0.0,0.0,9.96,0.5,1.0,2.459839357429719,4.467871485943775,0.550561797752809,0.753012048192771,0.753012048192771,1.0,0.0,0.753012048192771,0.0,-8.0,-3.0,-5.0,0.25,-0.33333333333333337,-0.16666666666666674,-0.16666666666666666,0.3333333333333333,-0.6666666666666666,-0.16666666666666666,-0.5,0.0,0.35,-0.5,-0.33333333333333337,-4.0,0.0,-4.0,0.0,-5.0,0.0,22.625226122093636,-2.3326108320829917,3.221806485074694,3.294514767983628,0.0,204.16666666666669,51.39999999999998,-0.16666666666666669,-0.16666666666666674,-1.0,1.0,1.0
2020-08-26,401221632,401221632|4193828|4684238,4684238,4193828,jeff molina,jacob silva,1,jeff molina,DEC-UNA,3,15.0,-9.396496847984556,2.539999999999992,5.079999999999984,0.0,0.0,0.0,0.0,0.0,0.0,0.0,0.0,0.0,0.0,0.0,0.0,0.0,0.0,0.0,0.0,0.0,0.0,0.0,0.0,0.0,0.0,0.0,0.0,0.0,0.0,1.0,-1.0,0.10000000000000009,-0.125,-0.6071428571428571,0.48214285714285715,0.125,0.16666666666666669,0.0,0.16666666666666669,0.33333333333333337,0.19999999999999996,-0.33333333333333337,-0.19999999999999996,-1.0,0.0,1.0,0.1527777777777778,3.0,0.0,22.82261640179331,-1.5820497732490821,-10.123226768378117,22.804927689167243,0.0,-99.60000000000002,-237.20000000000005,-0.0892857142857143,0.0357142857142857,0.0,1.0,1.0
2020-08-26,401221632,401221632|4341591|4389513,4389513,4341591,kyron bowen,collin huckbody,0,collin huckbody,SUBMISSION,1,1.47,0.7693518689637706,-2.539999999999992,5.0800000000000125,0.0,0.0,0.0,0.0,0.0,0.0,0.0,0.0,0.0,0.0,0.0,0.0,0.0,0.0,0.0,0.0,0.0,0.0,0.0,0.0,0.0,0.0,0.0,0.0,0.0,-6.0,-6.0,0.0,-0.32727272727272727,0.25,0.0,0.25,-0.25,0.6666666666666667,0.0,0.6666666666666667,-0.33333333333333337,-0.6,0.0,0.4,0.0,1.0,-6.0,-0.8888888888888888,-5.0,0.0,-64.0607292855907,15.203587748497739,16.436910553745975,-34.476981070741886,0.0,-175.56363636363636,-299.2,-0.5,-0.625,0.0,1.0,1.0
2020-08-26,401221632,401221632|4684468|4684470,4684470,4684468,anthony romero,mike breeden,1,anthony romero,DEC-UNA,3,15.0,-7.849579389036052,2.539999999999992,2.539999999999992,0.0,0.0,0.0,0.0,-1.0,0.0,0.0,0.0,0.0,0.0,0.0,0.0,0.0,0.0,0.0,0.0,0.0,0.0,0.0,0.0,0.0,0.0,0.0,0.0,0.0,-13.0,-9.0,-4.0,0.25,-0.5833333333333333,-0.9166666666666666,0.3333333333333333,0.5833333333333333,-0.25,-0.25,0.0,0.33333333333333337,0.19999999999999996,-0.6666666666666667,-0.6666666666666667,-10.0,-0.8,-3.0,0.33333333333333337,-5.0,0.0,-37.18267673728701,41.12707455372333,36.11608190608695,49.79250064143821,0.0,388.2666666666667,155.33333333333337,-0.5833333333333334,-0.5,0.0,1.0,1.0
2020-09-02,401222724,401222724|2989380|4684241,2989380,4684241,jimmy flick,nate smith,1,jimmy flick,SUBMISSION,3,13.25,4.585994236705751,2.5400000000000205,-2.539999999999992,0.0,0.0,0.0,-1.0,0.0,1.0,0.0,0.0,0.0,0.0,0.0,0.0,0.0,0.0,0.0,0.0,0.0,0.0,0.0,0.0,0.0,0.0,0.0,0.0,0.0,16.0,12.0,4.0,-0.08333333333333337,0.1278195488721804,-0.2857142857142857,0.41353383458646614,-0.12781954887218044,-0.19999999999999996,0.8,-1.0,0.33333333333333337,0.0,0.0,0.0,5.0,0.0,11.0,-0.12745098039215685,8.0,1.0,72.07273353232495,12.205795290975402,28.91014779833995,66.68992063713199,0.0,-1.4456521739130608,-92.0,-0.007518796992481203,-0.29323308270676696,-1.0,1.0,1.0
2020-09-02,401222724,401222724|4231391|4360028,4360028,4231391,jose johnson,ronnie lawrence,0,ronnie lawrence,DEC-UNA,3,15.0,-2.9322984044846905,10.159999999999997,7.620000000000003,0.0,0.0,0.0,-1.0,0.0,0.0,0.0,0.0,0.0,0.0,0.0,0.0,0.0,0.0,0.0,0.0,0.0,0.0,0.0,0.0,0.0,0.0,0.0,0.0,0.0,13.0,8.0,5.0,-0.03508771929824561,0.5,0.33333333333333337,0.16666666666666666,-0.5,0.42857142857142855,0.0,0.42857142857142855,-0.33333333333333337,0.0,1.0,0.75,0.0,0.0,13.0,-0.33333333333333337,4.0,0.0,25.37813223289413,-31.053572171891346,-9.26673674008316,17.003199756758704,0.0,-278.01052631578943,-392.0,0.41666666666666663,0.41666666666666663,1.0,1.0,1.0
2020-09-02,401222724,401222724|4255766|4684474,4684474,4255766,cody brundage,william knight,0,william knight,KO-TKO,1,2.38,-6.116484253612327,5.079999999999984,-2.539999999999992,0.0,0.0,0.0,0.0,0.0,1.0,-1.0,-1.0,-1.0,-1.0,-1.0,0.0,0.0,-14.57,-1.0,-1.0,-3.8435140700068633,-5.833905284831846,-0.6588235294117647,-2.0590253946465342,-4.1180507892930684,-0.5,0.0,0.0,0.0,0.0,0.0,0.0,0.0,-0.19999999999999996,0.0,-0.2,0.2,0.0,0.0,0.0,-0.33333333333333337,-0.19999999999999996,-0.5,-0.25,0.0,0.0,0.0,0.0,0.0,0.0,-8.27445077254356,-23.523594762952598,-20.774512148150052,-49.457602382412915,0.0,195.99999999999997,241.39999999999998,-0.20000000000000007,-0.20000000000000007,0.0,1.0,1.0
2020-09-02,401222724,401222724|4293896|4684678,4293896,4684678,chase gibson,tucker lutz,0,tucker lutz,DEC-UNA,3,15.0,4.424457723293429,5.0800000000000125,0.0,0.0,0.0,0.0,0.0,0.0,-1.0,0.0,0.0,0.0,0.0,0.0,0.0,0.0,0.0,0.0,0.0,0.0,0.0,0.0,0.0,0.0,0.0,0.0,0.0,0.0,12.0,7.0,5.0,-0.3571428571428571,0.2777777777777778,-0.05555555555555558,0.3333333333333333,-0.2777777777777778,0.2,0.2,0.0,-0.33333333333333337,-0.4,0.5,0.5,0.0,0.0,12.0,-0.3571428571428571,4.0,0.0,6.992652687029931,-50.8734215899467,-60.517146303383925,-34.4547714251014,0.0,-313.83333333333337,-463.5,0.7777777777777778,0.5555555555555556,1.0,1.0,1.0
2020-09-02,401222724,401222724|4686734|4686735,4686735,4686734,dennis buzukja,melsik baghdasaryan,0,melsik baghdasaryan,DEC-UNA,3,15.0,-5.675681225487178,0.0,1.2699999999999818,0.0,0.0,-1.0,1.0,0.0,0.0,0.0,0.0,0.0,0.0,0.0,0.0,0.0,0.0,0.0,0.0,0.0,0.0,0.0,0.0,0.0,0.0,0.0,0.0,0.0,1.0,0.0,1.0,-0.11904761904761907,-0.20000000000000007,-0.20000000000000007,0.0,0.2,-1.0,0.0,-1.0,-0.33333333333333337,-0.4,-0.16666666666666663,-0.46666666666666673,2.0,1.0,-1.0,-0.2333333333333334,-1.0,0.0,-13.481656932824535,7.383201624207231,15.780586004809038,-37.88795599576588,0.0,460.5,535.2,-0.20000000000000007,-0.4,0.0,1.0,1.0
2020-09-09,401222785,401222785|3162028|3913473,3913473,3162028,phil hawes,khadzhi bestaev,1,phil hawes,KO-TKO,1,1.3,-0.481871633229975,-12.700000000000015,3.8100000000000014,0.0,0.0,0.0,0.0,0.0,1.0,1.0,0.0,0.0,0.0,0.0,0.0,0.0,7.33,0.0,1.0,2.319236016371078,5.593451568894952,0.4146341463414634,2.046384720327421,14.324693042291951,0.1428571428571428,0.0,0.0,1.0,6.0,4.0,2.0,0.6666666666666666,1.0,0.75,0.25,0.0,1.0,0.5,0.5,1.0,0.8,1.0,1.0,2.0,1.0,4.0,0.5,5.0,0.0,32.79032193274816,1542.9960520156983,1527.638678524852,1532.3494675764769,,336.4,311.75,1.0,0.75,1.0,1.0,0.0
2020-09-09,401222785,401222785|3896920|4045420,3896920,4045420,henrique shiguemoto,aliaskhab khizriev,0,aliaskhab khizriev,SUBMISSION,1,0.83,1.1718241989910787,5.0800000000000125,-5.0800000000000125,0.0,0.0,-1.0,0.0,0.0,0.0,0.0,0.0,0.0,0.0,0.0,0.0,0.0,0.0,0.0,0.0,0.0,0.0,0.0,0.0,0.0,0.0,0.0,0.0,0.0,0.0,-1.0,1.0,-0.33333333333333337,0.33333333333333337,0.33333333333333337,0.0,-0.3333333333333333,0.0,0.0,0.0,-0.33333333333333337,-0.33333333333333337,0.33333333333333337,0.33333333333333337,0.0,0.0,0.0,-0.33333333333333337,1.0,0.0,-25.600559147746026,-31.75823976773654,-31.75823976773654,-58.528522980914886,930.0,79.0,79.0,0.33333333333333337,0.33333333333333337,0.0,1.0,1.0
2020-09-09,401222785,401222785|4252253|4600143,4252253,4600143,al matavao,tafon nchukwi,0,tafon nchukwi,KO-TKO,2,7.02,0.6379323326283242,-10.159999999999997,-24.130000000000024,0.0,0.0,0.0,0.0,0.0,0.0,0.0,0.0,0.0,0.0,0.0,0.0,0.0,0.0,0.0,0.0,0.0,0.0,0.0,0.0,0.0,0.0,0.0,0.0,1.0,1.0,0.0,1.0,0.0,0.0,0.0,0.0,0.0,1.0,0.0,1.0,0.0,0.0,0.0,0.0,0.0,0.0,1.0,0.0,1.0,0.0,-10.524134358706078,1542.9481153235859,1542.9481153235859,1500.0,,430.0,430.0,0.0,0.0,0.0,1.0,0.0
2020-09-09,401222785,401222785|4412279|4684237,4412279,4684237,drako rodriguez,mana martinez,1,drako rodriguez,SUBMISSION,1,2.37,-0.2272462815800437,-5.0800000000000125,-2.5400000000000205,0.0,0.0,0.0,0.0,0.0,0.0,0.0,0.0,0.0,0.0,0.0,0.0,0.0,0.0,0.0,0.0,0.0,0.0,0.0,0.0,0.0,0.0,0.0,0.0,1.0,4.0,3.0,1.0,0.75,1.0,0.3333333333333333,0.6666666666666666,0.0,1.0,1.0,0.0,0.6666666666666666,0.75,1.0,1.0,0.0,0.0,4.0,0.75,2.0,0.0,30.23553150486873,1559.0621750145933,1559.0621750145933,1577.163042388348,,488.75,488.75,0.6666666666666666,1.0,1.0,1.0,0.0
2020-09-09,401222785,401222785|4685886|4689223,4689223,4685886,sherrard blackledge,cameron church,1,sherrard blackledge,DEC-UNA,3,15.0,-2.885753985365888,0.0,7.620000000000003,0.0,0.0,0.0,0.0,0.0,0.0,0.0,0.0,0.0,0.0,0.0,0.0,0.0,0.0,0.0,0.0,0.0,0.0,0.0,0.0,0.0,0.0,0.0,0.0,-1.0,-1.0,-1.0,0.0,-1.0,-1.0,-1.0,0.0,0.0,0.0,0.0,0.0,-1.0,-1.0,-1.0,-1.0,0.0,0.0,-1.0,-1.0,-1.0,0.0,-11.593225099024949,-1488.218146240564,-1488.218146240564,-1488.218146240564,,-332.0,-332.0,0.0,-1.0,0.0,0.0,1.0
2020-09-16,401222786,401222786|2511778|4683397,2511778,4683397,michael lombardo,korey kuppe,1,michael lombardo,DEC-UNA,3,15.0,-1.190989548040001,-12.700000000000015,-7.620000000000003,0.0,0.0,0.0,-1.0,0.0,0.0,1.0,0.0,0.0,0.0,0.0,0.0,0.0,15.0,1.0,1.0,4.533333333333333,6.733333333333333,0.6732673267326733,2.0,5.0,0.4,0.0,4.0,0.0,-11.0,-7.0,-4.0,0.3076923076923077,-0.5,-0.2222222222222222,-0.2777777777777778,0.5,-0.5,-0.5,0.0,0.33333333333333337,0.4,-0.5,-0.5,-2.0,-1.0,-9.0,0.36363636363636365,-6.0,0.0,-24.086456789893646,31.384215279028695,11.131233234743831,-0.5959603366286501,0.0,112.96153846153845,-66.5,0.05555555555555558,-0.16666666666666663,-1.0,1.0,1.0
2020-09-16,401222786,401222786|3947116|4246527,3947116,4246527,dinis paiva,kyle driscoll,0,kyle driscoll,DEC-UNA,3,15.0,6.327303093150441,-5.0800000000000125,-7.620000000000003,0.0,0.0,1.0,0.0,0.0,0.0,0.0,0.0,0.0,0.0,0.0,0.0,0.0,0.0,0.0,0.0,0.0,0.0,0.0,0.0,0.0,0.0,0.0,0.0,0.0,-2.0,-3.0,1.0,-0.3142857142857143,0.3,0.3,0.0,-0.30000000000000004,0.6666666666666666,0.0,0.6666666666666666,-0.33333333333333337,-0.19999999999999996,0.16666666666666669,0.16666666666666669,-6.0,-0.6666666666666666,4.0,-0.6,-1.0,0.0,-44.13136703937994,6.837753628987002,10.282297971690696,8.810384799184703,-7.0,-147.94285714285706,-109.59999999999991,-0.2,-0.2,0.0,1.0,1.0
2020-09-16,401222786,401222786|4040956|4690541,4040956,4690541,jordan williams,gregory rodrigues,1,jordan williams,KO-TKO,1,2.32,1.347050247438343,-5.0800000000000125,1.2700000000000102,0.0,0.0,1.0,0.0,1.0,-1.0,1.0,0.0,0.0,0.0,0.0,0.0,0.0,15.0,1.0,1.0,9.133333333333333,19.933333333333334,0.4581939799331103,0.0,0.0,0.0,0.0,0.0,0.0,3.0,2.0,0.0,0.0,-0.25,-0.25,0.0,0.25,-1.0,-1.0,0.0,0.0,-0.06666666666666665,0.0,0.0,-1.0,0.33333333333333337,4.0,0.5,2.0,0.0,20.555305594146603,-14.14628175023995,-9.767501993233054,-29.976622106580862,-640.0,538.4666666666666,480.66666666666663,-0.75,-0.75,0.0,1.0,1.0
2020-09-16,401222786,401222786|4375603|4684925,4375603,4684925,danyelle wolf,taneisha tennant,1,danyelle wolf,DEC-UNA,3,15.0,5.768770063724787,10.159999999999997,0.0,0.0,0.0,0.0,0.0,1.0,0.0,0.0,0.0,0.0,0.0,0.0,0.0,0.0,0.0,0.0,0.0,0.0,0.0,0.0,0.0,0.0,0.0,0.0,0.0,-1.0,-1.0,-1.0,0.0,-1.0,0.0,0.0,0.0,-1.0,0.0,0.0,0.0,-1.0,-1.0,0.0,0.0,0.0,0.0,-1.0,-1.0,-1.0,0.0,-12.0,-1500.0,-1500.0,-1500.0,,-900.0,-900.0,0.0,0.0,0.0,0.0,1.0
2020-09-16,401222786,401222786|4686739|4690540,4686739,4690540,collin anglin,muhammad naimov,1,collin anglin,DEC-UNA,3,15.0,1.4593044347248745,0.0,2.539999999999992,0.0,0.0,0.0,0.0,0.0,0.0,0.0,0.0,0.0,0.0,0.0,0.0,0.0,0.0,0.0,0.0,0.0,0.0,0.0,0.0,0.0,0.0,0.0,0.0,1.0,2.0,2.0,0.0,1.0,1.0,1.0,0.0,0.0,0.0,0.0,0.0,1.0,1.0,1.0,1.0,2.0,1.0,0.0,0.0,1.0,0.0,27.223895876463985,1554.0760192811126,1554.0760192811126,1561.1207822769386,,14.0,14.0,1.0,1.0,0.0,1.0,0.0
2020-11-05,401223624,401223624|3074813|3147489,3074813,3147489,luis saldana,vince murdock,1,luis saldana,KO-TKO,3,10.73,0.1451090713703919,12.700000000000015,17.78,0.0,0.0,0.0,0.0,1.0,0.0,0.0,0.0,0.0,0.0,0.0,0.0,0.0,0.0,0.0,0.0,0.0,0.0,0.0,0.0,0.0,0.0,0.0,0.0,0.0,2.0,3.0,-1.0,0.08270676691729328,0.16666666666666663,-0.19999999999999996,0.3666666666666667,-0.16666666666666666,-0.2142857142857143,-0.40476190476190477,0.19047619047619047,0.6666666666666667,0.6,0.0,0.5,-2.0,0.5,4.0,0.01754385964912286,-2.0,0.0,35.24316627694111,-17.71481305621319,-49.1773674943438,-41.51010732397776,0.0,48.27170868347338,99.0,-0.016666666666666663,0.033333333333333326,0.0,1.0,1.0
2020-11-05,401223624,401223624|4038116|4693719,4693719,4038116,edson gomez,ignacio bahamondes,0,ignacio bahamondes,KO-TKO,2,7.52,6.5080049556116855,-17.78,-15.240000000000007,0.0,0.0,0.0,1.0,0.0,0.0,0.0,0.0,0.0,0.0,0.0,0.0,0.0,0.0,0.0,0.0,0.0,0.0,0.0,0.0,0.0,0.0,0.0,0.0,0.0,-14.0,-12.0,-2.0,-0.8,-0.6666666666666666,-0.6666666666666666,0.0,-0.3333333333333333,0.33333333333333337,1.0,-0.6666666666666666,-1.0,-0.8,-0.3333333333333333,-0.25,-2.0,-1.0,-12.0,-0.7692307692307693,-7.0,0.0,-97.31926759717476,78.1593811645705,74.98360328424292,0.0,0.0,-26.866666666666674,-479.20000000000005,-0.5,-0.5,0.0,1.0,1.0
2020-11-05,401223624,401223624|4227709|4251497,4251497,4227709,harry hunsucker,jared vanderaa,0,jared vanderaa,KO-TKO,1,3.57,3.3539360835609244,-5.079999999999984,-12.699999999999989,0.0,0.0,0.0,0.0,0.0,1.0,0.0,0.0,0.0,0.0,0.0,0.0,0.0,0.0,0.0,0.0,0.0,0.0,0.0,0.0,0.0,0.0,0.0,0.0,0.0,-15.0,-10.0,-5.0,-0.27777777777777785,0.09090909090909094,0.36363636363636365,-0.2727272727272727,-0.09090909090909091,0.4285714285714286,0.5,-0.0714285714285714,-0.3333333333333333,-0.26666666666666666,0.5,0.33333333333333337,-6.0,0.0,-9.0,-0.5833333333333333,-4.0,-1.0,-47.217014267041804,7.520919441364185,1.8531999547581108,-103.0863135095608,0.0,-502.5,-475.4,0.4545454545454546,0.18181818181818177,-1.0,1.0,1.0
2020-11-05,401223624,401223624|4687590|4695736,4695736,4687590,carlos ulberg,bruno oliveira,1,carlos ulberg,KO-TKO,1,2.03,-6.516218676632651,0.0,-7.619999999999976,0.0,0.0,0.0,0.0,1.0,0.0,0.0,0.0,0.0,0.0,0.0,0.0,0.0,0.0,0.0,0.0,0.0,0.0,0.0,0.0,0.0,0.0,0.0,0.0,0.0,-18.0,-12.0,-5.0,0.3157894736842105,0.07692307692307687,0.3846153846153846,-0.3076923076923077,-0.07692307692307693,-1.0,-0.6,-0.4,0.6666666666666667,0.6,0.0,0.5,0.0,0.0,-18.0,0.3157894736842105,-15.0,0.0,-49.2891270813509,68.2125597259303,55.413703620612296,44.29009353907668,0.0,-209.5263157894737,-393.0,0.3846153846153846,0.23076923076923073,-1.0,1.0,1.0
2020-11-11,401223625,401223625|2504828|4689229,4689229,2504828,luana pinheiro,stephanie frausto,1,luana pinheiro,KO-TKO,1,2.8,-2.16294653552092,0.0,3.8100000000000014,0.0,0.0,0.0,0.0,0.0,1.0,0.0,0.0,0.0,0.0,0.0,0.0,0.0,0.0,0.0,0.0,0.0,0.0,0.0,0.0,0.0,0.0,0.0,0.0,0.0,-16.0,-7.0,-9.0,0.5294117647058824,0.125,0.5,-0.375,-0.125,-0.7777777777777778,-0.4444444444444444,-0.3333333333333333,0.33333333333333337,0.4,0.0,0.33333333333333337,-3.0,0.0,-13.0,0.4285714285714286,-9.0,0.0,13.492666672369069,-0.03050255861626283,5.012164388219162,-1.1275825466354945,0.0,-305.1333333333333,-535.25,0.5,0.5,-1.0,1.0,1.0
2020-11-11,401223625,401223625|3897242|4294278,3897242,4294278,nikolas motta,joe lowry,1,nikolas motta,DEC-UNA,3,15.0,-3.159544686064738,-5.0800000000000125,-7.619999999999976,0.0,0.0,0.0,0.0,1.0,0.0,-1.0,0.0,0.0,0.0,0.0,0.0,0.0,-2.87,0.0,-1.0,-11.846689895470384,-19.16376306620209,-0.6181818181818182,0.0,0.0,0.0,-5.2264808362369335,0.0,1.0,15.0,12.0,3.0,0.8,0.6666666666666666,0.6666666666666666,0.0,0.3333333333333333,1.0,0.6666666666666666,0.3333333333333333,1.0,0.8,0.3333333333333333,0.5,8.0,0.75,7.0,0.8571428571428571,6.0,0.0,94.3100899378228,1518.5493907892442,1538.7850269762496,1615.164786256626,,435.3333333333333,597.6,0.5,0.5,0.0,1.0,0.0
2020-11-11,401223625,401223625|4237930|4606413,4606413,4237930,danny sabatello,taylor moore,1,danny sabatello,DEC-UNA,3,15.0,0.5448434943907117,0.0,2.539999999999992,0.0,0.0,-1.0,0.0,0.0,0.0,0.0,0.0,0.0,0.0,0.0,0.0,0.0,0.0,0.0,0.0,0.0,0.0,0.0,0.0,0.0,0.0,0.0,0.0,0.0,6.0,7.0,-1.0,0.4,0.2777777777777778,-0.16666666666666669,0.4444444444444444,-0.2777777777777778,0.5,0.5,0.0,0.33333333333333337,0.30000000000000004,0.16666666666666663,0.25,0.0,0.0,6.0,0.4,1.0,0.0,76.24261514917316,-38.13508966032896,-37.57049155999903,3.675329836638184,0.0,-311.45,-148.85000000000002,0.16666666666666663,0.16666666666666663,1.0,1.0,1.0
2020-11-11,401223625,401223625|4684922|4684923,4684922,4684923,mariusz ksiazkiewicz,mario sousa,0,mario sousa,DEC-UNA,3,15.0,7.044634728981428,0.0,-11.430000000000009,0.0,0.0,1.0,0.0,0.0,0.0,0.0,0.0,0.0,0.0,0.0,0.0,0.0,0.0,0.0,0.0,0.0,0.0,0.0,0.0,0.0,0.0,0.0,0.0,0.0,-4.0,-4.0,0.0,-0.03418803418803429,-0.04166666666666663,-0.33333333333333337,0.2916666666666667,0.04166666666666667,0.0,0.0,0.0,-0.33333333333333337,-0.19999999999999996,0.33333333333333337,0.19999999999999996,0.0,0.0,-4.0,-0.03418803418803429,-2.0,0.0,-35.01719204153369,11.401241943371815,10.617702817598229,-9.544471784414782,0.0,106.95959595959596,146.8,-0.25,-0.08333333333333337,0.0,1.0,1.0
2020-11-11,401223625,401223625|4701012|4702563,4701012,4702563,shaheen santana,natan levy,0,natan levy,SUBMISSION,3,10.92,0.3230730268246446,10.159999999999997,10.159999999999997,0.0,0.0,-1.0,0.0,0.0,0.0,0.0,0.0,0.0,0.0,0.0,0.0,0.0,0.0,0.0,0.0,0.0,0.0,0.0,0.0,0.0,0.0,0.0,0.0,0.0,-4.0,-5.0,1.0,-0.1428571428571429,0.37878787878787884,0.0,0.37878787878787884,-0.3787878787878788,1.0,0.0,1.0,-0.33333333333333337,-0.19999999999999996,0.16666666666666669,0.55,-10.0,-1.0,6.0,-0.1428571428571429,2.0,0.0,-56.755414243719315,15.961376964708961,5.867427080493599,-43.597720711379,0.0,-211.25974025974023,-387.6,0.303030303030303,0.4696969696969697,0.0,1.0,1.0
2020-11-18,401223626,401223626|3162581|4700964,4700964,3162581,nick maximov,oscar cota,1,nick maximov,DEC-UNA,3,15.0,-13.18849805266364,-5.0800000000000125,10.159999999999997,0.0,0.0,1.0,0.0,0.0,0.0,0.0,0.0,0.0,0.0,0.0,0.0,0.0,0.0,0.0,0.0,0.0,0.0,0.0,0.0,0.0,0.0,0.0,0.0,-1.0,-2.0,-1.0,-1.0,-0.5,0.0,0.0,0.0,-1.0,-1.0,0.0,-1.0,-0.5,-0.5,0.0,0.0,0.0,0.0,-2.0,-0.5,-2.0,0.0,0.6133536772399566,-1497.1196509972078,-1497.1196509972078,-1500.414300586377,,-816.5,-816.5,0.0,0.0,0.0,0.0,1.0
2020-11-18,401223626,401223626|4193828|4249185,4193828,4249185,jacob silva,jp buys,0,jp buys,SUBMISSION,1,4.9,8.183604043888653,0.0,0.0,0.0,0.0,0.0,0.0,0.0,-1.0,0.0,0.0,0.0,0.0,0.0,0.0,0.0,7.529999999999999,1.0,0.0,3.0586345381526105,8.581258366800537,-0.046661880832735,-4.016064257028113,-6.032128514056225,-0.5,0.0,0.0,1.0,11.0,7.0,4.0,0.6363636363636364,1.0,0.8571428571428571,0.14285714285714285,0.0,0.5,0.0,0.5,0.3333333333333333,0.6,1.0,1.0,2.0,1.0,9.0,0.5555555555555556,4.0,0.0,34.30414464114392,1511.5130041221746,1529.72058931089,1534.6518020571016,,450.8181818181818,688.0,0.7142857142857143,0.7142857142857143,1.0,1.0,0.0
2020-11-18,401223626,401223626|4374740|4689226,4689226,4374740,chelsea hackett,victoria leonardo,0,victoria leonardo,KO-TKO,2,9.68,-8.495725442685337,-2.539999999999992,5.079999999999984,0.0,0.0,0.0,1.0,0.0,0.0,0.0,0.0,0.0,0.0,0.0,0.0,0.0,0.0,0.0,0.0,0.0,0.0,0.0,0.0,0.0,0.0,0.0,0.0,-1.0,-4.0,-4.0,0.0,-1.0,-1.0,0.0,-1.0,0.0,0.0,0.0,0.0,-1.0,-1.0,-1.0,-1.0,-4.0,-1.0,0.0,0.0,-2.0,0.0,-48.53090573067152,-1522.4905429460923,-1522.4905429460923,-1534.375054992543,,-274.3333333333333,-274.3333333333333,-1.0,-0.75,0.0,0.0,1.0
2020-11-18,401223626,401223626|4566310|4689228,4689228,4566310,pauline macias,gloria de paula,0,gloria de paula,DEC-UNA,3,15.0,6.951545890743823,-2.539999999999992,-8.889999999999986,0.0,0.0,1.0,0.0,-1.0,0.0,0.0,0.0,0.0,0.0,0.0,0.0,0.0,0.0,0.0,0.0,0.0,0.0,0.0,0.0,0.0,0.0,0.0,0.0,0.0,-6.0,-5.0,-1.0,-0.7142857142857143,-0.6,-0.6,0.0,-0.4,0.0,0.0,0.0,-0.6666666666666666,-0.8,-0.5,-0.5,0.0,0.0,-6.0,-0.7142857142857143,-5.0,0.0,-44.95022764677833,20.463604369312634,21.80595726050319,0.0,0.0,116.85714285714289,43.39999999999998,-0.2,-0.2,0.0,1.0,1.0
2020-11-18,401223626,401223626|4684678|4689223,4689223,4684678,sherrard blackledge,tucker lutz,0,tucker lutz,DEC-UNA,3,15.0,0.903509312306209,7.620000000000003,7.620000000000003,0.0,0.0,0.0,0.0,0.0,-1.0,0.0,0.0,0.0,0.0,0.0,0.0,0.0,0.0,0.0,0.0,-2.4000000000000004,-3.4000000000000004,-0.0773154362416107,0.0,0.0,0.0,0.0,1.0,-1.0,-2.0,-2.0,0.0,-1.0,-0.5,-0.5,0.0,-0.5,0.0,0.0,0.0,-1.0,-1.0,-0.5,-0.5,0.0,0.0,-2.0,-1.0,-2.0,0.0,-26.343114626040915,-1540.6271047609694,-1540.6271047609694,-1546.481882245705,,-837.5,-837.5,0.0,0.0,0.0,0.0,1.0
2021-09-01,600008640,600008640|3110833|4227265,3110833,4227265,matheus scheffel,azamat murzakanov,0,azamat murzakanov,KO-TKO,1,3.0,-3.5647549230990414,10.159999999999997,11.429999999999978,0.0,0.0,-1.0,0.0,-1.0,0.0,0.0,0.0,0.0,0.0,0.0,0.0,0.0,0.0,0.0,0.0,0.0,0.0,0.0,0.0,0.0,0.0,0.0,0.0,0.0,10.0,3.0,7.0,-0.33333333333333337,-0.10389610389610393,-0.012987012987012991,-0.09090909090909091,0.10389610389610388,0.8571428571428571,0.7142857142857143,0.14285714285714285,-0.33333333333333337,-0.4,-0.16666666666666663,-0.46666666666666673,-2.0,-1.0,12.0,-0.33333333333333337,2.0,0.0,-53.8373429930632,1.0677853792735732,-6.9686745913077175,-70.02017415445493,0.0,164.67272727272726,435.40000000000003,-0.10389610389610393,-0.10389610389610393,-1.0,1.0,1.0
2021-09-01,600008640,600008640|4013049|4713584,4013049,4713584,carlos candelario,victor altamirano,0,victor altamirano,DEC-SPLT,3,15.0,-0.3614037249224822,0.0,-5.0800000000000125,0.0,0.0,1.0,-1.0,-1.0,0.0,1.0,1.0,1.0,0.0,0.0,0.0,1.0,15.0,1.0,1.0,1.6666666666666667,3.933333333333333,0.423728813559322,8.0,15.0,0.5333333333333333,0.0,5.0,0.0,-23.0,-20.0,-3.0,-0.33999999999999997,-0.5714285714285714,-0.09523809523809523,-0.47619047619047616,0.5714285714285714,-1.0,-0.25,-0.75,-0.5,-0.5,0.0,-0.4,-22.0,-0.9090909090909091,-1.0,0.16666666666666669,-3.0,-1.0,-155.50300540535727,99.09063220600888,56.347031986616,-4.9323336056952485,0.0,319.76,-46.799999999999955,-0.2857142857142857,-0.47619047619047616,-1.0,1.0,1.0
2021-09-01,600008640,600008640|4410116|4869424,4869424,4410116,aj fletcher,leonardo damiani,1,aj fletcher,KO-TKO,1,2.4,-6.472412164520833,0.0,-5.079999999999984,0.0,0.0,0.0,1.0,1.0,0.0,0.0,0.0,0.0,0.0,0.0,0.0,0.0,0.0,0.0,0.0,0.0,0.0,0.0,0.0,0.0,0.0,0.0,0.0,-1.0,-5.0,-3.0,-2.0,-0.6,-0.3333333333333333,-0.3333333333333333,0.0,-0.6666666666666666,-1.0,0.0,-1.0,-1.0,-0.6,-0.3333333333333333,-0.3333333333333333,-2.0,-1.0,-3.0,-0.3333333333333333,-4.0,0.0,-19.404847501661834,-1536.5830416996344,-1536.5830416996344,-1572.797829540455,,-461.4,-461.4,-0.3333333333333333,-0.3333333333333333,0.0,0.0,1.0
2021-09-01,600008640,600008640|4422355|4881999,4881999,4422355,diego lopes,joanderson brito,0,joanderson brito,DEC-UNA,3,10.2,0.1177300013005044,7.620000000000003,1.2700000000000102,0.0,0.0,0.0,0.0,-1.0,1.0,0.0,0.0,0.0,0.0,0.0,0.0,0.0,0.0,0.0,0.0,0.0,0.0,0.0,0.0,0.0,0.0,0.0,0.0,0.0,7.0,6.0,2.0,0.013586956521739135,0.04858299595141702,-0.14574898785425106,0.19433198380566802,-0.04858299595141702,-0.5,0.0,-0.5,-0.33333333333333337,-0.19999999999999996,0.33333333333333337,-0.09999999999999998,-1.0,-1.0,8.0,0.07792207792207795,0.0,0.0,7.77348502762834,-21.313656584232376,-26.416236090557504,-38.47760464086514,0.0,71.28484848484845,414.40000000000003,0.0161943319838056,0.09716599190283404,0.0,1.0,1.0
2021-09-08,600008641,600008641|2959422|4684923,4684923,2959422,mario sousa,chidi njokuani,0,chidi njokuani,KO-TKO,3,11.58,-7.803034969917245,0.0,-1.2699999999999818,0.0,0.0,0.0,0.0,-1.0,0.0,1.0,1.0,1.0,0.0,0.0,0.0,1.0,15.0,1.0,1.0,3.4,5.6,0.6071428571428571,0.0,0.0,0.0,0.0,1.0,0.0,-23.0,-14.0,-8.0,0.15444015444015435,0.3012820512820512,0.0064102564102564985,0.2948717948717948,-0.3012820512820513,-0.30000000000000004,0.09999999999999998,-0.4,-0.33333333333333337,0.20000000000000007,-0.5,-0.25,-18.0,-0.6666666666666666,-5.0,0.12030075187969924,-4.0,0.0,-40.67547302657749,-29.052809384784723,-32.49812418494889,-23.425778523353074,0.0,-125.97988505747122,-191.75,0.40384615384615385,0.27564102564102566,0.0,1.0,1.0
2021-09-08,600008641,600008641|3896935|4396359,4396359,3896935,cj vergara,bruno korea,1,cj vergara,KO-TKO,1,0.68,0.0273790700698874,0.0,7.620000000000003,0.0,0.0,0.0,0.0,0.0,-1.0,0.0,0.0,0.0,0.0,0.0,0.0,0.0,0.0,0.0,0.0,0.0,0.0,0.0,0.0,0.0,0.0,0.0,0.0,0.0,0.0,0.0,0.0,0.0,0.0,0.0,0.0,0.0,0.0,0.0,0.0,0.0,0.0,0.0,0.0,0.0,0.0,0.0,0.0,0.0,0.0,0.0,0.0,0.0,0.0,,0.0,0.0,0.0,0.0,0.0,0.0,0.0
2021-09-08,600008641,600008641|3960072|4816062,3960072,4816062,muin gafurov,chad anheliger,0,chad anheliger,DEC-SPLT,3,15.0,-9.459468709145291,2.5400000000000205,8.889999999999986,0.0,0.0,0.0,0.0,0.0,1.0,0.0,0.0,0.0,0.0,0.0,0.0,0.0,0.0,0.0,0.0,0.0,0.0,0.0,0.0,0.0,0.0,0.0,0.0,0.0,18.0,14.0,4.0,-0.19047619047619047,0.27450980392156865,0.47058823529411764,-0.196078431372549,-0.2745098039215686,0.0,0.0,0.0,-0.6666666666666667,-0.4,-0.6666666666666666,0.0,2.0,1.0,16.0,-0.21052631578947367,7.0,0.0,72.39622503682608,-35.41738310119945,0.7806639150035153,-23.4626503825923,0.0,-42.23333333333329,214.66666666666669,0.21568627450980393,0.1568627450980392,1.0,1.0,1.0
2021-09-08,600008641,600008641|3962309|4875505,3962309,4875505,jose alday,saimon oliveira,0,saimon oliveira,DEC-SPLT,3,15.0,-0.3997344230203232,7.620000000000003,-10.159999999999997,0.0,0.0,0.0,0.0,-1.0,0.0,0.0,0.0,0.0,0.0,0.0,0.0,0.0,0.0,0.0,0.0,0.0,0.0,0.0,0.0,0.0,0.0,0.0,0.0,0.0,-1.0,-4.0,2.0,-0.1515151515151516,-0.31746031746031744,-0.06349206349206352,-0.253968253968254,0.31746031746031744,0.6666666666666666,0.3333333333333333,0.3333333333333333,-0.6666666666666667,-0.6,0.33333333333333337,-0.30000000000000004,0.0,0.3333333333333333,-1.0,-0.22807017543859653,-3.0,0.0,-60.92131580966179,3.3676731966972966,13.519128236855295,43.28989569184,0.0,182.25,285.80000000000007,-0.4841269841269842,-0.39682539682539686,0.0,1.0,1.0
2021-09-15,600008642,600008642|3088682|3120454,3088682,3120454,albert duraev,caio bittencourt,1,albert duraev,SUBMISSION,1,3.48,2.3737653750590333,-2.539999999999992,0.0,0.0,0.0,0.0,0.0,0.0,1.0,0.0,0.0,0.0,0.0,0.0,0.0,0.0,0.0,0.0,0.0,0.0,0.0,0.0,0.0,0.0,0.0,0.0,0.0,0.0,17.0,19.0,-2.0,0.505,-0.18181818181818177,-0.7727272727272727,0.5909090909090909,0.18181818181818182,0.19999999999999996,0.8,-0.6,0.33333333333333337,0.4,-0.6666666666666667,-0.4,21.0,0.9047619047619048,-4.0,0.375,-2.0,3.0,215.73757766564813,0.41323938281288974,37.966292327743986,118.71932833270012,0.0,183.52499999999998,600.8,-0.5454545454545454,-0.5454545454545454,1.0,1.0,1.0
2021-09-15,600008642,600008642|4684857|4873640,4684857,4873640,nasrudin nasrudinov,jailton almeida,0,jailton almeida,SUBMISSION,2,6.82,-0.2792665147128303,-7.620000000000003,-20.319999999999997,0.0,0.0,0.0,0.0,-1.0,0.0,0.0,0.0,0.0,0.0,0.0,0.0,0.0,0.0,0.0,0.0,0.0,0.0,0.0,0.0,0.0,0.0,0.0,0.0,0.0,4.0,4.0,0.0,0.0,-0.1428571428571429,0.8571428571428571,-1.0,0.14285714285714285,0.0,0.0,0.0,0.0,0.0,0.0,0.0,6.0,1.0,-2.0,0.0,0.0,0.0,49.31407984630118,-16.60287610338969,-4.664570331584173,-24.77536273969372,212.0,329.61904761904765,321.13333333333327,-0.6666666666666666,-0.7142857142857143,0.0,1.0,1.0
2021-09-15,600008642,600008642|4686723|4835135,4835135,4686723,jasmine jasudavicius,julia polastri,1,jasmine jasudavicius,DEC-UNA,3,15.0,9.010451959999177,12.700000000000015,12.699999999999989,0.0,0.0,0.0,0.0,-1.0,0.0,0.0,0.0,0.0,0.0,0.0,0.0,0.0,0.0,0.0,0.0,0.0,0.0,0.0,0.0,0.0,0.0,0.0,0.0,0.0,-7.0,-4.0,-3.0,0.2727272727272727,0.0,0.125,-0.125,0.0,0.0,0.0,0.0,0.33333333333333337,0.19999999999999996,-0.6666666666666667,-0.25,-4.0,-0.75,-3.0,0.2857142857142857,-4.0,0.0,-6.416547715517481,12.762059626151313,-0.9168817991142078,2.501953447667802,0.0,-275.02272727272725,-182.75,0.5,0.375,-1.0,1.0,1.0
2021-09-15,600008642,600008642|4828707|4875506,4828707,4875506,jack della maddalena,ange loosa,1,jack della maddalena,DEC-UNA,3,15.0,-3.4826177128893825,2.539999999999992,-2.5400000000000205,0.0,0.0,0.0,1.0,-1.0,0.0,0.0,0.0,0.0,0.0,0.0,0.0,0.0,0.0,0.0,0.0,0.0,0.0,0.0,0.0,0.0,0.0,0.0,0.0,0.0,3.0,4.0,-1.0,0.1461538461538462,0.051948051948051965,0.012987012987012991,0.038961038961038974,-0.05194805194805194,1.0,0.5,0.5,0.6666666666666667,0.6,0.6666666666666666,0.30000000000000004,0.0,1.0,3.0,-0.05681818181818177,-5.0,0.0,58.31236375769913,-6.889772565780959,-26.27123475687563,47.688196225821,0.0,-99.35897435897436,-347.99999999999994,-0.49350649350649345,-0.07792207792207795,0.0,1.0,1.0
2021-09-15,600008642,600008642|4875507|4875508,4875507,4875508,brandon lewis,mo miller,0,mo miller,DEC-UNA,3,15.0,-4.977514938705109,-10.159999999999997,-5.079999999999984,0.0,0.0,0.0,0.0,0.0,0.0,0.0,0.0,0.0,0.0,0.0,0.0,0.0,0.0,0.0,0.0,0.0,0.0,0.0,0.0,0.0,0.0,0.0,0.0,0.0,-7.0,-8.0,1.0,-1.0,-0.75,-0.5,-0.25,-0.25,0.0,0.0,0.0,-1.0,-1.0,-0.6666666666666666,-0.8,-4.0,-1.0,-3.0,-1.0,-4.0,0.0,-97.9616010491477,66.20475099576333,53.81455133818099,-50.44176337667341,0.0,299.0,302.79999999999995,-0.125,-0.125,-1.0,1.0,1.0
2021-09-22,600008643,600008643|4239743|4252258,4239743,4252258,jacob rosales,victor martinez,0,victor martinez,DEC-UNA,3,15.0,-4.0301991142870826,7.620000000000003,10.159999999999997,0.0,0.0,0.0,0.0,0.0,0.0,1.0,0.0,0.0,0.0,0.0,0.0,0.0,11.83,0.0,1.0,12.003381234150464,20.540997464074387,0.5843621399176955,5.07185122569738,10.14370245139476,0.5,0.0,0.0,0.0,11.0,9.0,2.0,0.050000000000000044,-0.3333333333333333,-0.41666666666666663,0.08333333333333333,0.3333333333333333,-0.6666666666666667,0.3333333333333333,-1.0,-0.33333333333333337,-0.15000000000000002,-0.6666666666666666,-0.6666666666666666,12.0,0.8333333333333334,-1.0,-0.08333333333333337,2.0,1.0,71.57785847250693,16.15927214629346,39.593733140861104,5.990119189181769,-504.0,212.38461538461536,622.0,0.3333333333333333,-0.3333333333333333,1.0,1.0,1.0
2021-09-22,600008643,600008643|4374436|4835136,4374436,4835136,aj dobson,hashem arkhagha,1,aj dobson,SUBMISSION,1,4.35,-2.351862119003126,-2.5400000000000205,2.539999999999992,0.0,0.0,0.0,0.0,0.0,0.0,0.0,0.0,0.0,0.0,0.0,0.0,0.0,0.0,0.0,0.0,0.0,0.0,0.0,0.0,0.0,0.0,0.0,0.0,-1.0,-2.0,-2.0,0.0,-1.0,-1.0,-1.0,0.0,0.0,0.0,0.0,0.0,-1.0,-1.0,-1.0,-1.0,0.0,0.0,-2.0,-1.0,-2.0,0.0,-24.761571393734357,-1517.44963854666,-1517.44963854666,-1523.585699413623,,-283.5,-283.5,-0.5,-1.0,0.0,0.0,1.0
2021-09-22,600008643,600008643|4426305|4875510,4875510,4426305,theo rlayang,steven nguyen,0,steven nguyen,DEC-UNA,3,15.0,-1.2265823391308537,-10.159999999999997,-20.319999999999997,0.0,0.0,0.0,-1.0,-1.0,0.0,-1.0,0.0,0.0,0.0,0.0,0.0,0.0,-14.6,-1.0,-1.0,-6.301369863013699,-19.863013698630137,-0.3172413793103448,0.0,0.0,0.0,0.0,0.0,0.0,-4.0,-3.0,-1.0,0.19999999999999996,-0.75,-0.5,-0.25,0.75,-1.0,-1.0,0.0,0.33333333333333337,0.19999999999999996,-1.0,-0.75,-2.0,-1.0,-2.0,0.33333333333333337,-3.0,0.0,-25.45187614230963,-50.11947424075811,-50.11947424075811,-43.80678791450737,76.0,483.8,483.8,-0.75,-0.75,-1.0,1.0,1.0
2021-09-22,600008643,600008643|4683418|4875509,4875509,4683418,kleydson rodrigues,santo curatolo,1,kleydson rodrigues,DEC-UNA,3,15.0,-0.758400240935817,5.079999999999984,10.159999999999997,0.0,0.0,-1.0,0.0,0.0,0.0,0.0,0.0,0.0,0.0,0.0,0.0,0.0,0.0,0.0,0.0,0.0,0.0,0.0,0.0,0.0,0.0,0.0,0.0,0.0,6.0,5.0,1.0,-0.1428571428571429,-0.16666666666666663,-0.6666666666666667,0.5,0.16666666666666666,0.0,0.0,0.0,0.0,0.0,0.0,-0.19999999999999996,4.0,1.0,2.0,-0.33333333333333337,2.0,1.0,49.42749366225485,0.24743664729885495,14.552758966827241,58.33864303891619,291.0,475.4,494.33333333333337,-0.5,-0.6666666666666667,1.0,1.0,1.0
2021-09-22,600008643,600008643|4700616|4869426,4869426,4700616,michael morales,nikolay veretennikov,1,michael morales,DEC-UNA,3,15.0,-9.503275221257113,-2.539999999999992,12.699999999999989,0.0,0.0,0.0,0.0,1.0,-1.0,0.0,0.0,0.0,0.0,0.0,0.0,0.0,0.0,0.0,0.0,0.0,0.0,0.0,0.0,0.0,0.0,0.0,0.0,0.0,-13.0,-9.0,-4.0,0.25,-0.08333333333333337,-0.08333333333333337,0.0,0.08333333333333331,-0.5,-0.25,-0.25,0.33333333333333337,0.19999999999999996,0.16666666666666663,0.16666666666666663,-7.0,-0.8571428571428571,-6.0,0.33333333333333337,-5.0,0.0,-46.6689492909818,17.10818750564681,4.7528881758516945,54.643634135778484,0.0,28.85714285714289,-140.0,-0.08333333333333337,0.0,0.0,1.0,1.0
2021-09-29,600008644,600008644|4001837|4848663,4848663,4001837,edivan santos,rizvan kuniev,0,rizvan kuniev,KO-TKO,3,11.0,-0.1478469783773803,0.0,5.0800000000000125,0.0,0.0,0.0,0.0,0.0,0.0,0.0,0.0,0.0,0.0,0.0,0.0,0.0,0.0,0.0,0.0,0.0,0.0,0.0,0.0,0.0,0.0,0.0,0.0,-1.0,-5.0,-4.0,-1.0,-0.8,-0.25,-0.25,0.0,-0.5,0.0,0.0,0.0,-1.0,-0.8,-0.3333333333333333,-0.25,0.0,0.0,-5.0,-0.8,-4.0,0.0,-37.67735086761786,-1519.211042105188,-1519.211042105188,-1563.9217041636125,,-900.0,-900.0,0.0,0.0,0.0,0.0,1.0
2021-09-29,600008644,600008644|4255574|4835137,4255574,4835137,aaron jeffery,caio borralho,0,caio borralho,DEC-UNA,3,15.0,0.1724881414402759,2.5400000000000205,-5.0800000000000125,0.0,0.0,-1.0,0.0,0.0,0.0,1.0,0.0,0.0,0.0,0.0,0.0,0.0,3.38,0.0,1.0,4.142011834319527,6.8047337278106514,0.6086956521739131,4.437869822485207,17.75147928994083,0.25,4.437869822485207,4.437869822485207,0.0,5.0,4.0,1.0,-0.16666666666666663,-0.19999999999999996,0.8,-1.0,0.2,0.0,0.0,0.0,0.0,0.0,-0.33333333333333337,-0.19999999999999996,2.0,1.0,3.0,-0.25,3.0,0.0,38.90865396181994,1.3661308815553639,2.7092298199943343,40.88436133377468,-567.0,429.5,380.20000000000005,-0.8,-0.6,0.0,1.0,1.0
2021-09-29,600008644,600008644|4863327|4863328,4863328,4863327,lucas almeida,daniel zellhuber,0,daniel zellhuber,DEC-UNA,3,15.0,8.430015674517616,-5.079999999999984,-15.240000000000007,0.0,0.0,0.0,-1.0,1.0,0.0,0.0,0.0,0.0,0.0,0.0,0.0,0.0,0.0,0.0,0.0,0.0,0.0,0.0,0.0,0.0,0.0,0.0,0.0,0.0,14.0,12.0,2.0,-0.1333333333333333,1.0,0.5384615384615384,0.46153846153846156,-1.0,1.0,0.5,0.5,-0.33333333333333337,-0.4,1.0,1.0,5.0,0.6,9.0,0.0,9.0,0.0,90.43493526827592,-84.45124340793382,-47.058603886790934,-8.385745918090606,-1219.0,-590.6666666666667,-378.6,0.7692307692307693,0.8461538461538461,1.0,1.0,1.0
2021-09-29,600008644,600008644|4873641|4873642,4873642,4873641,ihor potieria,lucasz sudolski,1,ihor potieria,KO-TKO,1,3.68,-2.9542016605405976,-2.539999999999992,-1.2700000000000102,0.0,0.0,1.0,0.0,0.0,0.0,0.0,0.0,0.0,0.0,0.0,0.0,0.0,0.0,0.0,0.0,0.0,0.0,0.0,0.0,0.0,0.0,0.0,0.0,1.0,1.0,0.0,1.0,0.0,0.0,0.0,0.0,0.0,0.0,0.0,0.0,0.0,0.0,0.0,0.0,0.0,0.0,1.0,0.0,1.0,0.0,-11.679117956050504,1509.2927020321156,1509.2927020321156,1500.0,,900.0,900.0,0.0,0.0,0.0,1.0,0.0
2021-10-06,600010080,600010080|3165120|4892412,4892412,3165120,shimon smotritsky,mike malott,0,mike malott,SUBMISSION,1,0.65,-8.791419399440098,2.5400000000000205,2.5400000000000205,0.0,0.0,0.0,0.0,0.0,0.0,0.0,0.0,0.0,0.0,0.0,0.0,0.0,0.0,0.0,0.0,0.0,0.0,0.0,0.0,0.0,0.0,0.0,0.0,0.0,-8.0,-6.0,0.0,-0.19999999999999996,0.0,0.5714285714285714,-0.5714285714285714,0.0,0.0,-1.0,1.0,-0.5,-0.09999999999999998,0.0,0.0,-2.0,0.0,-6.0,-0.375,-6.0,0.0,-63.6102700283102,16.820893516210162,6.488215979654342,-64.62167241673069,0.0,-137.22222222222223,-230.25,0.0,-1.0,-1.0,1.0,1.0
2021-10-06,600010080,600010080|3249894|4236496,4236496,3249894,daniel barez,carlos hernandez,0,carlos hernandez,DEC-SPLT,3,15.0,4.873474472439543,-5.0800000000000125,-2.5400000000000205,0.0,0.0,0.0,0.0,0.0,0.0,0.0,0.0,0.0,0.0,0.0,0.0,0.0,0.0,0.0,0.0,0.0,0.0,0.0,0.0,0.0,0.0,0.0,0.0,0.0,7.0,4.0,3.0,-0.09411764705882353,0.25,0.3333333333333333,-0.08333333333333331,-0.25,-0.09999999999999998,0.0,-0.09999999999999998,-0.33333333333333337,0.0,0.5,0.25,-2.0,-1.0,9.0,-0.044117647058823484,7.0,0.0,8.32832808837702,10.668134796906998,-7.998564247410741,-24.384224614610957,0.0,-72.49411764705883,-165.39999999999998,0.041666666666666685,0.125,1.0,1.0,1.0
2021-10-06,600010080,600010080|4425728|4880596,4880596,4425728,fernie garcia,joshua weems,1,fernie garcia,KO-TKO,1,2.17,2.0616439762623457,-2.539999999999992,-5.079999999999984,0.0,0.0,0.0,0.0,0.0,0.0,0.0,0.0,0.0,0.0,0.0,0.0,0.0,0.0,0.0,0.0,0.0,0.0,0.0,0.0,0.0,0.0,0.0,0.0,0.0,6.0,5.0,1.0,0.25,-0.6666666666666667,0.0,-0.6666666666666667,0.6666666666666666,-1.0,-1.0,0.0,0.5,0.30000000000000004,-1.0,-1.0,6.0,0.6666666666666666,0.0,0.5,0.0,0.0,45.593762198952845,34.81205752650021,53.44437123189505,138.22061759975168,-440.0,539.125,680.0,-0.8333333333333334,-0.8333333333333334,0.0,1.0,1.0
2021-10-06,600010080,600010080|4783385|4875515,4875515,4783385,shonte barnes,joseph holmes,0,joseph holmes,SUBMISSION,2,7.77,8.397160790433755,-12.699999999999989,-10.159999999999997,0.0,0.0,1.0,0.0,0.0,0.0,0.0,0.0,0.0,0.0,0.0,0.0,0.0,0.0,0.0,0.0,0.0,0.0,0.0,0.0,0.0,0.0,0.0,0.0,-1.0,-2.0,0.0,-2.0,0.0,0.0,0.0,0.0,0.0,0.0,0.0,0.0,0.0,0.0,0.0,0.0,-2.0,0.0,0.0,0.0,-1.0,0.0,23.17238532655597,-1506.0,-1506.0,-1500.0,,-900.0,-900.0,0.0,0.0,0.0,0.0,1.0
2021-10-06,600010080,600010080|4874988|4874989,4874988,4874989,genaro valdez,patrik white,1,genaro valdez,KO-TKO,2,5.73,1.401808387578118,-7.620000000000003,0.0,0.0,0.0,0.0,0.0,0.0,0.0,0.0,0.0,0.0,0.0,0.0,0.0,0.0,0.0,0.0,0.0,0.0,0.0,0.0,0.0,0.0,0.0,0.0,0.0,0.0,0.0,0.0,0.0,0.0,0.0,0.0,0.0,0.0,0.0,0.0,0.0,0.0,0.0,0.0,0.0,0.0,0.0,0.0,0.0,0.0,0.0,0.0,0.0,0.0,0.0,,0.0,0.0,0.0,0.0,0.0,0.0,0.0
2021-10-13,600010081,600010081|2502713|4406574,2502713,4406574,lorenzo hood,martin buday,0,martin buday,KO-TKO,1,4.93,2.694100494876693,-2.539999999999992,7.619999999999976,0.0,0.0,1.0,0.0,0.0,-1.0,0.0,0.0,0.0,0.0,0.0,0.0,0.0,0.0,0.0,0.0,0.0,0.0,0.0,0.0,0.0,0.0,0.0,0.0,0.0,-3.0,-6.0,3.0,-1.0,-1.0,-0.6666666666666666,-0.3333333333333333,0.0,1.0,0.0,1.0,-1.0,-1.0,-1.0,-1.0,-6.0,-1.0,3.0,0.0,2.0,-1.0,-102.04102386571594,19.654298976795644,15.807352745031494,-81.29806962866633,1828.0,-9.333333333333314,-91.0,-0.3333333333333333,-0.3333333333333333,-1.0,1.0,1.0
2021-10-13,600010081,600010081|4403763|4869428,4869428,4403763,maria silva,kathryn paprocki,1,maria silva,DEC-UNA,3,15.0,-2.64208026174391,0.0,0.0,0.0,0.0,0.0,0.0,0.0,0.0,0.0,0.0,0.0,0.0,0.0,0.0,0.0,0.0,0.0,0.0,0.0,0.0,0.0,0.0,0.0,0.0,0.0,0.0,0.0,-1.0,-1.0,0.0,0.0,-1.0,0.0,-1.0,1.0,0.0,0.0,0.0,0.0,0.0,-1.0,-1.0,-2.0,-1.0,1.0,1.0,0.0,0.0,-10.600492020116917,20.328056438567728,20.328056438567728,14.368966405063247,1077.0,59.0,59.0,0.0,0.0,0.0,1.0,1.0
2021-10-13,600010081,600010081|4705600|4815978,4705600,4815978,jake hadley,mitch raposo,1,jake hadley,SUBMISSION,2,8.18,2.201277233618761,5.0800000000000125,13.97,0.0,0.0,1.0,-1.0,0.0,0.0,0.0,0.0,0.0,0.0,0.0,0.0,0.0,0.0,0.0,0.0,0.0,0.0,0.0,0.0,0.0,0.0,0.0,0.0,0.0,6.0,7.0,-1.0,0.16666666666666663,0.15000000000000002,0.04999999999999999,0.09999999999999998,-0.15000000000000002,-1.0,0.0,-1.0,0.33333333333333337,0.19999999999999996,0.3333333333333333,0.09999999999999998,6.0,1.0,0.0,0.16666666666666663,3.0,1.0,90.48561358358756,26.277564609890078,71.32185559226878,106.79489219363109,0.0,173.37878787878782,311.0,-0.09999999999999998,-0.09999999999999998,0.0,1.0,1.0
2021-10-13,600010081,600010081|4867356|4877915,4867356,4877915,chris duncan,viacheslav borshchev,0,viacheslav borshchev,KO-TKO,2,5.47,-1.3360986194103894,-2.539999999999992,5.0800000000000125,0.0,0.0,0.0,0.0,-1.0,0.0,0.0,0.0,0.0,0.0,0.0,0.0,0.0,0.0,0.0,0.0,0.0,0.0,0.0,0.0,0.0,0.0,0.0,0.0,0.0,1.0,2.0,-1.0,0.13888888888888884,0.33333333333333337,0.375,-0.04166666666666666,-0.3333333333333333,1.0,1.0,0.0,-0.33333333333333337,0.20000000000000007,0.0,0.0,0.0,0.5,1.0,-0.19999999999999996,1.0,0.0,23.972045158027868,-15.969923936104806,-10.999415866395111,-31.96199115063996,0.0,-214.5,-167.0,0.041666666666666685,-0.125,0.0,1.0,1.0
2021-10-13,600010081,600010081|4875511|4892422,4875511,4892422,christian rodriguez,reyes cortez jr.,1,christian rodriguez,DEC-UNA,3,15.0,-5.3799872687324175,0.0,8.890000000000015,0.0,0.0,0.0,0.0,0.0,0.0,0.0,0.0,0.0,0.0,0.0,0.0,0.0,0.0,0.0,0.0,0.0,0.0,0.0,0.0,0.0,0.0,0.0,0.0,0.0,10.0,10.0,0.0,0.9090909090909091,0.9,0.4,0.5,0.1,1.0,0.0,1.0,1.0,1.0,0.6666666666666666,0.8,6.0,1.0,4.0,0.8,5.0,0.0,102.03615267131022,-89.0843671922105,-94.64677262249688,23.864803916179426,0.0,-444.8888888888889,-347.0,0.5,0.6,1.0,1.0,1.0
2021-10-20,600011551,600011551|3924102|3936279,3924102,3936279,james barnes,pedro falcão,0,pedro falcão,KO-TKO,3,13.92,10.174062437969296,5.0800000000000125,12.700000000000015,0.0,0.0,0.0,0.0,0.0,0.0,0.0,0.0,0.0,0.0,0.0,0.0,0.0,0.0,0.0,0.0,0.0,0.0,0.0,0.0,0.0,0.0,0.0,0.0,0.0,6.0,1.0,5.0,-0.16666666666666674,0.27083333333333337,-0.275,0.5458333333333334,-0.2708333333333333,0.5416666666666667,0.5416666666666667,0.0,-0.33333333333333337,0.0,0.33333333333333337,0.25,1.0,-0.4888888888888888,5.0,0.0793650793650793,-3.0,0.0,-58.94737907058948,-22.940384651910335,-37.396890659877954,-55.0193782335632,0.0,-135.33333333333331,163.64999999999998,0.09583333333333333,0.029166666666666674,0.0,1.0,1.0
2021-10-20,600011551,600011551|4336424|4835137,4835137,4336424,caio borralho,jesse murray,1,caio borralho,KO-TKO,1,1.68,0.0273790700698874,-5.0800000000000125,-7.620000000000003,0.0,0.0,1.0,0.0,0.0,0.0,1.0,1.0,1.0,0.0,0.0,0.0,1.0,15.0,1.0,1.0,4.533333333333333,6.8,0.6666666666666666,3.0,4.0,0.75,0.0,0.0,0.0,-10.0,-6.0,-4.0,0.33333333333333337,0.375,0.375,0.0,-0.375,-1.0,-1.0,0.0,0.33333333333333337,0.4,0.5,0.6666666666666667,0.0,0.0,-10.0,0.33333333333333337,-5.0,0.0,-13.213969316949715,34.871930570803215,36.22944059208203,-17.491435374655794,0.0,-250.58333333333331,-337.3,0.5,0.375,0.0,1.0,1.0
2021-10-20,600011551,600011551|4816066|4836549,4816066,4836549,piera rodriguez,valesca machado,1,piera rodriguez,DEC-UNA,3,15.0,3.4826177128893825,-2.539999999999992,1.2699999999999818,0.0,0.0,0.0,0.0,1.0,0.0,0.0,0.0,0.0,0.0,0.0,0.0,0.0,0.0,0.0,0.0,0.0,0.0,0.0,0.0,0.0,0.0,0.0,0.0,0.0,4.0,7.0,-2.0,0.75,0.75,0.75,0.0,-0.75,0.0,0.0,0.0,0.6666666666666667,0.75,0.6666666666666666,0.6,1.0,0.0,3.0,1.0,1.0,1.0,97.33248520064217,-16.81553975533143,-2.2192739353183697,81.42483162301573,0.0,-69.125,47.799999999999955,0.0,0.25,0.0,1.0,1.0
2021-10-20,600011551,600011551|4875514|4894791,4875514,4894791,kaloyan kolev,armen petrosyan,0,armen petrosyan,KO-TKO,1,4.45,-1.9548656029897915,-2.539999999999992,5.079999999999984,0.0,0.0,0.0,0.0,-1.0,0.0,0.0,0.0,0.0,0.0,0.0,0.0,0.0,0.0,0.0,0.0,0.0,0.0,0.0,0.0,0.0,0.0,0.0,0.0,1.0,1.0,1.0,0.0,1.0,1.0,1.0,0.0,0.0,0.0,0.0,0.0,1.0,1.0,1.0,1.0,0.0,0.0,1.0,1.0,1.0,0.0,11.629674361108982,1489.2745688483824,1489.2745688483824,1489.2745688483824,,43.0,43.0,1.0,1.0,0.0,1.0,0.0
2021-10-20,600011551,600011551|4878384|4880114,4878384,4880114,solomon renfro,jonny parsons,0,jonny parsons,DEC-SPLT,3,15.0,-5.418317966830259,0.0,7.620000000000003,0.0,0.0,0.0,1.0,-1.0,0.0,0.0,0.0,0.0,0.0,0.0,0.0,0.0,0.0,0.0,0.0,0.0,0.0,0.0,0.0,0.0,0.0,0.0,0.0,0.0,6.0,5.0,1.0,0.050000000000000044,0.041666666666666685,-0.08333333333333331,0.125,-0.04166666666666663,0.5,0.0,0.5,0.0,-0.15000000000000002,1.0,0.6666666666666667,0.0,0.0,6.0,0.050000000000000044,-1.0,0.0,31.51019360809937,-25.22161279298598,-17.610828098600223,-44.37459653543078,0.0,-211.89999999999998,-520.3,0.041666666666666685,0.041666666666666685,1.0,1.0,1.0
2021-10-27,600011552,600011552|3309918|4568503,3309918,4568503,karine silva,yan qihui,1,karine silva,SUBMISSION,2,6.73,2.885753985365888,5.079999999999984,12.700000000000015,0.0,0.0,0.0,0.0,0.0,1.0,0.0,0.0,0.0,0.0,0.0,0.0,0.0,0.0,0.0,0.0,0.0,0.0,0.0,0.0,0.0,0.0,0.0,0.0,1.0,1.0,1.0,0.0,1.0,1.0,0.0,1.0,0.0,0.0,0.0,0.0,1.0,1.0,1.0,1.0,0.0,0.0,1.0,1.0,1.0,0.0,15.595312021669315,1607.3889893077883,1607.3889893077883,1607.3889893077883,,187.0,187.0,1.0,1.0,0.0,1.0,0.0
2021-10-27,600011552,600011552|4021216|4867357,4867357,4021216,javid basharat,oron kahlon,1,javid basharat,SUBMISSION,3,14.2,-10.839373840667498,2.539999999999992,-2.5400000000000205,0.0,0.0,0.0,0.0,0.0,0.0,0.0,0.0,0.0,0.0,0.0,0.0,0.0,0.0,0.0,0.0,0.0,0.0,0.0,0.0,0.0,0.0,0.0,0.0,0.0,-2.0,-1.0,-1.0,0.0714285714285714,0.0,0.1858974358974359,-0.1858974358974359,0.0,-1.0,0.0,-1.0,0.33333333333333337,0.19999999999999996,0.0,0.0,0.0,0.0,-2.0,0.08333333333333337,2.0,0.0,11.816988683207455,8.430624110198096,44.013479142737424,48.376382166815574,0.0,58.14615384615385,-24.25,-0.17948717948717952,-0.2564102564102565,0.0,1.0,1.0
2021-10-27,600011552,600011552|4218124|4896616,4218124,4896616,kolton englund,manuel torres,0,manuel torres,KO-TKO,1,2.17,1.7084539723608287,0.0,-10.159999999999997,0.0,0.0,0.0,-1.0,0.0,0.0,0.0,0.0,0.0,0.0,0.0,0.0,0.0,0.0,0.0,0.0,0.0,0.0,0.0,0.0,0.0,0.0,0.0,0.0,0.0,2.0,2.0,0.0,0.0,-1.0,0.0,-1.0,1.0,0.0,0.0,0.0,0.0,0.0,-1.0,-1.0,2.0,1.0,0.0,0.0,1.0,0.0,24.085404993930524,-36.18826911566475,-36.18826911566475,-26.987144388465367,-1002.0,759.0,759.0,-1.0,-1.0,0.0,1.0,1.0
2021-10-27,600011552,600011552|4884868|4894864,4894864,4884868,xiao long,cristian quiñonez,0,cristian quiñonez,DEC-UNA,3,15.0,-1.96307932401076,0.0,0.0,0.0,0.0,0.0,0.0,1.0,-1.0,0.0,0.0,0.0,0.0,0.0,0.0,0.0,0.0,0.0,0.0,0.0,0.0,0.0,0.0,0.0,0.0,0.0,0.0,-1.0,-9.0,-8.0,-1.0,-0.8888888888888888,-0.625,-0.625,0.0,-0.375,-1.0,-1.0,0.0,-1.0,-0.8,-0.6666666666666666,-0.75,-2.0,-1.0,-7.0,-0.8571428571428571,-6.0,0.0,-89.04022861734347,-1553.873511723063,-1591.072652575076,-1646.1515337258993,,-685.25,-616.4,-0.125,-0.25,0.0,0.0,1.0
2021-10-27,600011552,600011552|4892415|4892416,4892415,4892416,xie bin,olivier murad,0,olivier murad,DEC-SPLT,3,15.0,-4.1889977206924165,-2.5400000000000205,-2.539999999999992,0.0,0.0,-1.0,0.0,0.0,0.0,0.0,0.0,0.0,0.0,0.0,0.0,0.0,0.0,0.0,0.0,0.0,0.0,0.0,0.0,0.0,0.0,0.0,0.0,-1.0,-6.0,-6.0,0.0,-1.0,-0.6666666666666666,-0.3333333333333333,-0.3333333333333333,-0.3333333333333333,0.0,0.0,0.0,-1.0,-1.0,-0.3333333333333333,-0.6,0.0,0.0,-6.0,-1.0,-6.0,0.0,-65.45456314714261,-1496.1967351684004,-1497.8360822020804,-1525.1661941135367,,-546.6666666666666,-648.6,-0.5,-0.5,-1.0,0.0,1.0
2021-10-27,600011552,600011552|4896529|4896540,4896540,4896529,jansey silva,gadzhi omargadzhiev,0,gadzhi omargadzhiev,SUBMISSION,1,4.32,-2.2587732807655208,2.5400000000000205,-11.430000000000009,0.0,0.0,0.0,-1.0,0.0,0.0,0.0,0.0,0.0,0.0,0.0,0.0,0.0,0.0,0.0,0.0,0.0,0.0,0.0,0.0,0.0,0.0,0.0,0.0,0.0,-4.0,-6.0,2.0,-0.2222222222222222,-0.13186813186813184,0.17582417582417587,-0.3076923076923077,0.13186813186813184,1.0,0.5,0.5,-0.33333333333333337,-0.4,0.33333333333333337,0.19999999999999996,0.0,0.0,-4.0,-0.2222222222222222,-7.0,0.0,-81.88089957730608,-9.784332847283395,-4.23599385872626,-78.08737334797866,0.0,98.125,-22.94999999999999,-0.10989010989010989,-0.26373626373626374,-1.0,1.0,1.0
2021-11-03,600011553,600011553|4204320|4286781,4204320,4286781,juan puerta,shang zhifa,1,juan puerta,DEC-SPLT,3,15.0,-1.8508251367242323,5.079999999999984,20.319999999999997,0.0,0.0,1.0,0.0,0.0,0.0,0.0,0.0,0.0,0.0,0.0,0.0,0.0,0.0,0.0,0.0,0.0,0.0,0.0,0.0,0.0,0.0,0.0,0.0,1.0,30.0,23.0,7.0,0.7666666666666667,0.5652173913043478,0.043478260869565216,0.5217391304347826,0.43478260869565216,0.42857142857142855,0.2857142857142857,0.14285714285714285,1.0,1.0,0.3333333333333333,0.4,2.0,0.0,28.0,0.8214285714285714,17.0,0.0,157.62433763257468,1520.1532624789666,1551.0869999588417,1624.528141141677,,673.8333333333334,681.4,0.30434782608695654,0.391304347826087,1.0,1.0,0.0
2021-11-03,600011553,600011553|4354422|4884867,4884867,4354422,jonas bilharinho,canaan kawaihae,1,jonas bilharinho,KO-TKO,3,14.0,7.2636672895405106,-2.539999999999992,10.159999999999997,0.0,0.0,-1.0,1.0,0.0,-1.0,-1.0,0.0,0.0,0.0,0.0,0.0,0.0,-15.0,-1.0,-1.0,-5.4,-8.266666666666667,-0.6532258064516129,0.0,-3.0,0.0,0.0,-3.0,0.0,1.0,2.0,-1.0,0.10606060606060608,0.15000000000000002,0.675,-0.525,-0.15,0.5,0.5,0.0,0.0,0.0,0.0,0.5,3.0,-0.1428571428571429,-2.0,0.22857142857142865,0.0,0.0,43.10843794418247,33.61263373328211,17.473268971855305,36.27441261888589,0.0,167.7171717171717,79.79999999999995,-0.35,-0.25,0.0,1.0,1.0
2021-11-03,600011553,600011553|4848687|4880807,4880807,4848687,yohan lainesse,justin burlinson,1,yohan lainesse,KO-TKO,1,1.62,4.761220285153016,0.0,5.079999999999984,0.0,0.0,0.0,-1.0,1.0,0.0,0.0,0.0,0.0,0.0,0.0,0.0,0.0,0.0,0.0,0.0,0.0,0.0,0.0,0.0,0.0,0.0,0.0,0.0,0.0,-9.0,-8.0,-1.0,0.09090909090909094,0.0,0.9,-0.9,0.0,-1.0,-1.0,0.0,0.33333333333333337,0.19999999999999996,0.0,0.0,-6.0,-1.0,-3.0,0.19999999999999996,-4.0,0.0,-63.60483581185713,83.49257541810948,54.7963983622808,9.601264779757003,0.0,34.0,112.5,-0.4,0.30000000000000004,-1.0,1.0,1.0
2021-11-03,600011553,600011553|4875499|4895360,4895360,4875499,maheshate,achilles estremadura,1,maheshate,DEC-UNA,3,15.0,-7.723635666714578,5.079999999999984,8.890000000000015,0.0,0.0,0.0,0.0,0.0,1.0,0.0,0.0,0.0,0.0,0.0,0.0,0.0,0.0,0.0,0.0,0.0,0.0,0.0,0.0,0.0,0.0,0.0,0.0,0.0,0.0,0.0,0.0,0.0,0.0,0.0,0.0,0.0,0.0,0.0,0.0,0.0,0.0,0.0,0.0,0.0,0.0,0.0,0.0,0.0,0.0,0.0,0.0,0.0,0.0,,0.0,0.0,0.0,0.0,0.0,0.0,0.0
2021-11-03,600011553,600011553|4895361|4895769,4895361,4895769,qiulun,erisson ferreira,0,erisson ferreira,DEC-UNA,3,15.0,-6.182194021780049,5.0800000000000125,-7.620000000000003,0.0,0.0,1.0,0.0,0.0,0.0,0.0,0.0,0.0,0.0,0.0,0.0,0.0,0.0,0.0,0.0,0.0,0.0,0.0,0.0,0.0,0.0,0.0,0.0,-1.0,-14.0,-12.0,-2.0,-0.8571428571428571,-0.9166666666666666,-0.9166666666666666,0.0,-0.08333333333333333,0.0,0.0,0.0,-1.0,-1.0,-0.6666666666666666,-0.8,-3.0,-1.0,-11.0,-0.8181818181818182,-11.0,0.0,-104.94882597997889,-1513.1198559668178,-1521.0444286584545,-1546.9891798854858,,-400.9230769230769,-531.5,-0.5833333333333334,-0.5833333333333334,0.0,0.0,1.0
2022-07-27,600021770,600021770|4684135|4944080,4944080,4684135,ozzy diaz,joe pyfer,0,joe pyfer,KO-TKO,2,6.65,5.820790296857567,5.079999999999984,10.159999999999997,0.0,0.0,0.0,0.0,-1.0,0.0,-1.0,0.0,0.0,0.0,0.0,0.0,0.0,-4.35,0.0,-1.0,-3.6781609195402303,-4.8275862068965525,-0.7619047619047619,-3.4482758620689657,-3.4482758620689657,-1.0,0.0,-3.4482758620689657,-1.0,-3.0,-2.0,-1.0,-0.6666666666666666,-1.0,-1.0,0.0,0.0,-1.0,0.0,-1.0,-0.6666666666666666,-0.6666666666666666,-1.0,-1.0,0.0,0.0,-3.0,-0.6666666666666666,-1.0,0.0,-11.166485141506882,-1495.04053880247,-1495.04053880247,-1517.3268024929143,,-263.6666666666667,-263.6666666666667,-0.5,-1.0,0.0,0.0,1.0
2022-07-27,600021770,600021770|4686735|4879763,4879763,4686735,kaleio romero,dennis buzukja,0,dennis buzukja,DEC-UNA,3,15.0,1.4510907137039055,2.5400000000000205,-3.8100000000000014,0.0,0.0,0.0,0.0,0.0,0.0,-1.0,0.0,0.0,0.0,0.0,0.0,0.0,-15.0,-1.0,-1.0,-3.8,-8.133333333333333,-0.4672131147540984,-2.0,-8.0,-0.25,0.0,-1.0,0.0,-7.0,-7.0,0.0,-0.31818181818181823,0.5555555555555556,0.05555555555555558,0.5,-0.5555555555555556,0.5,0.5,0.0,-0.6666666666666667,-0.30000000000000004,0.6666666666666667,0.75,-2.0,-1.0,-5.0,-0.2777777777777778,0.0,0.0,-69.3350195882856,33.21005363432096,26.361606233786006,-25.944884987015712,0.0,-307.95000000000005,-383.45000000000005,0.5555555555555556,0.6666666666666667,1.0,1.0,1.0
2022-07-27,600021770,600021770|4687113|4875513,4875513,4687113,anton turkalj,acácio dos santos,1,anton turkalj,DEC-UNA,3,15.0,-4.698248423992279,0.0,-2.539999999999992,0.0,0.0,0.0,0.0,0.0,0.0,0.0,0.0,0.0,0.0,0.0,0.0,0.0,0.0,0.0,0.0,0.0,0.0,0.0,0.0,0.0,0.0,0.0,0.0,-1.0,-7.0,-5.0,-2.0,-0.7142857142857143,-0.2,-0.2,0.0,-0.8,-0.5,-0.5,0.0,-0.6666666666666666,-0.8,0.0,0.0,0.0,0.0,-7.0,-0.7142857142857143,-4.0,0.0,-46.74615129967765,-1561.2727467199254,-1581.8425762239522,-1606.5428769014052,,-842.4285714285714,-900.0,0.0,0.0,0.0,0.0,1.0
2022-07-27,600021770,600021770|5060382|5074121,5074121,5060382,alessandro costa,juan andres luna,1,alessandro costa,DEC-SPLT,3,15.0,-0.4408030281251491,-7.620000000000003,-12.699999999999989,0.0,0.0,0.0,0.0,0.0,1.0,0.0,0.0,0.0,0.0,0.0,0.0,0.0,0.0,0.0,0.0,0.0,0.0,0.0,0.0,0.0,0.0,0.0,0.0,1.0,4.0,4.0,0.0,1.0,0.75,0.25,0.5,0.25,0.0,0.0,0.0,1.0,1.0,0.6666666666666666,0.75,0.0,0.0,4.0,1.0,4.0,0.0,52.570075993143064,1552.049178961541,1552.049178961541,1622.4100469935083,,307.75,307.75,0.75,0.75,1.0,1.0,0.0
2022-08-03,600021771,600021771|4706975|4892412,4892412,4706975,shimon smotritsky,billy ray goff,0,billy ray goff,KO-TKO,1,3.62,-2.1793739775628502,10.159999999999997,5.0800000000000125,0.0,0.0,0.0,-1.0,0.0,0.0,1.0,0.0,0.0,0.0,0.0,0.0,0.0,0.65,0.0,1.0,1.5384615384615383,9.23076923076923,0.1666666666666666,0.0,0.0,0.0,0.0,23.076923076923077,1.0,3.0,1.0,2.0,0.3333333333333333,1.0,1.0,0.0,0.0,1.0,0.5,0.5,0.3333333333333333,0.3333333333333333,1.0,1.0,0.0,0.0,3.0,0.3333333333333333,2.0,0.0,-8.031442062588667,1543.2195997968458,1543.2195997968458,1500.0,,128.0,128.0,1.0,0.0,0.0,1.0,0.0
2022-08-03,600021771,600021771|4786358|4867356,4867356,4786358,chris duncan,charlie campbell,1,chris duncan,KO-TKO,1,1.72,2.146519093478989,-5.079999999999984,-3.8100000000000014,0.0,0.0,0.0,0.0,0.0,0.0,1.0,0.0,0.0,0.0,0.0,0.0,0.0,5.47,0.0,1.0,7.495429616087752,11.151736745886655,0.6721311475409836,0.0,0.0,0.0,2.742230347349177,0.0,0.0,7.0,7.0,0.0,0.15909090909090906,0.2333333333333334,0.13333333333333341,0.1,-0.2333333333333333,0.0,0.0,0.0,0.0,0.050000000000000044,0.0,0.08333333333333337,2.0,0.0,5.0,0.3571428571428571,2.0,0.0,64.44320915708931,-33.71596688618433,-21.10018432837319,22.231032321200928,0.0,-74.13333333333333,-1.0833333333333144,0.4,0.06666666666666671,1.0,1.0,1.0
2022-08-03,600021771,600021771|4812389|4869425,4812389,4869425,shannon ross,vinicius salvador,0,vinicius salvador,KO-TKO,2,9.37,7.20069542837977,-2.5400000000000205,-11.430000000000009,0.0,0.0,-1.0,1.0,0.0,-1.0,0.0,0.0,0.0,0.0,0.0,0.0,0.0,0.0,0.0,0.0,0.0,0.0,0.0,0.0,0.0,0.0,0.0,0.0,0.0,1.0,0.0,1.0,-0.0368421052631579,-0.4285714285714286,-0.4285714285714286,0.0,0.42857142857142855,-0.30000000000000004,-0.26666666666666666,-0.033333333333333354,-0.6666666666666667,-0.20000000000000007,-1.0,-0.6666666666666667,-2.0,0.6666666666666667,3.0,-0.29807692307692313,-1.0,0.0,-17.32529268021085,-14.33823920208988,-9.776735148106354,-34.00863058237155,0.0,269.65294117647056,306.59999999999997,-0.3571428571428572,-0.28571428571428575,0.0,1.0,1.0
2022-08-03,600021771,600021771|4903365|5060387,5060387,4903365,danilo suzart,waldo cortes-acosta,0,waldo cortes-acosta,KO-TKO,1,3.67,-0.1697502344332875,-10.159999999999997,-10.159999999999997,0.0,0.0,0.0,0.0,-1.0,0.0,0.0,0.0,0.0,0.0,0.0,0.0,0.0,0.0,0.0,0.0,0.0,0.0,0.0,0.0,0.0,0.0,0.0,0.0,0.0,-8.0,-10.0,2.0,-1.0,-0.7,-0.6,-0.1,-0.3,0.5,0.5,0.0,-1.0,-1.0,-1.0,-1.0,-6.0,-1.0,-2.0,-1.0,-3.0,-1.0,-133.40026006533162,28.919905601864684,25.651196700418268,-134.28379694792034,0.0,1.6666666666666288,30.0,-0.2,-0.5,-1.0,1.0,1.0
2022-08-03,600021771,600021771|5044438|5060394,5060394,5044438,francis marshall,connor matthews,1,francis marshall,DEC-UNA,3,15.0,-6.754416586240648,2.539999999999992,2.539999999999992,0.0,0.0,0.0,-1.0,0.0,0.0,0.0,0.0,0.0,0.0,0.0,0.0,0.0,0.0,0.0,0.0,0.0,0.0,0.0,0.0,0.0,0.0,0.0,0.0,0.0,-4.0,-3.0,-1.0,0.16666666666666663,-0.5,-0.2,-0.30000000000000004,0.5,0.0,0.0,0.0,0.33333333333333337,0.19999999999999996,-0.5,-0.5,0.0,0.0,-4.0,0.16666666666666663,-1.0,0.0,-10.910043341236815,63.45098233251747,65.53838015778524,49.98998350052125,0.0,651.3333333333334,612.4,-1.0,-1.0,-1.0,1.0,1.0
2022-08-10,600021772,600021772|4565641|5007669,4565641,5007669,jamal pogues,paulo renato jr.,1,jamal pogues,DEC-UNA,3,15.0,-1.848087229717244,7.620000000000003,10.160000000000023,0.0,0.0,0.0,0.0,1.0,0.0,1.0,1.0,1.0,0.0,0.0,0.0,1.0,15.0,1.0,1.0,3.2666666666666666,4.4,0.7424242424242424,7.0,11.0,0.6363636363636364,0.0,0.0,0.0,13.0,10.0,3.0,0.6666666666666666,0.5,0.4,0.1,0.5,0.5,0.2,0.30000000000000004,1.0,0.6,0.0,0.0,6.0,0.3333333333333333,7.0,0.8888888888888888,5.0,1.0,84.17592371205842,-3.821718468429026,12.517304337204678,112.25975156065738,0.0,133.91666666666663,397.4,0.5,0.3,1.0,1.0,1.0
2022-08-10,600021772,600021772|4683551|5044439,4683551,5044439,karolina wojcik,sandra lavado,1,karolina wojcik,DEC-UNA,3,15.0,-0.3614037249224822,-12.700000000000015,-10.159999999999997,0.0,0.0,0.0,0.0,0.0,0.0,0.0,0.0,0.0,0.0,0.0,0.0,0.0,0.0,0.0,0.0,0.0,0.0,0.0,0.0,0.0,0.0,0.0,0.0,0.0,0.0,1.0,-1.0,0.07692307692307687,-0.2181818181818182,0.18181818181818182,-0.4,0.21818181818181825,0.0,0.0,0.0,0.33333333333333337,0.4,0.0,0.0,4.0,1.0,-4.0,0.008547008547008517,2.0,0.0,27.532203073752044,2.3661348287755573,-5.640165276913649,78.11901514647093,0.0,193.10489510489504,0.0,-0.2,-0.2,0.0,1.0,1.0
2022-08-10,600021772,600021772|4904998|5076027,5076027,4904998,édgar cháirez,clayton carpenter,0,clayton carpenter,DEC-UNA,3,15.0,0.3668795389364625,2.5400000000000205,12.700000000000015,0.0,0.0,0.0,0.0,0.0,0.0,0.0,0.0,0.0,0.0,0.0,0.0,0.0,0.0,0.0,0.0,0.0,0.0,0.0,0.0,0.0,0.0,0.0,0.0,0.0,5.0,1.0,4.0,-0.33333333333333337,0.2857142857142857,0.07142857142857145,0.2142857142857143,-0.2857142857142857,0.5,0.0,0.5,-0.33333333333333337,-0.4,0.33333333333333337,0.4,-4.0,-1.0,9.0,-0.33333333333333337,1.0,0.0,-42.11956446424347,-10.043299786566877,-7.602600815798496,-28.082499624787488,0.0,29.702380952380963,293.00000000000006,0.1785714285714286,0.3035714285714286,0.0,1.0,1.0
2022-08-10,600021772,600021772|5060511|5075335,5075335,5060511,erik silva,anvar boynazarov,1,erik silva,KO-TKO,1,1.53,1.8234460666543413,0.0,5.0800000000000125,0.0,0.0,0.0,0.0,0.0,0.0,0.0,0.0,0.0,0.0,0.0,0.0,0.0,0.0,0.0,0.0,0.0,0.0,0.0,0.0,0.0,0.0,0.0,0.0,0.0,-3.0,-2.0,-1.0,0.19999999999999996,0.0,-0.5,0.5,0.0,-1.0,-1.0,0.0,0.33333333333333337,0.19999999999999996,0.0,0.0,-2.0,-1.0,-1.0,0.33333333333333337,-1.0,0.0,-2.49637377252202,84.20396235944054,84.20396235944054,114.68186316462425,0.0,100.4,100.4,0.0,0.0,1.0,1.0,1.0
2022-08-10,600021772,600021772|5061870|5078230,5061870,5078230,bo nickal,zachary borrego,1,bo nickal,SUBMISSION,1,1.03,0.5092507032998626,-2.5400000000000205,-5.0800000000000125,0.0,0.0,1.0,-1.0,0.0,1.0,0.0,0.0,0.0,0.0,0.0,0.0,0.0,0.0,0.0,0.0,0.0,0.0,0.0,0.0,0.0,0.0,0.0,0.0,-1.0,-1.0,-1.0,0.0,-1.0,0.0,0.0,0.0,-1.0,0.0,0.0,0.0,-1.0,-1.0,0.0,0.0,0.0,0.0,-1.0,-1.0,-1.0,0.0,-10.073927770651835,-1443.7480757212522,-1443.7480757212522,-1443.7480757212522,,-900.0,-900.0,0.0,0.0,0.0,0.0,1.0
2022-08-17,600021773,600021773|4360028|4584150,4360028,4584150,jose johnson,jack cartwright,1,jose johnson,DEC-UNA,3,15.0,-0.9829086155088724,7.620000000000003,8.890000000000015,0.0,0.0,0.0,0.0,0.0,0.0,1.0,0.0,0.0,0.0,0.0,0.0,0.0,15.0,1.0,1.0,1.8666666666666667,3.8666666666666663,0.4827586206896552,12.0,17.0,0.7058823529411765,0.0,1.0,0.0,7.0,0.0,7.0,-0.27450980392156865,0.0,0.1875,-0.1875,0.125,0.5,0.125,0.375,0.33333333333333337,0.0,0.6666666666666666,0.0,-4.0,-0.5,11.0,-0.18888888888888888,1.0,-5.0,-58.24659275030149,-15.811744773709506,4.226665875647541,56.99239299895589,0.0,-4.453431372549062,-195.20000000000005,-0.125,-0.0625,0.0,1.0,1.0
2022-08-17,600021773,600021773|4374742|5030324,4374742,5030324,hailey cowan,claudia leite,1,hailey cowan,DEC-SPLT,3,15.0,4.728365401069151,12.699999999999989,6.349999999999994,0.0,0.0,1.0,0.0,0.0,0.0,0.0,0.0,0.0,0.0,0.0,0.0,0.0,0.0,0.0,0.0,0.0,0.0,0.0,0.0,0.0,0.0,0.0,0.0,0.0,15.0,12.0,3.0,0.11111111111111116,0.1428571428571429,0.42857142857142855,-0.2857142857142857,0.35714285714285715,1.0,0.0,1.0,0.0,-0.06666666666666665,0.0,-0.16666666666666669,16.0,0.75,-1.0,0.33333333333333337,0.0,0.0,77.3540927729714,-25.516062092130824,-16.931442666627618,4.818656958438169,0.0,-597.3888888888888,-494.5333333333333,0.14285714285714285,0.42857142857142855,1.0,1.0,1.0
2022-08-17,600021773,600021773|5065494|5074126,5074126,5065494,claudio ribeiro,ivan valenzuela,1,claudio ribeiro,KO-TKO,1,0.42,0.3367625618595866,-2.5400000000000205,0.0,0.0,0.0,0.0,0.0,1.0,0.0,0.0,0.0,0.0,0.0,0.0,0.0,0.0,0.0,0.0,0.0,0.0,0.0,0.0,0.0,0.0,0.0,0.0,0.0,1.0,5.0,3.0,2.0,0.6,1.0,1.0,0.0,0.0,0.5,0.0,0.5,1.0,0.6,1.0,1.0,0.0,0.0,5.0,0.6,4.0,0.0,19.037793321698246,1535.437855949339,1535.437855949339,1549.7762219248252,,509.4,509.4,0.6666666666666666,0.6666666666666666,0.0,1.0,0.0
2022-08-17,600021773,600021773|5074129|5074130,5074130,5074129,nazim sadykhov,ahmad hassanzada,1,nazim sadykhov,KO-TKO,3,11.98,2.5161365394224404,-7.619999999999976,-15.240000000000007,0.0,0.0,1.0,0.0,0.0,0.0,0.0,0.0,0.0,0.0,0.0,0.0,0.0,0.0,0.0,0.0,0.0,0.0,0.0,0.0,0.0,0.0,0.0,0.0,1.0,1.0,1.0,0.0,1.0,0.0,0.0,0.0,1.0,0.0,0.0,0.0,1.0,1.0,0.0,0.0,0.0,0.0,1.0,1.0,1.0,0.0,12.397308999949928,1511.5074798593391,1511.5074798593391,1511.5074798593391,,900.0,900.0,0.0,0.0,0.0,1.0,0.0
2022-08-17,600021773,600021773|5074131|5074276,5074276,5074131,thomas paull,esteban ribovics,0,esteban ribovics,KO-TKO,1,1.5,1.5332279239135644,-7.620000000000003,-5.079999999999984,0.0,0.0,0.0,0.0,-1.0,0.0,0.0,0.0,0.0,0.0,0.0,0.0,0.0,0.0,0.0,0.0,0.0,0.0,0.0,0.0,0.0,0.0,0.0,0.0,0.0,4.0,0.0,4.0,-0.2666666666666667,0.0,0.4545454545454546,-0.45454545454545453,0.0,1.0,0.5,0.5,-0.33333333333333337,-0.4,0.0,0.0,0.0,0.0,4.0,-0.2666666666666667,0.0,0.0,-47.95609107760538,-3.1144743456184187,-2.161789652370544,-59.17923690396083,0.0,-138.85454545454544,9.200000000000017,0.18181818181818188,0.36363636363636365,-1.0,1.0,1.0
2022-08-24,600022207,600022207|4358252|4963260,4963260,4358252,amiran gogoladze,darrius flowers,0,darrius flowers,SUBMISSION,1,1.22,-3.290964222400188,10.159999999999997,7.620000000000003,0.0,0.0,0.0,1.0,0.0,0.0,0.0,0.0,0.0,0.0,0.0,0.0,0.0,0.0,0.0,0.0,0.0,0.0,0.0,0.0,0.0,0.0,0.0,0.0,0.0,4.0,4.0,0.0,0.07272727272727275,-0.04166666666666663,-0.25,0.20833333333333331,0.04166666666666666,-0.6666666666666667,0.0,-0.6666666666666667,-0.33333333333333337,-0.20000000000000007,0.0,0.25,-4.0,0.25,8.0,0.06060606060606066,5.0,0.0,20.809704904311957,-23.33814202891449,-14.486544687296828,27.096322165751644,0.0,37.43636363636364,18.399999999999977,-0.125,-0.125,0.0,1.0,1.0
2022-08-24,600022207,600022207|4601333|4963343,4601333,4963343,rayanne dos santos,denise gomes,0,denise gomes,DEC-UNA,3,15.0,4.561353073642856,0.0,-2.5400000000000205,0.0,0.0,0.0,0.0,1.0,0.0,0.0,0.0,0.0,0.0,0.0,0.0,0.0,0.0,0.0,0.0,0.0,0.0,0.0,0.0,0.0,0.0,0.0,0.0,1.0,4.0,2.0,2.0,0.5,0.5,0.5,0.0,0.5,1.0,0.5,0.5,0.3333333333333333,0.5,0.0,0.5,1.0,1.0,3.0,0.3333333333333333,4.0,0.0,2.4544761088345695,1524.7430462906686,1524.7430462906686,1528.6362846739653,,591.0,591.0,0.0,0.0,0.0,1.0,0.0
2022-08-24,600022207,600022207|4895769|5074274,4895769,5074274,erisson ferreira,jesus aguilar,0,jesus aguilar,SUBMISSION,3,11.93,4.862522844411586,5.079999999999984,19.05000000000001,0.0,0.0,0.0,0.0,0.0,0.0,1.0,1.0,1.0,0.0,0.0,0.0,1.0,15.0,1.0,0.0,0.0,0.0,0.0,0.0,0.0,0.0,0.0,0.0,1.0,15.0,12.0,3.0,0.8,0.9166666666666666,0.9166666666666666,0.0,0.08333333333333333,0.3333333333333333,0.0,0.3333333333333333,0.6666666666666666,0.8,0.5,0.75,3.0,1.0,12.0,0.75,11.0,0.0,89.48649376274011,1512.3635006730115,1525.3123003918352,1546.9891798854858,,423.42857142857144,671.25,0.5833333333333334,0.5833333333333334,0.0,1.0,0.0
2022-08-24,600022207,600022207|5053878|5060505,5053878,5060505,eduardo neves,mick parkin,0,mick parkin,SUBMISSION,1,1.95,-4.454574700370301,-5.079999999999984,-1.2700000000000102,0.0,0.0,0.0,0.0,0.0,0.0,0.0,0.0,0.0,0.0,0.0,0.0,0.0,0.0,0.0,0.0,0.0,0.0,0.0,0.0,0.0,0.0,0.0,0.0,0.0,3.0,2.0,1.0,-0.11111111111111116,0.0,0.16666666666666663,-0.16666666666666666,0.0,1.0,0.0,1.0,-0.33333333333333337,-0.19999999999999996,0.0,0.0,6.0,1.0,-3.0,-0.33333333333333337,-1.0,0.0,13.334139869261207,45.55594313892425,50.89161132751178,-30.77543540732313,0.0,-46.33333333333334,-199.8,-0.04166666666666663,-0.20833333333333337,-1.0,1.0,1.0
2022-08-24,600022207,600022207|5077399|5077400,5077400,5077399,josh wang-kim,cameron saaiman,0,cameron saaiman,KO-TKO,3,12.87,8.093253112658026,2.539999999999992,10.159999999999997,0.0,0.0,-1.0,1.0,0.0,0.0,0.0,0.0,0.0,0.0,0.0,0.0,0.0,0.0,0.0,0.0,0.0,0.0,0.0,0.0,0.0,0.0,0.0,0.0,1.0,5.0,3.0,2.0,0.6,1.0,0.6666666666666666,0.3333333333333333,0.0,0.0,0.0,0.0,0.3333333333333333,0.6,1.0,1.0,4.0,0.5,1.0,1.0,3.0,0.0,12.054342459810186,1509.957559707805,1509.957559707805,1500.748101873866,,518.8,518.8,0.3333333333333333,0.3333333333333333,1.0,1.0,0.0
2022-08-31,600022208,600022208|4213329|5080936,4213329,5080936,alexander morgan,blake bilder,0,blake bilder,SUBMISSION,1,3.23,-0.837799544138484,5.0800000000000125,6.349999999999994,0.0,0.0,0.0,-1.0,0.0,0.0,0.0,0.0,0.0,0.0,0.0,0.0,0.0,0.0,0.0,0.0,0.0,0.0,0.0,0.0,0.0,0.0,0.0,0.0,-1.0,-3.0,-3.0,0.0,-1.0,-1.0,-0.3333333333333333,-0.6666666666666666,0.0,0.0,0.0,0.0,-1.0,-1.0,-1.0,-1.0,0.0,0.0,-3.0,-1.0,-2.0,0.0,-40.470483783273494,-1557.053664668555,-1557.053664668555,-1573.9574712123049,,-514.6666666666666,-514.6666666666666,-0.3333333333333333,-0.3333333333333333,-1.0,0.0,1.0
2022-08-31,600022208,600022208|4689965|5044376,5044376,4689965,rodrigo lidio,mateusz rębecki,0,mateusz rębecki,SUBMISSION,1,3.08,3.326557013491037,10.159999999999997,17.78,0.0,0.0,-1.0,0.0,0.0,-1.0,0.0,0.0,0.0,0.0,0.0,0.0,0.0,0.0,0.0,0.0,0.0,0.0,0.0,0.0,0.0,0.0,0.0,0.0,0.0,7.0,5.0,2.0,-0.07638888888888884,0.125,0.22115384615384615,-0.09615384615384615,-0.125,0.0,-0.6666666666666667,0.6666666666666666,-0.33333333333333337,-0.19999999999999996,0.33333333333333337,0.19999999999999996,2.0,1.0,5.0,-0.10317460317460314,3.0,0.0,7.462493593166755,-53.82257372678805,-35.69539698628,-21.031467670658685,0.0,-195.66666666666663,-116.00000000000006,0.038461538461538436,0.1923076923076923,0.0,1.0,1.0
2022-08-31,600022208,600022208|4869428|5060398,5060398,4869428,viktoriia dudakova,maria silva,1,viktoriia dudakova,DEC-UNA,3,15.0,-3.10478654592497,5.079999999999984,5.0800000000000125,0.0,0.0,0.0,0.0,0.0,0.0,-1.0,-1.0,-1.0,0.0,0.0,0.0,-1.0,-15.0,-1.0,0.0,0.0,0.0,0.0,0.0,0.0,0.0,0.0,0.0,-1.0,-2.0,-2.0,0.0,-1.0,-0.5,0.0,-0.5,-0.5,0.0,0.0,0.0,-1.0,-1.0,-0.5,-0.5,0.0,0.0,-2.0,-1.0,-2.0,0.0,-27.131447623031136,-1552.2355817746393,-1552.2355817746393,-1592.4711635492783,,-782.0,-782.0,0.0,0.0,0.0,0.0,1.0
2022-08-31,600022208,600022208|5060467|5060472,5060472,5060467,matej penaz,sedriques dumas,0,sedriques dumas,SUBMISSION,1,0.78,-1.190989548040001,2.539999999999992,10.159999999999997,0.0,0.0,1.0,0.0,-1.0,0.0,0.0,0.0,0.0,0.0,0.0,0.0,0.0,0.0,0.0,0.0,0.0,0.0,0.0,0.0,0.0,0.0,0.0,0.0,0.0,12.0,11.0,1.0,-0.07692307692307687,-0.16666666666666663,0.8333333333333334,-1.0,0.16666666666666666,1.0,0.0,1.0,-0.33333333333333337,-0.19999999999999996,-1.0,-0.5,12.0,1.0,0.0,-1.0,1.0,0.0,89.54046524317846,-118.51395050056772,-99.7781626530359,-72.06134316346788,0.0,259.14285714285717,482.33333333333337,-0.33333333333333337,-0.6666666666666667,0.0,1.0,1.0
2022-08-31,600022208,600022208|5080485|5085249,5085249,5080485,yusaku kinoshita,jose henrique,1,yusaku kinoshita,KO-TKO,3,10.72,1.7522604844726466,-7.620000000000003,-20.319999999999997,0.0,0.0,1.0,0.0,1.0,0.0,0.0,0.0,0.0,0.0,0.0,0.0,0.0,0.0,0.0,0.0,0.0,0.0,0.0,0.0,0.0,0.0,0.0,0.0,0.0,2.0,1.0,1.0,0.3333333333333333,1.0,1.0,0.0,0.0,-1.0,-1.0,0.0,0.3333333333333333,0.3333333333333333,1.0,1.0,2.0,0.0,0.0,1.0,1.0,0.0,10.378393525780211,94.92052248171535,94.92052248171535,68.58386925010427,-2642.0,48.5,48.5,0.0,0.0,0.0,1.0,1.0
2022-09-07,600022209,600022209|3093513|4294871,3093513,4294871,ismael bonfim,nariman abbasov,1,ismael bonfim,DEC-UNA,3,15.0,-1.9028453698570156,0.0,13.970000000000027,0.0,0.0,0.0,0.0,1.0,0.0,0.0,0.0,0.0,0.0,0.0,0.0,0.0,0.0,0.0,0.0,0.0,0.0,0.0,0.0,0.0,0.0,0.0,0.0,0.0,19.0,18.0,1.0,0.19047619047619047,0.2916666666666667,0.25,0.041666666666666685,-0.29166666666666663,0.33333333333333337,0.0,0.33333333333333337,0.33333333333333337,0.19999999999999996,-0.5,-0.5,14.0,0.21568627450980393,5.0,0.1515151515151516,7.0,0.0,151.49123177977094,-19.861351893654955,6.318878576970292,-59.44149517844221,0.0,-30.01449275362313,384.79999999999995,-0.08333333333333331,-0.04166666666666663,0.0,1.0,1.0
2022-09-07,600022209,600022209|4701186|4915907,4701186,4915907,jimmy lawson,karl williams,0,karl williams,DEC-UNA,3,15.0,-1.8508251367242288,-7.620000000000003,-5.079999999999984,0.0,0.0,0.0,0.0,0.0,0.0,0.0,0.0,0.0,0.0,0.0,0.0,0.0,0.0,0.0,0.0,0.0,0.0,0.0,0.0,0.0,0.0,0.0,0.0,0.0,-1.0,-1.0,0.0,-0.08333333333333337,0.6666666666666667,0.6666666666666667,0.0,-0.6666666666666666,-1.0,0.0,-1.0,-0.33333333333333337,-0.08333333333333337,0.6666666666666667,0.6666666666666667,1.0,0.0,-2.0,-0.6666666666666666,-2.0,0.0,-14.063141896264824,-19.65938717906124,-19.65938717906124,-6.416926626717213,330.0,-97.33333333333331,-97.33333333333331,0.6666666666666667,0.6666666666666667,0.0,1.0,1.0
2022-09-07,600022209,600022209|4921516|5092403,5092403,4921516,trey waters,gabriel bonfim,0,gabriel bonfim,SUBMISSION,1,4.22,2.4942332833665297,10.160000000000023,11.430000000000009,0.0,0.0,0.0,0.0,1.0,0.0,0.0,0.0,0.0,0.0,0.0,0.0,0.0,0.0,0.0,0.0,0.0,0.0,0.0,0.0,0.0,0.0,0.0,0.0,0.0,-7.0,-8.0,1.0,-0.125,-0.1428571428571429,0.16190476190476188,-0.30476190476190473,0.14285714285714285,1.0,0.0,1.0,-0.33333333333333337,-0.19999999999999996,0.0,-0.25,-2.0,0.0,-5.0,-0.16666666666666663,-7.0,-1.0,-83.376307314624,8.199695636250226,-21.662496237159758,-44.274455172494754,0.0,175.59166666666664,316.4,-0.18095238095238098,-0.038095238095238126,0.0,1.0,1.0
2022-09-07,600022209,600022209|5056143|5056144,5056143,5056144,nayara maia,tereza bleda,0,tereza bleda,DEC-UNA,3,15.0,11.351362450974351,-10.159999999999997,-12.700000000000015,0.0,0.0,0.0,0.0,0.0,-1.0,0.0,0.0,0.0,0.0,0.0,0.0,0.0,0.0,0.0,0.0,0.0,0.0,0.0,0.0,0.0,0.0,0.0,0.0,0.0,1.0,0.0,0.0,-0.33333333333333337,0.0,0.0,0.0,0.0,0.0,0.0,0.0,-0.33333333333333337,-0.33333333333333337,0.0,0.0,0.0,0.0,1.0,0.0,1.0,0.0,0.08743983380531972,-2.025569159582119,-2.025569159582119,2.641013590968214,-63.0,300.0,300.0,0.0,0.0,0.0,1.0,1.0
2022-09-07,600022209,600022209|5060483|5060489,5060483,5060489,vitor petrino,rodolfo bellato,1,vitor petrino,KO-TKO,2,8.6,-1.5606069939834484,-2.539999999999992,6.349999999999994,0.0,0.0,0.0,0.0,1.0,0.0,0.0,0.0,0.0,0.0,0.0,0.0,0.0,0.0,0.0,0.0,0.0,0.0,0.0,0.0,0.0,0.0,0.0,0.0,0.0,0.0,0.0,0.0,0.0,-0.5,0.5,-1.0,0.5,0.0,0.0,0.0,0.0,0.0,-0.5,-0.5,-2.0,-1.0,2.0,1.0,1.0,0.0,0.5596009678831706,9.310307566435313,9.310307566435313,73.63318741257558,188.0,410.0,410.0,-1.0,-1.0,0.0,1.0,1.0
2022-09-14,600022210,600022210|4394200|4891678,4394200,4891678,bruna brasil,marnic mann,1,bruna brasil,KO-TKO,2,9.55,-0.5092507032998626,15.23999999999998,3.8100000000000014,0.0,0.0,-1.0,0.0,0.0,0.0,0.0,0.0,0.0,0.0,0.0,0.0,0.0,0.0,0.0,0.0,0.0,0.0,0.0,0.0,0.0,0.0,0.0,0.0,0.0,4.0,2.0,1.0,-0.125,-0.15873015873015872,-0.09523809523809523,-0.06349206349206349,0.15873015873015872,0.0,0.0,0.0,0.33333333333333337,0.19999999999999996,0.3333333333333333,0.09999999999999998,0.0,0.0,4.0,-0.125,5.0,0.0,21.556309588853082,15.099145708714559,30.752254674011965,71.1134749296034,0.0,-67.73809523809518,-247.60000000000002,-0.1746031746031746,0.07936507936507936,0.0,1.0,1.0
2022-09-14,600022210,600022210|4684776|4684923,4684776,4684923,ikram aliskerov,mario sousa,1,ikram aliskerov,SUBMISSION,1,2.15,3.86866260087476,-7.620000000000003,-8.890000000000015,0.0,0.0,1.0,0.0,0.0,1.0,-2.0,-1.0,-0.5,0.0,0.0,0.0,-0.5,-13.29,-0.5,-1.0,-2.4078254326561326,-4.890895410082769,-0.4923076923076923,-0.5643340857787811,-2.2573363431151243,-0.25,0.0,-0.5643340857787811,0.0,-12.0,-9.0,-3.0,0.16666666666666663,-0.2666666666666667,-0.5,0.23333333333333334,0.26666666666666666,-0.6666666666666666,-0.3333333333333333,-0.3333333333333333,0.33333333333333337,0.4,-0.33333333333333337,-0.19999999999999996,0.0,0.0,-12.0,0.16666666666666663,-8.0,0.0,-35.47784950934238,43.43698412819754,19.565544982785923,36.24142763750751,0.0,239.45833333333337,304.40000000000003,-0.6333333333333334,-0.3333333333333333,0.0,1.0,1.0
2022-09-14,600022210,600022210|4875507|5088886,5088886,4875507,daniel marcos,brandon lewis,1,daniel marcos,DEC-UNA,3,15.0,4.40529237424451,7.620000000000003,-2.5400000000000205,0.0,0.0,0.0,0.0,0.0,0.0,-1.0,0.0,0.0,0.0,0.0,0.0,0.0,-15.0,-1.0,0.0,0.0,0.0,0.0,0.0,0.0,0.0,0.0,0.0,0.0,5.0,6.0,-1.0,1.0,0.3333333333333333,0.3333333333333333,0.0,0.6666666666666666,0.0,0.0,0.0,1.0,1.0,0.6666666666666666,0.4,0.0,0.0,5.0,1.0,0.0,0.0,80.86536353158931,-50.965506113640004,-50.08308236644052,57.02275046601244,651.0,-119.33333333333337,-143.20000000000005,0.0,0.0,0.0,1.0,1.0
2022-09-14,600022210,600022210|4903519|5016786,4903519,5016786,allan begosso,farid basharat,0,farid basharat,DEC-UNA,3,15.0,1.6920265303188984,-7.620000000000003,-12.700000000000015,0.0,0.0,0.0,0.0,0.0,0.0,0.0,0.0,0.0,0.0,0.0,0.0,0.0,0.0,0.0,0.0,0.0,0.0,0.0,0.0,0.0,0.0,0.0,0.0,0.0,3.0,-1.0,3.0,-0.3076923076923077,0.18888888888888888,0.34444444444444444,-0.15555555555555556,-0.18888888888888888,0.0,0.0,0.0,-0.33333333333333337,-0.6,0.33333333333333337,0.4,5.0,-0.2857142857142857,-2.0,-0.33333333333333337,0.0,1.0,-38.78374062598982,27.35176322368079,61.7253028236737,-34.86574083081723,0.0,-51.358974358974365,0.5,0.6888888888888889,0.6888888888888889,0.0,1.0,1.0
2022-09-14,600022210,600022210|5048900|5092399,5048900,5092399,trevor peek,malik lewis,1,trevor peek,KO-TKO,2,7.62,1.1499209429351716,-7.620000000000003,-12.699999999999989,0.0,0.0,0.0,1.0,0.0,0.0,0.0,0.0,0.0,0.0,0.0,0.0,0.0,0.0,0.0,0.0,0.0,0.0,0.0,0.0,0.0,0.0,0.0,0.0,0.0,-7.0,-6.0,-1.0,0.125,0.1428571428571429,0.2857142857142857,-0.14285714285714285,-0.14285714285714285,-1.0,-1.0,0.0,0.33333333333333337,0.19999999999999996,0.0,0.0,-3.0,-1.0,-4.0,0.19999999999999996,-3.0,0.0,-47.74326051466437,73.03843936591034,68.35924708951325,26.41654297241871,0.0,51.75,144.2,-0.42857142857142855,-0.7142857142857143,-1.0,1.0,1.0
2022-09-21,600022211,600022211|2223033|5076594,5076594,2223033,richard jacobi,austen lane,0,austen lane,KO-TKO,1,4.57,-5.886500065025292,-5.0800000000000125,-12.699999999999989,0.0,0.0,0.0,0.0,0.0,0.0,-1.0,0.0,0.0,0.0,0.0,0.0,0.0,-0.95,0.0,-1.0,-6.315789473684211,-15.789473684210527,-0.4,0.0,0.0,0.0,-15.789473684210526,0.0,0.0,4.0,4.0,-2.0,0.2666666666666666,-0.16666666666666663,-0.16666666666666663,0.0,0.16666666666666666,0.0,0.0,0.0,-0.6666666666666666,0.0,-1.0,0.0,0.0,0.0,4.0,0.19047619047619047,2.0,0.0,44.15297167887934,-64.74826860536791,-63.90021959160845,-57.104839004417045,0.0,231.0,277.2,-0.16666666666666663,-0.16666666666666663,0.0,1.0,1.0
2022-09-21,600022211,600022211|3128474|5092398,5092398,3128474,nurullo aliev,josh wick,1,nurullo aliev,KO-TKO,1,4.6,-6.1794561147730604,2.5400000000000205,7.620000000000003,0.0,0.0,0.0,-1.0,0.0,0.0,0.0,0.0,0.0,0.0,0.0,0.0,0.0,0.0,0.0,0.0,0.0,0.0,0.0,0.0,0.0,0.0,0.0,0.0,0.0,-18.0,-11.0,-7.0,0.368421052631579,0.16666666666666663,0.75,-0.5833333333333334,-0.16666666666666666,-0.14285714285714285,-0.14285714285714285,0.0,0.33333333333333337,0.4,0.0,0.0,-2.0,0.0,-16.0,0.2941176470588235,-11.0,0.0,-29.855397829806407,48.096812676271156,38.59095317589572,43.62110126292487,0.0,-329.7222222222222,-107.0,0.5833333333333333,0.41666666666666663,-1.0,1.0,1.0
2022-09-21,600022211,600022211|3896934|5075937,3896934,5075937,jafel filho,roybert echeverria,1,jafel filho,KO-TKO,3,11.52,2.29436607185637,5.0800000000000125,3.8100000000000014,0.0,0.0,0.0,-1.0,0.0,1.0,0.0,0.0,0.0,0.0,0.0,0.0,0.0,0.0,0.0,0.0,0.0,0.0,0.0,0.0,0.0,0.0,0.0,0.0,0.0,8.0,7.0,1.0,0.0,0.2142857142857143,-0.21428571428571425,0.42857142857142855,-0.21428571428571427,-0.5,-1.0,0.5,0.33333333333333337,0.19999999999999996,0.5,0.25,9.0,0.7777777777777778,-1.0,0.125,5.0,0.0,64.28098660934802,29.96502507050991,26.874666028110596,39.22344451535514,0.0,125.1875,2.400000000000034,-0.28571428571428575,-0.2142857142857143,0.0,1.0,1.0
2022-09-21,600022211,600022211|4584163|5077131,5077131,4584163,brunno ferreira,leon aliu,1,brunno ferreira,KO-TKO,1,1.58,-3.310129571449103,-5.079999999999984,-5.0800000000000125,0.0,0.0,0.0,0.0,0.0,1.0,0.0,0.0,0.0,0.0,0.0,0.0,0.0,0.0,0.0,0.0,0.0,0.0,0.0,0.0,0.0,0.0,0.0,0.0,0.0,-10.0,-8.0,-2.0,0.15384615384615385,0.0,0.030303030303030276,-0.03030303030303033,0.0,-0.5,-0.5,0.0,0.33333333333333337,0.4,0.0,0.0,-3.0,-1.0,-7.0,0.19999999999999996,-8.0,0.0,-47.12391196744579,60.35294413651104,48.61570160130077,30.77015778000191,0.0,-121.25,-87.25,0.18181818181818177,0.18181818181818177,0.0,1.0,1.0
2022-09-21,600022211,600022211|4876401|5088844,4876401,5088844,mando gutierrez,raul rosas jr.,0,raul rosas jr.,DEC-UNA,3,15.0,7.619595200449016,-7.620000000000003,7.620000000000003,0.0,0.0,1.0,-1.0,0.0,0.0,0.0,0.0,0.0,0.0,0.0,0.0,0.0,0.0,0.0,0.0,0.0,0.0,0.0,0.0,0.0,0.0,0.0,0.0,0.0,3.0,1.0,2.0,-0.5,0.0,-1.0,1.0,0.0,1.0,0.0,1.0,-0.6666666666666667,-0.5,0.0,0.0,4.0,0.5,-1.0,-1.0,0.0,0.0,-8.582902962086791,56.47091178351343,56.47091178351343,54.55239981431782,658.0,210.5,210.5,0.0,0.0,0.0,1.0,1.0
2022-09-28,600022212,600022212|4795255|5088891,5088891,4795255,mateus mendonca,ashiek ajim,1,mateus mendonca,KO-TKO,1,0.8,-4.580518422691775,-5.0800000000000125,1.2700000000000102,0.0,0.0,0.0,-1.0,0.0,1.0,0.0,0.0,0.0,0.0,0.0,0.0,0.0,0.0,0.0,0.0,0.0,0.0,0.0,0.0,0.0,0.0,0.0,0.0,0.0,-2.0,0.0,-2.0,0.25,-0.33333333333333337,-0.5,0.16666666666666666,0.33333333333333337,-1.0,-1.0,0.0,0.33333333333333337,0.4,-0.33333333333333337,-0.6,0.0,0.0,-2.0,0.25,1.0,0.0,34.16476434867195,45.75917496036527,51.11893748715738,115.885371762168,0.0,298.04166666666663,483.79999999999995,-0.33333333333333337,-0.33333333333333337,0.0,1.0,1.0
2022-09-28,600022212,600022212|4871197|5076593,5076593,4871197,rafael estevam,joao elias,1,rafael estevam,KO-TKO,2,7.42,-1.5879860640533323,12.699999999999989,11.429999999999978,0.0,0.0,-1.0,0.0,0.0,0.0,0.0,0.0,0.0,0.0,0.0,0.0,0.0,0.0,0.0,0.0,0.0,0.0,0.0,0.0,0.0,0.0,0.0,0.0,0.0,-11.0,-5.0,-4.0,0.26086956521739135,-0.03921568627450989,0.35784313725490197,-0.3970588235294118,0.039215686274509776,-1.0,-0.5,-0.5,0.33333333333333337,0.4,0.0,-0.19999999999999996,10.0,1.0,-21.0,0.26086956521739135,-8.0,0.0,13.555374607030217,8.999452054103813,-19.56814426681558,46.87402888795327,0.0,196.03623188405794,285.79999999999995,-0.5049019607843137,-0.28921568627450983,0.0,1.0,1.0
2022-09-28,600022212,600022212|5061870|5088537,5061870,5088537,bo nickal,donovan beard,1,bo nickal,SUBMISSION,1,0.87,-6.190407742801018,-2.5400000000000205,-5.0800000000000125,0.0,0.0,1.0,0.0,0.0,1.0,1.0,1.0,1.0,1.0,0.0,1.0,0.0,1.03,0.0,1.0,1.941747572815534,2.912621359223301,0.6666666666666666,29.12621359223301,29.12621359223301,1.0,0.0,29.12621359223301,-1.0,-2.0,-1.0,-1.0,-0.5,-1.0,0.0,-1.0,0.0,0.0,0.0,0.0,-0.5,-0.5,-1.0,-1.0,0.0,0.0,-2.0,-0.5,-2.0,0.0,-0.9580943987091359,-1519.835457148655,-1519.835457148655,-1495.264832825359,,-557.0,-557.0,-1.0,-1.0,0.0,0.0,1.0
2022-09-28,600022212,600022212|5088845|5088916,5088916,5088845,sam patterson,vinicius cenci,1,sam patterson,SUBMISSION,2,9.3,-0.432589307104184,5.0800000000000125,10.159999999999997,0.0,0.0,0.0,0.0,0.0,0.0,0.0,0.0,0.0,0.0,0.0,0.0,0.0,0.0,0.0,0.0,0.0,0.0,0.0,0.0,0.0,0.0,0.0,0.0,1.0,3.0,3.0,0.0,1.0,1.0,0.3333333333333333,0.6666666666666666,0.0,0.0,0.0,0.0,1.0,1.0,1.0,1.0,0.0,0.0,3.0,1.0,3.0,0.0,36.64109435419118,1516.7275951421286,1516.7275951421286,1572.570117497197,,499.3333333333333,499.3333333333333,0.0,0.3333333333333333,1.0,1.0,0.0
2022-09-28,600022212,600022212|5088846|5088885,5088846,5088885,emiliano linares,jack jenkins,0,jack jenkins,KO-TKO,3,14.5,-3.46345236384046,2.539999999999992,11.430000000000009,0.0,0.0,0.0,-1.0,0.0,0.0,0.0,0.0,0.0,0.0,0.0,0.0,0.0,0.0,0.0,0.0,0.0,0.0,0.0,0.0,0.0,0.0,0.0,0.0,-1.0,-1.0,0.0,-1.0,0.0,0.0,0.0,0.0,0.0,-1.0,0.0,-1.0,0.0,0.0,0.0,0.0,0.0,0.0,-1.0,0.0,-1.0,0.0,12.000970802514075,-1499.9718923882829,-1499.9718923882829,-1500.0,,-246.0,-246.0,0.0,0.0,0.0,0.0,1.0
2023-08-08,600036332,600036332|4788298|5144066,5144066,4788298,kevin borjas,victor dias,1,kevin borjas,DEC-UNA,3,15.0,-6.946070076729846,-2.539999999999992,-2.539999999999992,0.0,0.0,0.0,0.0,0.0,0.0,0.0,0.0,0.0,0.0,0.0,0.0,0.0,0.0,0.0,0.0,0.0,0.0,0.0,0.0,0.0,0.0,0.0,0.0,0.0,-3.0,-2.0,-1.0,0.05384615384615388,0.36363636363636365,0.9090909090909091,-0.5454545454545454,-0.2727272727272727,1.0,0.0,1.0,0.0,-0.19999999999999996,0.0,0.19999999999999996,-2.0,-0.5,-1.0,-0.009090909090909038,-2.0,0.0,-10.130316031477832,-5.009383227530179,26.65786345890524,-51.47129965673321,54.0,-359.2525252525253,-82.80000000000001,0.2828282828282829,0.41414141414141414,-1.0,1.0,1.0
2023-08-08,600036332,600036332|4892422|5144008,5144008,4892422,payton talbott,reyes cortez jr.,1,payton talbott,DEC-UNA,3,15.0,-6.108270532591359,7.620000000000003,6.349999999999994,0.0,0.0,0.0,1.0,0.0,0.0,-1.0,0.0,0.0,0.0,0.0,0.0,0.0,-15.0,-1.0,-1.0,-3.1333333333333333,-7.933333333333334,-0.3949579831932773,-2.0,-10.0,-0.2,0.0,0.0,0.0,-1.0,0.0,-1.0,0.33333333333333337,1.0,1.0,0.0,-1.0,0.0,0.0,0.0,0.33333333333333337,0.33333333333333337,1.0,1.0,-2.0,-1.0,1.0,1.0,-1.0,0.0,8.275331628659387,-26.31373474004954,-26.31373474004954,-4.049302881494668,-134.0,-321.5,-321.5,0.0,0.0,0.0,1.0,1.0
2023-08-08,600036332,600036332|5007668|5075334,5075334,5007668,kevin szaflarski,caio machado,0,caio machado,DEC-UNA,3,15.0,-0.4462788421391259,2.5400000000000205,-2.539999999999992,0.0,0.0,-1.0,0.0,0.0,0.0,0.0,0.0,0.0,0.0,0.0,0.0,0.0,0.0,0.0,0.0,0.0,0.0,0.0,0.0,0.0,0.0,0.0,0.0,0.0,-25.0,-13.0,-11.0,0.26801801801801795,0.06818181818181823,-0.13636363636363635,0.20454545454545453,-0.06818181818181818,0.5,0.5833333333333333,-0.08333333333333333,0.6666666666666667,0.4,-0.33333333333333337,0.26666666666666666,-11.0,-0.36363636363636365,-14.0,0.14743589743589736,-8.0,0.0,-0.2883718385280645,-29.71121368763579,-60.20566644178871,-18.87714439867682,252.0,-273.29459459459457,-89.0,0.3598484848484849,0.05303030303030298,0.0,1.0,1.0
2023-08-08,600036332,600036332|5119021|5144068,5119021,5144068,lucas fernando,cesar almeida,0,cesar almeida,DEC-UNA,3,15.0,-8.78868149243311,5.0800000000000125,19.049999999999983,0.0,0.0,0.0,0.0,-1.0,0.0,0.0,0.0,0.0,0.0,0.0,0.0,0.0,0.0,0.0,0.0,0.0,0.0,0.0,0.0,0.0,0.0,0.0,0.0,1.0,14.0,13.0,1.0,0.9285714285714286,0.7692307692307693,0.6153846153846154,0.15384615384615385,0.23076923076923078,0.0,0.0,0.0,1.0,1.0,1.0,0.8,10.0,0.9,4.0,1.0,5.0,1.0,132.13565779519354,1536.36811650635,1562.6902125374763,1614.8205097697637,,533.9230769230769,671.6,0.6153846153846154,0.5384615384615384,1.0,1.0,0.0
2023-08-08,600036332,600036332|5144006|5144007,5144006,5144007,bogdan grad,tom nolan,0,tom nolan,KO-TKO,1,1.38,4.443623072342348,-17.78,-7.619999999999976,0.0,0.0,-1.0,0.0,0.0,0.0,0.0,0.0,0.0,0.0,0.0,0.0,0.0,0.0,0.0,0.0,0.0,0.0,0.0,0.0,0.0,0.0,0.0,0.0,1.0,12.0,11.0,1.0,0.9166666666666666,0.8181818181818182,0.6363636363636364,0.18181818181818182,0.18181818181818182,0.0,0.0,0.0,1.0,1.0,0.6666666666666666,0.8,0.0,0.0,12.0,0.9166666666666666,6.0,0.0,103.74373589743914,1506.2692783642462,1534.2278114375065,1625.6669831020354,,424.1666666666667,502.0,0.6363636363636364,0.6363636363636364,1.0,1.0,0.0
2023-08-15,600036492,600036492|4684240|5007669,5007669,4684240,paulo renato jr.,ibo aslan,0,ibo aslan,KO-TKO,1,2.37,2.242345838723587,-7.620000000000003,-11.430000000000009,0.0,0.0,0.0,0.0,-1.0,0.0,1.0,0.0,0.0,0.0,0.0,0.0,0.0,15.0,1.0,1.0,5.133333333333334,11.0,0.4666666666666667,0.0,0.0,0.0,0.0,0.0,1.0,2.0,0.0,2.0,0.0,0.0,0.0,0.0,0.0,0.5,0.0,0.5,0.0,0.0,0.0,0.0,0.0,0.0,2.0,0.0,2.0,0.0,-21.28235793957083,1533.969445880277,1533.969445880277,1500.0,,519.0,519.0,0.0,0.0,0.0,1.0,0.0
2023-08-15,600036492,600036492|4695485|4764301,4764301,4695485,george hardwick,abdul-kareem al-selwady,0,abdul-kareem al-selwady,DEC-UNA,3,15.0,-1.6591716462350377,2.539999999999992,7.620000000000003,0.0,0.0,0.0,0.0,0.0,0.0,0.0,0.0,0.0,0.0,0.0,0.0,0.0,0.0,0.0,0.0,0.0,0.0,0.0,0.0,0.0,0.0,0.0,0.0,0.0,5.0,6.0,-1.0,0.07971014492753614,0.02857142857142858,-0.05714285714285716,0.08571428571428569,-0.02857142857142858,-1.0,-1.0,0.0,0.0,0.0,0.6666666666666667,0.4,17.0,-0.10526315789473684,-12.0,0.1875,1.0,3.0,72.0845749554012,16.68335063462564,101.50728066954207,-45.58071212893424,-57.0,149.86274509803923,-85.39999999999998,-0.3238095238095238,-0.4095238095238095,0.0,1.0,1.0
2023-08-15,600036492,600036492|4878592|5144320,5144320,4878592,cameron smotherman,charalampos grigoriou,0,charalampos grigoriou,KO-TKO,1,1.0,-5.464862385949061,5.079999999999984,3.8100000000000014,0.0,0.0,0.0,0.0,-1.0,0.0,0.0,0.0,0.0,0.0,0.0,0.0,0.0,0.0,0.0,0.0,0.0,0.0,0.0,0.0,0.0,0.0,0.0,0.0,0.0,1.0,1.0,0.0,0.5,1.0,1.0,0.0,0.0,-1.0,-1.0,0.0,0.5,0.5,1.0,1.0,0.0,0.0,1.0,0.5,0.0,0.0,11.741574534537676,-46.88430499427068,-46.88430499427068,31.092219097465204,-647.0,13.0,13.0,0.0,0.0,0.0,1.0,1.0
2023-08-15,600036492,600036492|5027356|5115163,5115163,5027356,emrah sonmez,hyder amil,0,hyder amil,DEC-UNA,3,15.0,-2.0808093253112645,2.5400000000000205,2.539999999999992,0.0,0.0,0.0,-1.0,0.0,0.0,0.0,0.0,0.0,0.0,0.0,0.0,0.0,0.0,0.0,0.0,0.0,0.0,0.0,0.0,0.0,0.0,0.0,0.0,0.0,9.0,3.0,6.0,-0.2727272727272727,-0.004807692307692291,-0.038461538461538436,0.033653846153846145,0.004807692307692291,0.5,0.16666666666666666,0.3333333333333333,0.0,-0.19999999999999996,-0.3333333333333333,-0.09999999999999998,-4.0,-0.5,13.0,-0.1428571428571429,5.0,0.0,-41.77403233950395,2.023445563356063,8.98081940375755,-23.050007709303372,-155.0,-18.34761904761899,-16.200000000000045,0.34615384615384615,0.1923076923076923,0.0,1.0,1.0
2023-08-15,600036492,600036492|5143887|5143888,5143887,5143888,janaina silva,eduarda moura,0,eduarda moura,SUBMISSION,1,4.0,2.034264906192462,-12.699999999999989,-15.23999999999998,0.0,0.0,0.0,0.0,0.0,-1.0,0.0,0.0,0.0,0.0,0.0,0.0,0.0,0.0,0.0,0.0,0.0,0.0,0.0,0.0,0.0,0.0,0.0,0.0,0.0,2.0,2.0,0.0,0.0,-0.6666666666666667,-0.6666666666666667,0.0,0.6666666666666666,0.0,0.0,0.0,0.0,0.0,-0.6666666666666667,-0.6666666666666667,2.0,1.0,0.0,0.0,1.0,0.0,23.146147899394464,-18.316615782030112,-18.316615782030112,-9.2022845258698,141.0,286.33333333333337,286.33333333333337,0.0,0.0,0.0,1.0,1.0
2023-08-23,600036493,600036493|4403762|5007635,4403762,5007635,isis verbeek,josefine knutsson,0,josefine knutsson,DEC-UNA,3,15.0,1.01028768557876,2.539999999999992,10.159999999999997,0.0,0.0,0.0,0.0,-1.0,0.0,0.0,0.0,0.0,0.0,0.0,0.0,0.0,0.0,0.0,0.0,0.0,0.0,0.0,0.0,0.0,0.0,0.0,0.0,0.0,0.0,0.0,0.0,0.0,0.0,0.0,0.0,0.0,0.0,0.0,0.0,0.0,0.0,0.0,0.0,0.0,0.0,0.0,0.0,0.0,0.0,0.0,0.0,0.0,0.0,,0.0,0.0,0.0,0.0,0.0,0.0,0.0
2023-08-23,600036493,600036493|4900808|5056138,5056138,4900808,kaik brito,oban elliott,0,oban elliott,DEC-MAJ,3,15.0,0.7337590778729179,-2.539999999999992,1.2700000000000102,0.0,0.0,0.0,0.0,0.0,0.0,0.0,0.0,0.0,0.0,0.0,0.0,0.0,0.0,0.0,0.0,0.0,0.0,0.0,0.0,0.0,0.0,0.0,0.0,0.0,0.0,-2.0,2.0,-0.07692307692307687,0.31818181818181823,0.48636363636363633,-0.16818181818181818,-0.3181818181818182,-0.8333333333333334,-0.8333333333333334,0.0,-0.33333333333333337,-0.19999999999999996,1.0,1.0,-14.0,-0.033333333333333326,14.0,-0.25,5.0,0.0,-17.115125010794827,43.28981954783217,95.44751985768994,88.83645851395727,0.0,-70.66300366300368,-293.33333333333337,0.10454545454545461,0.15454545454545454,0.0,1.0,1.0
2023-08-23,600036493,600036493|5143223|5143224,5143223,5143224,zachary reese,eli aronov,1,zachary reese,SUBMISSION,1,1.23,2.2040151406257458,15.23999999999998,12.700000000000015,0.0,0.0,0.0,1.0,0.0,0.0,0.0,0.0,0.0,0.0,0.0,0.0,0.0,0.0,0.0,0.0,0.0,0.0,0.0,0.0,0.0,0.0,0.0,0.0,0.0,-6.0,-5.0,-1.0,0.125,0.5714285714285714,0.35714285714285715,0.2142857142857143,-0.5714285714285714,-1.0,0.0,-1.0,0.33333333333333337,0.19999999999999996,0.5,0.75,-2.0,-1.0,-4.0,0.16666666666666663,-4.0,0.0,-40.69260900156246,-5.683785094615814,-13.863832946559796,-30.77376741471153,0.0,-465.57142857142856,-548.5,0.7142857142857143,0.7142857142857143,0.0,1.0,1.0
2023-08-23,600036493,600036493|5144312|5147245,5147245,5144312,robbie ring,luis pajuelo,0,luis pajuelo,KO-TKO,1,3.72,-5.588068201263546,-2.5400000000000205,-3.8100000000000014,0.0,0.0,0.0,0.0,0.0,0.0,0.0,0.0,0.0,0.0,0.0,0.0,0.0,0.0,0.0,0.0,0.0,0.0,0.0,0.0,0.0,0.0,0.0,0.0,0.0,-7.0,-7.0,0.0,-0.38888888888888884,0.125,0.125,0.0,-0.125,1.0,1.0,0.0,-0.5,-0.5,0.33333333333333337,0.19999999999999996,-1.0,0.0,-6.0,-0.5,-3.0,0.0,-75.8966982870163,24.61609082030668,9.51345182194541,-107.95923945892673,0.0,-120.5,-101.5,-0.5,-0.625,0.0,1.0,1.0
2023-08-30,600036494,600036494|4294832|4816283,4816283,4294832,mitch ramirez,carlos prates,0,carlos prates,KO-TKO,2,6.23,0.785779311005701,-5.079999999999984,-17.78,0.0,0.0,0.0,-1.0,-1.0,0.0,0.0,0.0,0.0,0.0,0.0,0.0,0.0,0.0,0.0,0.0,0.0,0.0,0.0,0.0,0.0,0.0,0.0,0.0,0.0,-22.0,-17.0,-5.0,-0.09333333333333338,0.10526315789473684,-0.23684210526315785,0.34210526315789475,-0.10526315789473684,0.16666666666666663,0.6666666666666667,-0.5,-0.33333333333333337,-0.33333333333333337,0.0,0.0,-4.0,-1.0,-18.0,-0.04761904761904767,-11.0,0.0,-120.45627954483189,22.308239879414486,8.468798664929409,-103.21261982612236,0.0,-105.57333333333332,41.866666666666674,0.026315789473684237,0.368421052631579,0.0,1.0,1.0
2023-08-30,600036494,600036494|4358022|4869702,4869702,4358022,thomas petersen,chandler cole,1,thomas petersen,SUBMISSION,2,6.13,-0.2190325605590786,7.619999999999976,3.8100000000000014,0.0,0.0,1.0,0.0,1.0,0.0,0.0,0.0,0.0,0.0,0.0,0.0,0.0,0.0,0.0,0.0,0.0,0.0,0.0,0.0,0.0,0.0,0.0,0.0,0.0,19.0,19.0,0.0,0.9047619047619048,0.9473684210526315,0.7894736842105263,0.15789473684210525,0.05263157894736842,0.0,0.5,-0.5,1.0,1.0,1.0,1.0,19.0,0.8947368421052632,0.0,1.0,1.0,2.0,163.41169177023403,-72.10263998044138,-89.40507426517706,76.16387237675917,0.0,86.04761904761904,113.39999999999998,0.6842105263157895,0.7368421052631579,1.0,1.0,1.0
2023-08-30,600036494,600036494|4914335|5145682,5145682,4914335,bolaji oki,dylan salvador,1,bolaji oki,KO-TKO,1,2.77,-2.488757469352553,2.5400000000000205,8.889999999999986,0.0,0.0,-1.0,0.0,0.0,0.0,0.0,0.0,0.0,0.0,0.0,0.0,0.0,0.0,0.0,0.0,0.0,0.0,0.0,0.0,0.0,0.0,0.0,0.0,0.0,-1.0,-1.0,0.0,-0.16666666666666663,-1.0,-0.5,-0.5,1.0,0.0,0.0,0.0,-0.16666666666666663,-0.16666666666666663,-1.0,-1.0,0.0,0.0,-1.0,-0.16666666666666663,-2.0,0.0,-16.293089518924717,-50.788455983700715,-50.788455983700715,-106.11981126517776,1203.0,303.33333333333337,303.33333333333337,-0.5,-0.5,-1.0,1.0,1.0
2023-08-30,600036494,600036494|5079262|5123311,5079262,5123311,mateo vogel,timmy cuamba,0,timmy cuamba,DEC-UNA,3,15.0,2.9295604974777056,-2.539999999999992,0.0,0.0,0.0,0.0,0.0,0.0,0.0,0.0,0.0,0.0,0.0,0.0,0.0,0.0,0.0,0.0,0.0,0.0,0.0,0.0,0.0,0.0,0.0,0.0,0.0,0.0,0.0,0.0,0.0,0.0,0.0,0.0,0.0,0.0,0.0,0.0,0.0,0.0,0.0,0.0,0.0,0.0,0.0,0.0,0.0,0.0,0.0,0.0,0.0,0.0,0.0,,0.0,0.0,0.0,0.0,0.0,0.0,0.0
2023-08-30,600036494,600036494|5138111|5149815,5149815,5138111,yousri belgaroui,marco tulio,0,marco tulio,DEC-UNA,3,15.0,1.9548656029897948,12.700000000000015,11.430000000000009,0.0,0.0,0.0,0.0,0.0,0.0,0.0,0.0,0.0,0.0,0.0,0.0,0.0,0.0,0.0,0.0,0.0,0.0,0.0,0.0,0.0,0.0,0.0,0.0,0.0,-2.0,-2.0,0.0,0.0,-0.25,-0.25,0.0,0.25,0.0,0.0,0.0,0.0,0.0,-0.16666666666666663,-0.25,-2.0,-1.0,0.0,0.0,-2.0,0.0,-31.98402300562566,-69.24008901380216,-69.24008901380216,-108.29442040846402,309.0,130.0,130.0,0.0,-0.25,0.0,1.0,1.0
2023-09-06,600036495,600036495|4379328|4691323,4379328,4691323,brendson ribeiro,bruno lopes,1,brendson ribeiro,KO-TKO,1,3.78,-3.375839339616828,2.539999999999992,17.78,0.0,0.0,0.0,0.0,1.0,0.0,0.0,0.0,0.0,0.0,0.0,0.0,0.0,0.0,0.0,0.0,0.0,0.0,0.0,0.0,0.0,0.0,0.0,0.0,0.0,6.0,1.0,4.0,-0.21904761904761905,0.2142857142857143,0.17142857142857143,0.04285714285714287,-0.21428571428571427,-0.19999999999999996,-0.6,0.4,0.33333333333333337,-0.20000000000000007,0.0,0.0,-7.0,-0.5,13.0,-0.09649122807017552,10.0,-3.0,-29.2191460207448,6.46250296693006,51.86568764314143,67.6364025025564,0.0,-58.428571428571445,-118.60000000000002,0.16190476190476188,0.15714285714285714,0.0,1.0,1.0
2023-09-06,600036495,600036495|4801725|5144319,5144319,4801725,rainn guerrero,dione barbosa,0,dione barbosa,SUBMISSION,1,4.58,-0.0136895350349419,0.0,-2.539999999999992,0.0,0.0,0.0,0.0,0.0,0.0,0.0,0.0,0.0,0.0,0.0,0.0,0.0,0.0,0.0,0.0,0.0,0.0,0.0,0.0,0.0,0.0,0.0,0.0,0.0,-5.0,-3.0,-2.0,0.33333333333333337,1.0,1.0,0.0,-1.0,0.0,0.0,0.0,0.0,0.19999999999999996,1.0,1.0,-6.0,-0.6666666666666666,1.0,1.0,0.0,0.0,-12.17950490160365,3.2903701821624054,8.585945982161547,0.7991847210512333,533.0,-154.0,-154.0,0.0,0.0,0.0,1.0,1.0
2023-09-06,600036495,600036495|5032015|5068827,5032015,5068827,dylan budka,chad hanekom,1,dylan budka,DEC-UNA,3,15.0,-9.73599731685113,-10.159999999999997,2.539999999999992,0.0,0.0,0.0,1.0,0.0,0.0,0.0,0.0,0.0,0.0,0.0,0.0,0.0,0.0,0.0,0.0,0.0,0.0,0.0,0.0,0.0,0.0,0.0,0.0,0.0,9.0,8.0,1.0,0.2692307692307693,-0.09999999999999998,-0.4,0.3,0.09999999999999998,-0.16666666666666669,-0.5,0.3333333333333333,0.3333333333333333,0.09999999999999998,-0.5,-0.16666666666666669,8.0,0.75,1.0,0.30000000000000004,3.0,1.0,75.76924776584428,-17.809600375183663,17.166882020120966,-24.687906500688086,0.0,155.53846153846155,343.20000000000005,0.2,-0.3,1.0,1.0,1.0
2023-09-06,600036495,600036495|5145681|5145766,5145681,5145766,kevin vallejos,jean silva,0,jean silva,DEC-UNA,3,15.0,-4.94739796162823,0.0,-2.539999999999992,0.0,0.0,0.0,1.0,-1.0,0.0,0.0,0.0,0.0,0.0,0.0,0.0,0.0,0.0,0.0,0.0,0.0,0.0,0.0,0.0,0.0,0.0,0.0,0.0,0.0,-55.0,-33.0,-18.0,0.06321839080459768,-0.8857142857142857,-0.34285714285714286,-0.5428571428571428,0.8857142857142857,-0.5789473684210527,-0.21052631578947367,-0.3684210526315789,-0.33333333333333337,-0.33333333333333337,-0.6666666666666666,-0.8,-11.0,-0.7272727272727273,-44.0,0.0921985815602836,-27.0,0.0,-80.92581687312531,45.9667502015086,51.916288994994375,-20.7406501344949,0.0,429.25,538.8,-0.4857142857142857,-0.5428571428571428,-1.0,1.0,1.0
2023-09-06,600036495,600036495|5146229|5152409,5152409,5146229,ramon taveras,serhiy sidey,0,serhiy sidey,KO-TKO,1,2.43,2.483281655338576,-7.620000000000003,-5.079999999999984,0.0,0.0,1.0,-1.0,0.0,0.0,0.0,0.0,0.0,0.0,0.0,0.0,0.0,0.0,0.0,0.0,0.0,0.0,0.0,0.0,0.0,0.0,0.0,0.0,1.0,1.0,1.0,0.0,1.0,1.0,1.0,0.0,0.0,0.0,0.0,0.0,1.0,1.0,1.0,1.0,0.0,0.0,1.0,1.0,1.0,0.0,7.786394786649225,1372.5827301823062,1372.5827301823062,1372.5827301823062,,130.0,130.0,1.0,1.0,0.0,1.0,0.0
2023-09-13,600036496,600036496|4426305|4685730,4685730,4426305,aj cunningham,steven nguyen,0,steven nguyen,KO-TKO,2,9.1,-1.3032437353265287,-2.539999999999992,-5.079999999999984,0.0,0.0,0.0,-1.0,-1.0,0.0,-2.0,-1.0,-0.5,0.0,0.0,0.0,-0.5,-14.8,-1.0,-1.0,-7.364864864864865,-16.95945945945946,-0.4342629482071713,0.0,0.0,0.0,0.0,0.0,-1.0,-6.0,-5.0,-1.0,-0.8333333333333334,-0.8,-0.6,-0.2,-0.2,-1.0,-1.0,0.0,-1.0,-0.8,-1.0,-1.0,-2.0,-1.0,-4.0,-0.75,-4.0,0.0,-49.6566928916136,-1526.5952022121048,-1530.0816572953495,-1575.6308373521588,,-437.8333333333333,-345.4,-0.6,-0.6,-1.0,0.0,1.0
2023-09-13,600036496,600036496|4686723|5145494,5145494,4686723,patricia alujas,julia polastri,0,julia polastri,SUBMISSION,2,9.08,1.8234460666543448,5.0800000000000125,2.539999999999992,0.0,0.0,0.0,0.0,-1.0,0.0,-1.0,0.0,0.0,0.0,0.0,0.0,0.0,-15.0,-1.0,-1.0,-4.333333333333333,-8.8,-0.4924242424242424,0.0,0.0,0.0,0.0,0.0,0.0,-15.0,-13.0,-2.0,-0.32352941176470584,-0.6428571428571429,-0.35714285714285715,-0.2857142857142857,0.6428571428571428,1.0,0.0,1.0,-0.5,-0.5,-1.0,-1.0,-8.0,-0.875,-7.0,-0.2777777777777778,-7.0,-1.0,-114.57838124636851,32.551238255324506,21.42113152304387,-84.37379841626262,0.0,33.55882352941171,237.10000000000002,-0.14285714285714285,-0.21428571428571427,-1.0,1.0,1.0
2023-09-13,600036496,600036496|5053878|5145497,5053878,5145497,eduardo neves,jhonata diniz,0,jhonata diniz,KO-TKO,1,3.25,-8.731185445286354,-5.079999999999984,-2.5400000000000205,0.0,0.0,0.0,0.0,-1.0,0.0,1.0,0.0,0.0,0.0,0.0,0.0,0.0,1.95,0.0,1.0,3.58974358974359,6.666666666666667,0.5384615384615384,15.384615384615389,15.384615384615389,1.0,0.0,7.692307692307693,0.0,12.0,10.0,2.0,-0.15384615384615385,0.0,0.0,0.0,0.0,1.0,0.5,0.5,-0.33333333333333337,-0.4,0.0,0.0,8.0,1.0,4.0,-0.4,4.0,1.0,72.94894245031401,-89.86617407731092,-80.97590463244319,-35.63288541431325,0.0,28.75,72.60000000000002,-0.36363636363636365,-0.36363636363636365,0.0,1.0,1.0
2023-09-13,600036496,600036496|5075748|5092399,5092399,5075748,malik lewis,james llontop,0,james llontop,DEC-UNA,3,15.0,3.4114321307076807,0.0,5.0800000000000125,0.0,0.0,0.0,0.0,-1.0,0.0,1.0,0.0,0.0,0.0,0.0,0.0,0.0,7.62,0.0,1.0,8.530183727034121,12.598425196850393,0.6770833333333334,7.874015748031496,15.748031496062993,0.5,0.0,0.0,0.0,4.0,3.0,1.0,-0.033333333333333326,0.275,0.15000000000000002,0.125,-0.275,-0.5,0.5,-1.0,-0.6666666666666667,-0.4,0.33333333333333337,0.4,3.0,1.0,1.0,-0.11904761904761907,1.0,0.0,0.7985701701479684,-53.21975755487688,-53.23401074133608,-36.29381210974361,0.0,-147.33333333333337,-77.60000000000002,0.175,0.425,1.0,1.0,1.0
2023-09-13,600036496,600036496|5149436|5149439,5149436,5149439,kasey tanner,jean matsumoto,0,jean matsumoto,DEC-UNA,3,15.0,7.660663805553845,2.5400000000000205,2.539999999999992,0.0,0.0,0.0,0.0,0.0,0.0,0.0,0.0,0.0,0.0,0.0,0.0,0.0,0.0,0.0,0.0,0.0,0.0,0.0,0.0,0.0,0.0,0.0,0.0,0.0,-8.0,-9.0,1.0,-0.125,0.1517857142857143,0.24107142857142855,-0.0892857142857143,-0.1517857142857143,0.0,0.0,0.0,-0.33333333333333337,-0.19999999999999996,0.33333333333333337,0.35,-2.0,0.0,-6.0,-0.16666666666666663,-1.0,0.0,-108.01694884827316,-36.92489997850066,-54.00705576612859,-89.65993586411446,0.0,-192.875,-217.20000000000005,0.1607142857142857,0.1607142857142857,0.0,1.0,1.0
2023-09-20,600036497,600036497|4868702|4935217,4935217,4868702,dylan mantello,kaynan kruschewsky,0,kaynan kruschewsky,SUBMISSION,1,2.87,-1.6290546691581618,2.539999999999992,0.0,0.0,0.0,0.0,0.0,-1.0,0.0,0.0,0.0,0.0,0.0,0.0,0.0,0.0,0.0,0.0,0.0,0.0,0.0,0.0,0.0,0.0,0.0,0.0,0.0,0.0,-11.0,-12.0,2.0,-0.2047619047619048,-0.03759398496240607,0.2556390977443609,-0.29323308270676696,0.03759398496240601,-0.6666666666666667,-1.0,0.3333333333333333,-0.33333333333333337,-0.4,0.0,0.0,-9.0,-1.0,-2.0,-0.13333333333333341,-5.0,-1.0,-135.26418005253436,-27.421186178391054,2.073040229007802,-133.3504635853751,0.0,-48.344444444444434,-371.4,0.11278195488721804,0.15037593984962405,0.0,1.0,1.0
2023-09-20,600036497,600036497|4977643|5077056,5077056,4977643,jacobi jones,daniel allen,0,daniel allen,DEC-UNA,3,15.0,-3.786525390665105,-7.620000000000003,-7.620000000000003,0.0,0.0,-1.0,0.0,0.0,0.0,0.0,0.0,0.0,0.0,0.0,0.0,0.0,0.0,0.0,0.0,0.0,0.0,0.0,0.0,0.0,0.0,0.0,0.0,1.0,10.0,8.0,2.0,0.8,0.5,0.25,0.25,0.5,1.0,0.0,1.0,1.0,0.8,1.0,1.0,10.0,0.8,0.0,0.0,1.0,1.0,73.08707150770783,1535.1714374573307,1556.4083269509877,1590.6890252105215,,552.2,368.8,0.0,0.5,1.0,1.0,0.0
2023-09-20,600036497,600036497|5121866|5145498,5121866,5145498,greg velasco,shamil gaziev,0,shamil gaziev,SUBMISSION,1,2.63,-3.616775156231821,-5.079999999999984,-21.58999999999997,0.0,0.0,1.0,0.0,0.0,0.0,0.0,0.0,0.0,0.0,0.0,0.0,0.0,0.0,0.0,0.0,0.0,0.0,0.0,0.0,0.0,0.0,0.0,0.0,0.0,-5.0,-5.0,0.0,0.0,0.5,0.5,0.0,-0.5,0.0,0.0,0.0,0.0,0.0,0.6666666666666667,0.6,-2.0,-1.0,-3.0,0.0,-4.0,0.0,-66.89186029734924,-76.21281960728197,-86.99479997755589,-156.8919260446089,504.0,-94.33333333333337,-94.60000000000002,-0.16666666666666666,-0.3333333333333333,0.0,1.0,1.0
2023-09-20,600036497,600036497|5126213|5145496,5126213,5145496,jhonata silva,igor severino,0,igor severino,KO-TKO,2,7.62,5.990540531290854,-5.0800000000000125,-7.620000000000003,0.0,0.0,0.0,0.0,0.0,0.0,0.0,0.0,0.0,0.0,0.0,0.0,0.0,0.0,0.0,0.0,0.0,0.0,0.0,0.0,0.0,0.0,0.0,0.0,0.0,0.0,-2.0,2.0,-0.18181818181818177,-0.2222222222222222,0.12121212121212122,-0.3434343434343434,0.2222222222222222,0.5,0.5,0.0,-0.33333333333333337,-0.19999999999999996,0.0,-0.5,0.0,-0.1428571428571429,0.0,-0.25,0.0,-1.0,-45.38951739102117,-8.985507164845558,3.466040178271669,-8.930425390625942,0.0,245.44318181818187,352.79999999999995,-0.14141414141414144,-0.23232323232323232,0.0,1.0,1.0
2023-09-27,600036498,600036498|4688624|4884877,4688624,4884877,victor madrigal,vinicius oliveira,0,vinicius oliveira,KO-TKO,1,3.03,5.289636337501797,-5.079999999999984,1.2700000000000102,0.0,0.0,0.0,-1.0,0.0,0.0,0.0,0.0,0.0,0.0,0.0,0.0,0.0,0.0,0.0,0.0,0.0,0.0,0.0,0.0,0.0,0.0,0.0,0.0,0.0,-16.0,-14.0,-2.0,-0.11180124223602483,-0.09473684210526312,-0.18947368421052635,0.09473684210526317,0.09473684210526317,0.0,0.0,0.0,0.0,-0.20000000000000007,0.0,0.0,0.0,0.0,-16.0,-0.11180124223602483,-11.0,0.0,-89.52153272010673,66.93301552295247,85.08330664891696,13.81897184321042,0.0,105.96103896103898,-106.80000000000001,-0.5368421052631578,-0.13684210526315788,0.0,1.0,1.0
2023-09-27,600036498,600036498|4702589|4893608,4893608,4702589,angel pacheco,danny silva,0,danny silva,DEC-UNA,3,15.0,5.048700520886808,-7.620000000000003,0.0,0.0,0.0,0.0,-1.0,1.0,0.0,0.0,0.0,0.0,0.0,0.0,0.0,0.0,0.0,0.0,0.0,0.0,0.0,0.0,0.0,0.0,0.0,0.0,0.0,0.0,-7.0,-7.0,0.0,-0.2333333333333334,0.4,0.06666666666666665,0.3333333333333333,-0.4,0.0,0.0,0.0,-0.6666666666666667,0.0,0.33333333333333337,0.33333333333333337,-4.0,0.33333333333333337,-3.0,-0.6666666666666667,-1.0,0.0,-69.08922688016514,14.236784938808341,-13.105283141429709,1.6333528334710081,0.0,-86.4333333333334,-19.800000000000068,-0.2,0.4666666666666666,1.0,1.0,1.0
2023-09-27,600036498,600036498|5088544|5152138,5088544,5152138,raheam forest,danny barlow,0,danny barlow,KO-TKO,1,1.32,-1.9411760679548529,-7.620000000000003,-15.240000000000007,0.0,0.0,-1.0,1.0,0.0,0.0,0.0,0.0,0.0,0.0,0.0,0.0,0.0,0.0,0.0,0.0,0.0,0.0,0.0,0.0,0.0,0.0,0.0,0.0,0.0,9.0,7.0,2.0,-0.19999999999999996,-0.25,-0.375,0.125,0.25,1.0,0.5,0.5,-0.6666666666666667,-0.4,0.0,-0.33333333333333337,2.0,1.0,7.0,-0.25,4.0,0.0,39.98467015838969,-76.81687547127513,-80.38478292720743,-56.83075941550237,0.0,237.8,326.6,-0.25,-0.25,1.0,1.0,1.0
2023-09-27,600036498,600036498|5119702|5149190,5119702,5149190,alexander soldatkin,mario piazzon,0,mario piazzon,DQ,3,10.33,4.821454239306764,12.700000000000015,5.0800000000000125,0.0,0.0,0.0,0.0,0.0,0.0,0.0,0.0,0.0,0.0,0.0,0.0,0.0,0.0,0.0,0.0,0.0,0.0,0.0,0.0,0.0,0.0,0.0,0.0,0.0,5.0,4.0,1.0,-0.16666666666666663,0.0,-0.4,0.4,0.0,0.0,0.0,0.0,0.0,-0.19999999999999996,0.0,0.0,0.0,0.0,5.0,-0.16666666666666663,2.0,0.0,42.10908283407457,87.00060639706612,94.3962018350951,131.7827548980979,420.0,26.166666666666686,45.39999999999998,0.0,0.0,1.0,1.0,1.0
2023-09-27,600036498,600036498|5149147|5172179,5172179,5149147,carli judice,ernesta kareckaite,0,ernesta kareckaite,DEC-SPLT,3,15.0,-0.7392348918868947,-5.079999999999984,-7.620000000000003,0.0,0.0,1.0,0.0,0.0,0.0,0.0,0.0,0.0,0.0,0.0,0.0,0.0,0.0,0.0,0.0,0.0,0.0,0.0,0.0,0.0,0.0,0.0,0.0,0.0,0.0,0.0,0.0,0.0,0.0,0.0,0.0,0.0,0.0,0.0,0.0,0.0,0.0,0.0,0.0,0.0,0.0,0.0,0.0,0.0,0.0,0.0,0.0,0.0,0.0,,0.0,0.0,0.0,0.0,0.0,0.0,0.0
2023-10-04,600036499,600036499|4293183|5119536,4293183,5119536,victor hugo,eduardo torres caut,1,victor hugo,SUBMISSION,2,7.27,2.423047701184828,0.0,3.8100000000000014,0.0,0.0,0.0,0.0,1.0,0.0,0.0,0.0,0.0,0.0,0.0,0.0,0.0,0.0,0.0,0.0,0.0,0.0,0.0,0.0,0.0,0.0,0.0,0.0,1.0,30.0,25.0,5.0,0.8333333333333334,0.72,0.32,0.4,0.28,0.6,0.4,0.2,1.0,0.8,1.0,1.0,2.0,0.5,28.0,0.8571428571428571,23.0,0.0,179.6798950214652,1523.565674132439,1581.9330044405372,1658.5872037526588,,407.3703703703704,396.4,0.52,0.64,1.0,1.0,0.0
2023-10-04,600036499,600036499|4565683|5122238,4565683,5122238,raimond magomedaliev,mauricio ruffy,0,mauricio ruffy,KO-TKO,3,14.75,6.020657508367727,5.079999999999984,0.0,0.0,0.0,0.0,0.0,-1.0,0.0,0.0,0.0,0.0,0.0,0.0,0.0,0.0,0.0,0.0,0.0,0.0,0.0,0.0,0.0,0.0,0.0,0.0,0.0,0.0,-1.0,0.0,-1.0,0.33333333333333337,-0.5,-0.5,0.0,0.5,-1.0,-1.0,0.0,0.33333333333333337,0.33333333333333337,-0.5,-0.5,0.0,0.0,-1.0,0.33333333333333337,0.0,0.0,8.882019382598855,-8.26809086532262,-8.26809086532262,-134.53695023647515,441.0,-4.833333333333314,-4.833333333333314,0.5,0.0,0.0,1.0,1.0
2023-10-04,600036499,600036499|5060489|5149437,5149437,5060489,murtaza talha,rodolfo bellato,0,rodolfo bellato,KO-TKO,2,9.77,-0.4271134930902072,-7.620000000000003,-2.539999999999992,0.0,0.0,0.0,0.0,0.0,0.0,-1.0,0.0,0.0,0.0,0.0,0.0,0.0,-8.6,0.0,-1.0,-4.883720930232558,-9.767441860465116,-0.5,0.0,0.0,0.0,-1.744186046511628,0.0,-1.0,-4.0,-4.0,0.0,-1.0,-1.0,-0.5,-0.5,0.0,0.0,0.0,0.0,-1.0,-1.0,-1.0,-1.0,-4.0,-1.0,0.0,0.0,-1.0,0.0,-50.4960555493426,-1538.736480580437,-1538.736480580437,-1569.3774351968218,,-197.5,-197.5,-1.0,-1.0,-1.0,0.0,1.0
2023-10-04,600036499,600036499|5149440|5157817,5149440,5157817,magomed gadzhiyasulov,jose daniel medina,1,magomed gadzhiyasulov,DEC-UNA,3,15.0,-2.4695921203036377,5.0800000000000125,2.5400000000000205,0.0,0.0,0.0,0.0,0.0,0.0,0.0,0.0,0.0,0.0,0.0,0.0,0.0,0.0,0.0,0.0,0.0,0.0,0.0,0.0,0.0,0.0,0.0,0.0,1.0,8.0,8.0,0.0,1.0,0.75,0.625,0.125,0.25,0.0,0.0,0.0,1.0,1.0,0.3333333333333333,0.6,0.0,0.0,8.0,1.0,6.0,0.0,86.69832869312995,1504.768515951123,1512.4296255217967,1564.506720766381,,311.75,458.6,0.75,0.75,1.0,1.0,0.0
2023-10-11,600036500,600036500|4050996|5147207,5147207,4050996,yuri panferov,torrez finney,0,torrez finney,SUBMISSION,2,7.720000000000001,2.149257000485978,12.699999999999989,-6.349999999999994,0.0,0.0,0.0,0.0,0.0,0.0,0.0,0.0,0.0,0.0,0.0,0.0,0.0,0.0,0.0,0.0,0.0,0.0,0.0,0.0,0.0,0.0,0.0,0.0,1.0,1.0,1.0,0.0,1.0,1.0,1.0,0.0,0.0,0.0,0.0,0.0,1.0,1.0,1.0,1.0,0.0,0.0,1.0,1.0,1.0,0.0,10.446868731294671,1454.7785971877713,1454.7785971877713,1454.7785971877713,,141.0,141.0,1.0,1.0,0.0,1.0,0.0
2023-10-11,600036500,600036500|4683526|5157668,5157668,4683526,marquel mederos,issa isakov,1,marquel mederos,KO-TKO,1,4.15,-7.107606590142169,2.5400000000000205,-2.5400000000000205,0.0,0.0,0.0,0.0,0.0,0.0,0.0,0.0,0.0,0.0,0.0,0.0,0.0,0.0,0.0,0.0,0.0,0.0,0.0,0.0,0.0,0.0,0.0,0.0,0.0,-2.0,-1.0,-1.0,0.33333333333333337,0.5,1.0,-0.5,-0.5,-1.0,-1.0,0.0,0.33333333333333337,0.33333333333333337,0.5,0.5,0.0,0.0,-2.0,0.33333333333333337,-2.0,0.0,-4.413986375385321,-55.481794438471525,-55.481794438471525,-58.568131090821,-645.0,-253.0,-253.0,0.5,0.5,0.0,1.0,1.0
2023-10-11,600036500,600036500|4775129|5152409,5152409,4775129,ramon taveras,cortavious romious,1,ramon taveras,KO-TKO,1,0.48,-0.0082137210209651,10.159999999999997,5.0800000000000125,0.0,0.0,0.0,0.0,0.0,0.0,1.0,0.0,0.0,0.0,0.0,0.0,0.0,2.43,0.0,1.0,4.526748971193415,12.757201646090534,0.3548387096774194,0.0,0.0,0.0,6.172839506172839,0.0,0.0,-8.0,-6.0,-2.0,0.19999999999999996,0.125,0.75,-0.625,-0.125,-0.5,-0.5,0.0,0.33333333333333337,0.19999999999999996,0.0,0.0,-2.0,-1.0,-6.0,0.25,-4.0,0.0,-38.70525487270902,-31.27312407941008,-38.096257943070896,42.67824531413817,0.0,-233.2,-55.5,0.25,0.125,-1.0,1.0,1.0
2023-10-11,600036500,600036500|5044438|5157670,5044438,5157670,connor matthews,jair farias,1,connor matthews,DEC-UNA,3,15.0,0.7912551250196778,-7.620000000000003,-15.240000000000007,0.0,0.0,0.0,1.0,0.0,0.0,1.0,0.0,0.0,0.0,0.0,0.0,0.0,15.0,1.0,1.0,7.333333333333333,15.466666666666669,0.4741379310344827,6.0,10.0,0.6,0.0,0.0,0.0,-5.0,-4.0,-1.0,0.028846153846153855,0.03896103896103886,-0.5844155844155845,0.6233766233766234,-0.038961038961038974,-0.5,-0.5,0.0,0.0,0.0,-0.5,-0.25,0.0,0.0,-5.0,0.028846153846153855,-9.0,0.0,-29.204350076531,-24.512267569708683,-34.22226582676535,5.389759902497872,0.0,-208.54166666666669,-99.80000000000001,0.40259740259740256,0.3116883116883117,0.0,1.0,1.0
2023-10-11,600036500,600036500|5146278|5149442,5146278,5149442,lucas rocha,davi bittencourt,1,lucas rocha,KO-TKO,2,5.3,-5.834479831892509,-5.079999999999984,-2.539999999999992,0.0,0.0,0.0,0.0,1.0,0.0,0.0,0.0,0.0,0.0,0.0,0.0,0.0,0.0,0.0,0.0,0.0,0.0,0.0,0.0,0.0,0.0,0.0,0.0,0.0,2.0,3.0,-2.0,0.06818181818181823,-0.022222222222222254,0.15555555555555556,-0.1777777777777778,0.0222222222222222,0.0,0.6,-0.6,0.33333333333333337,0.19999999999999996,-0.16666666666666669,0.09999999999999998,-4.0,0.5,6.0,-0.05714285714285705,1.0,0.0,49.64650269338017,11.307882659982852,9.707263359434592,11.86242577199323,0.0,187.91919191919192,-32.049999999999955,-0.27777777777777773,-0.1777777777777777,0.0,1.0,1.0
2023-10-11,600036500,600036500|5147579|5157669,5157669,5147579,andre lima,rickson zenidim,1,andre lima,DEC-UNA,3,15.0,0.0355927910908526,0.0,-1.2699999999999818,0.0,0.0,0.0,0.0,1.0,0.0,0.0,0.0,0.0,0.0,0.0,0.0,0.0,0.0,0.0,0.0,0.0,0.0,0.0,0.0,0.0,0.0,0.0,0.0,1.0,8.0,8.0,0.0,1.0,0.75,0.75,0.0,0.25,0.0,0.0,0.0,1.0,1.0,0.6666666666666666,0.8,2.0,1.0,6.0,1.0,4.0,0.0,94.3960527513068,1534.8395828471553,1555.9228874513797,1630.61761481409,,431.875,475.8,0.5,0.5,0.0,1.0,0.0
2024-08-13,600047624,600047624|4295666|4813565,4295666,4813565,rami hamed,ding meng,1,rami hamed,DEC-UNA,3,15.0,3.4251216657426227,-2.5400000000000205,-5.079999999999984,0.0,0.0,0.0,0.0,0.0,0.0,0.0,0.0,0.0,0.0,0.0,0.0,0.0,0.0,0.0,0.0,0.0,0.0,0.0,0.0,0.0,0.0,0.0,0.0,1.0,2.0,1.0,1.0,0.5,0.0,0.0,0.0,1.0,1.0,0.0,1.0,0.5,0.5,0.0,0.0,0.0,0.0,2.0,0.5,2.0,0.0,5.77751900477233,1581.3442388900037,1581.3442388900037,1557.4486691098573,,493.0,493.0,0.0,0.0,0.0,1.0,0.0
2024-08-13,600047624,600047624|4691323|5149722,5149722,4691323,mikheil sazhiniani,bruno lopes,0,bruno lopes,KO-TKO,2,9.23,-3.449762828805518,-5.0800000000000125,-7.620000000000003,0.0,0.0,0.0,0.0,0.0,0.0,-1.0,0.0,0.0,0.0,0.0,0.0,0.0,-3.78,0.0,-1.0,-5.291005291005291,-15.07936507936508,-0.3508771929824561,0.0,0.0,0.0,0.0,0.0,0.0,-15.0,-14.0,-1.0,0.05882352941176472,0.1875,0.625,-0.4375,-0.1875,-1.0,-1.0,0.0,0.33333333333333337,0.19999999999999996,0.0,0.0,-11.0,-1.0,-4.0,0.16666666666666663,-5.0,-4.0,-128.1585463130034,-78.9411932969922,-110.37831649298232,-87.83310425549439,-35.0,-323.6666666666667,-395.2,0.5,0.4375,-1.0,1.0,1.0
2024-08-13,600047624,600047624|5057023|5211221,5057023,5211221,wes schultz,mansur abdul-malik,0,mansur abdul-malik,KO-TKO,2,8.92,1.160872570963129,0.0,-6.349999999999994,0.0,0.0,0.0,0.0,0.0,0.0,0.0,0.0,0.0,0.0,0.0,0.0,0.0,0.0,0.0,0.0,0.0,0.0,0.0,0.0,0.0,0.0,0.0,0.0,-1.0,-6.0,-6.0,0.0,-1.0,-1.0,-0.8333333333333334,-0.16666666666666666,0.0,0.0,0.0,0.0,-1.0,-1.0,-1.0,-1.0,-2.0,-1.0,-4.0,-1.0,-4.0,0.0,-65.74282369349544,-1498.260858172671,-1497.9130298072055,-1500.0,,-113.83333333333333,-87.4,-1.0,-1.0,-1.0,0.0,1.0
2024-08-13,600047624,600047624|5147737|5200305,5200305,5147737,an tuan ho,lone'er kavanagh,0,lone'er kavanagh,KO-TKO,1,2.42,-1.3032437353265325,0.0,-1.2700000000000102,0.0,0.0,0.0,1.0,0.0,0.0,0.0,0.0,0.0,0.0,0.0,0.0,0.0,0.0,0.0,0.0,0.0,0.0,0.0,0.0,0.0,0.0,0.0,0.0,0.0,-6.0,-6.0,0.0,0.0,0.4,0.0,0.4,-0.4,0.0,0.0,0.0,0.0,0.0,0.6666666666666667,0.6,-4.0,0.0,-2.0,-1.0,-2.0,0.0,-66.45529633631145,-38.14842117380135,-62.63681042151006,-67.02529446730205,190.0,-313.79999999999995,-430.70000000000005,-0.1,0.9,0.0,1.0,1.0
2024-08-13,600047624,600047624|5212749|5223435,5223435,5212749,jose miguel delgado,ernie juarez,1,jose miguel delgado,KO-TKO,2,6.42,-0.2710527936918616,7.620000000000003,10.159999999999997,0.0,0.0,0.0,1.0,0.0,0.0,0.0,0.0,0.0,0.0,0.0,0.0,0.0,0.0,0.0,0.0,0.0,0.0,0.0,0.0,0.0,0.0,0.0,0.0,-1.0,-7.0,-7.0,0.0,-1.0,-0.5714285714285714,-0.2857142857142857,-0.2857142857142857,-0.42857142857142855,0.0,0.0,0.0,-1.0,-1.0,-0.3333333333333333,-0.4,0.0,0.0,-7.0,-1.0,-3.0,0.0,-76.32426429486213,-1502.1302654865535,-1502.9823716811748,-1534.3608929118905,,-653.8571428571429,-716.4,-0.14285714285714285,-0.2857142857142857,-1.0,0.0,1.0
2024-08-20,600047773,600047773|4001837|4863329,4001837,4863329,rizvan kuniev,hugo cunha,1,rizvan kuniev,KO-TKO,1,4.98,0.9062472193131974,2.539999999999992,-7.620000000000003,0.0,0.0,0.0,0.0,0.0,0.0,1.0,1.0,1.0,1.0,1.0,0.0,0.0,11.0,0.0,1.0,7.090909090909091,9.636363636363637,0.7358490566037735,4.090909090909091,5.454545454545455,0.75,0.0,0.0,0.0,-6.0,-6.0,0.0,-0.10909090909090902,-0.75,-0.25,-0.5,0.5,0.0,0.0,0.0,0.0,0.0,-0.6666666666666667,-0.75,-4.0,-1.0,-2.0,-0.05714285714285705,-2.0,-1.0,-62.25496468648885,-6.950261386557713,-35.40464044286682,-24.513194359645468,1049.0,562.8181818181818,425.2,-0.7,-0.7,-1.0,1.0,1.0
2024-08-20,600047773,600047773|4050996|4694832,4050996,4694832,torrez finney,cam rowston,1,torrez finney,DEC-UNA,3,15.0,-3.761884227602209,-17.78,-7.620000000000003,0.0,0.0,0.0,0.0,0.0,0.0,1.0,1.0,1.0,1.0,0.0,1.0,0.0,7.720000000000001,0.0,1.0,0.9067357512953368,1.5544041450777202,0.5833333333333334,13.60103626943005,21.37305699481865,0.6363636363636364,0.0,3.8860103626943,1.0,1.0,1.0,0.0,1.0,1.0,1.0,0.0,0.0,0.0,0.0,0.0,1.0,1.0,1.0,1.0,0.0,0.0,1.0,1.0,1.0,0.0,12.1012142795405,1502.9305230345637,1502.9305230345637,1502.9305230345637,,93.0,93.0,1.0,1.0,0.0,1.0,0.0
2024-08-20,600047773,600047773|4245470|4775129,4245470,4775129,michael imperato,cortavious romious,0,cortavious romious,DEC-UNA,3,15.0,4.347796327097754,7.620000000000003,-3.8100000000000014,0.0,0.0,-1.0,1.0,0.0,0.0,-1.0,0.0,0.0,0.0,0.0,0.0,0.0,-0.48,0.0,-1.0,-14.583333333333334,-45.833333333333336,-0.3181818181818182,0.0,0.0,0.0,0.0,0.0,0.0,-3.0,-4.0,1.0,-0.19318181818181823,-0.28888888888888886,-0.2222222222222222,-0.06666666666666665,0.2888888888888889,0.16666666666666663,-0.16666666666666669,0.3333333333333333,0.0,-0.20000000000000007,-0.5,-0.33333333333333337,-2.0,-1.0,-1.0,-0.1527777777777778,-2.0,0.0,-40.899148847792276,24.66362459139964,27.19299580876509,42.37158279494338,92.0,133.0568181818182,330.0,-0.1777777777777778,-0.28888888888888886,-1.0,1.0,1.0
2024-08-20,600047773,600047773|4738749|5212851,4738749,5212851,andreas gustafsson,pat pytlik,1,andreas gustafsson,KO-TKO,2,8.33,-1.8261839736613368,0.0,1.2700000000000102,0.0,0.0,0.0,0.0,0.0,0.0,0.0,0.0,0.0,0.0,0.0,0.0,0.0,0.0,0.0,0.0,0.0,0.0,0.0,0.0,0.0,0.0,0.0,0.0,0.0,4.0,4.0,0.0,0.8,1.0,0.75,0.25,0.0,-1.0,0.0,-1.0,0.6666666666666666,0.8,1.0,1.0,0.0,0.0,4.0,0.8,2.0,0.0,46.98657749070708,-1.417711893375781,-1.417711893375781,89.34261946901483,-1730.0,-33.0,-33.0,0.25,0.75,1.0,1.0,1.0
2024-08-20,600047773,600047773|5001014|5144174,5001014,5144174,cody haddon,billy brand,1,cody haddon,SUBMISSION,1,3.15,-2.182111884569838,2.5400000000000205,8.889999999999986,0.0,0.0,0.0,0.0,0.0,0.0,0.0,0.0,0.0,0.0,0.0,0.0,0.0,0.0,0.0,0.0,0.0,0.0,0.0,0.0,0.0,0.0,0.0,0.0,0.0,0.0,-1.0,1.0,-1.0,-1.0,-1.0,0.0,0.0,0.0,0.0,0.0,-1.0,-1.0,-1.0,-1.0,0.0,0.0,0.0,-1.0,0.0,0.0,-21.562252376578954,71.13894732790618,71.13894732790618,12.38701716017954,777.0,35.0,35.0,0.0,0.0,0.0,1.0,1.0
2024-08-28,600047774,600047774|4421157|5212854,5212854,4421157,malcolm wellmaker,adam bramhald,1,malcolm wellmaker,KO-TKO,1,2.48,-0.1971293045031714,0.0,2.539999999999992,0.0,0.0,0.0,1.0,0.0,0.0,0.0,0.0,0.0,0.0,0.0,0.0,0.0,0.0,0.0,0.0,0.0,0.0,0.0,0.0,0.0,0.0,0.0,0.0,0.0,-15.0,-12.0,-3.0,0.1875,0.23076923076923073,0.5384615384615384,-0.3076923076923077,-0.23076923076923078,-1.0,-0.6666666666666666,-0.3333333333333333,0.33333333333333337,0.19999999999999996,0.5,0.25,-2.0,-0.5,-13.0,0.1428571428571429,-4.0,0.0,-75.54214709732287,118.27335034510361,103.97550342912155,60.15405806969784,0.0,-177.5,-218.0,0.46153846153846156,0.46153846153846156,-1.0,1.0,1.0
2024-08-28,600047774,600047774|4705665|5211225,5211225,4705665,andrey pulyaev,liam anderson,1,andrey pulyaev,DEC-UNA,3,15.0,-2.6585077037858404,5.079999999999984,7.620000000000003,0.0,0.0,1.0,0.0,0.0,0.0,0.0,0.0,0.0,0.0,0.0,0.0,0.0,0.0,0.0,0.0,0.0,0.0,0.0,0.0,0.0,0.0,0.0,0.0,0.0,-9.0,-7.0,-2.0,-0.08333333333333337,-0.5,0.05555555555555558,-0.5555555555555556,0.5,-0.3333333333333333,-0.3333333333333333,0.0,0.0,-0.13333333333333341,-0.5,-0.5,-6.0,-1.0,-3.0,0.16666666666666663,-3.0,0.0,-40.654297295466904,73.76255313459683,68.61974987010649,76.27321407509066,0.0,244.16666666666663,220.46666666666664,-0.16666666666666663,-0.16666666666666663,-1.0,1.0,1.0
2024-08-28,600047774,600047774|5013686|5138111,5013686,5138111,matthieu duclos,marco tulio,0,marco tulio,KO-TKO,2,7.63,-0.8076825670616117,7.620000000000003,6.350000000000023,0.0,0.0,0.0,0.0,0.0,0.0,-1.0,-1.0,-1.0,0.0,0.0,0.0,-1.0,-15.0,-1.0,-1.0,-3.2,-6.533333333333333,-0.4897959183673469,-2.0,-8.0,-0.25,0.0,-1.0,-1.0,-6.0,-6.0,0.0,-1.0,-0.8333333333333334,-0.8333333333333334,0.0,-0.16666666666666666,0.0,0.0,0.0,-1.0,-1.0,-1.0,-0.8,-4.0,-1.0,-2.0,-1.0,-3.0,0.0,-78.70686394086215,-1569.0508919491278,-1556.8342960001414,-1630.13387169406,,-450.6666666666667,-462.4,-0.3333333333333333,-0.8333333333333334,0.0,0.0,1.0
2024-08-28,600047774,600047774|5144006|5212738,5212738,5144006,michael aswell jr.,bogdan grad,0,bogdan grad,DEC-SPLT,3,15.0,-4.999418194761013,0.0,-2.5400000000000205,0.0,0.0,0.0,0.0,0.0,0.0,-1.0,0.0,0.0,0.0,0.0,0.0,0.0,-1.38,0.0,-1.0,-9.420289855072465,-17.39130434782609,-0.5416666666666666,0.0,0.0,0.0,-21.739130434782613,0.0,-1.0,-16.0,-14.0,-2.0,-0.875,-0.7857142857142857,-0.5714285714285714,-0.21428571428571427,-0.21428571428571427,-0.5,-0.5,0.0,-1.0,-0.8,-0.6666666666666666,-0.5,0.0,0.0,-16.0,-0.875,-7.0,0.0,-118.44249194361532,-1512.5046448282135,-1550.101991996499,-1625.6669831020354,,-404.625,-456.8,-0.5714285714285714,-0.6428571428571429,-1.0,0.0,1.0
2024-08-28,600047774,600047774|5195917|5211224,5195917,5211224,nick piccininni,jack duffy,1,nick piccininni,DEC-SPLT,3,15.0,-1.2074169900819314,-2.5400000000000205,-7.620000000000003,0.0,0.0,0.0,-1.0,0.0,0.0,0.0,0.0,0.0,0.0,0.0,0.0,0.0,0.0,0.0,0.0,0.0,0.0,0.0,0.0,0.0,0.0,0.0,0.0,-1.0,-2.0,-2.0,0.0,-1.0,-1.0,0.0,-1.0,0.0,0.0,0.0,0.0,-1.0,-1.0,-1.0,-1.0,0.0,0.0,-2.0,-1.0,-2.0,0.0,-25.645686192779294,-1530.122155010914,-1530.122155010914,-1546.2405660896168,,-288.0,-288.0,-0.5,-0.5,0.0,0.0,1.0
2024-09-04,600047775,600047775|4701954|5214599,5214599,4701954,igor cavalcanti,seokhyeon ko,0,seokhyeon ko,DEC-UNA,3,15.0,-4.0438886493220245,2.539999999999992,21.590000000000003,0.0,0.0,-1.0,0.0,0.0,0.0,0.0,0.0,0.0,0.0,0.0,0.0,0.0,0.0,0.0,0.0,0.0,0.0,0.0,0.0,0.0,0.0,0.0,0.0,0.0,0.0,0.0,0.0,0.0,0.0,0.0,0.0,0.0,0.0,0.0,0.0,0.0,0.0,0.0,0.0,0.0,0.0,0.0,0.0,0.0,0.0,0.0,0.0,0.0,0.0,,0.0,0.0,0.0,0.0,0.0,0.0,0.0
2024-09-04,600047775,600047775|4848673|5211247,4848673,5211247,will currie,djorden santos,0,djorden santos,DEC-UNA,3,15.0,-1.2813404792706216,7.620000000000003,1.2699999999999818,0.0,0.0,0.0,1.0,0.0,0.0,0.0,0.0,0.0,0.0,0.0,0.0,0.0,0.0,0.0,0.0,0.0,0.0,0.0,0.0,0.0,0.0,0.0,0.0,0.0,18.0,13.0,5.0,0.19999999999999996,0.7142857142857143,0.5714285714285714,0.14285714285714285,-0.7142857142857143,0.3333333333333333,0.3333333333333333,0.0,0.5,0.5,1.0,1.0,20.0,0.7,-2.0,-0.5,-1.0,1.0,104.3515315419611,23.264381836398343,14.179928379285684,43.13096779704483,-832.0,-313.79999999999995,-602.2,0.5714285714285714,0.5714285714285714,1.0,1.0,1.0
2024-09-04,600047775,600047775|5085318|5157667,5085318,5157667,gauge young,quillan salkilld,0,quillan salkilld,DEC-UNA,3,15.0,-0.5448434943907117,-7.620000000000003,-12.699999999999989,0.0,0.0,0.0,0.0,0.0,0.0,0.0,0.0,0.0,0.0,0.0,0.0,0.0,0.0,0.0,0.0,0.0,0.0,0.0,0.0,0.0,0.0,0.0,0.0,1.0,4.0,3.0,1.0,0.75,0.6666666666666666,0.3333333333333333,0.3333333333333333,0.3333333333333333,1.0,0.0,1.0,0.6666666666666666,0.75,1.0,0.6666666666666666,0.0,0.0,4.0,0.75,1.0,0.0,23.54331910133419,1507.3501328569644,1507.3501328569644,1562.462402811855,,560.75,560.75,0.3333333333333333,0.6666666666666666,1.0,1.0,0.0
2024-09-04,600047775,600047775|5120304|5172335,5172335,5120304,dorian ramos,austin bashi,0,austin bashi,SUBMISSION,2,8.25,7.745538922770489,5.0800000000000125,0.0,0.0,0.0,0.0,0.0,0.0,0.0,0.0,0.0,0.0,0.0,0.0,0.0,0.0,0.0,0.0,0.0,0.0,0.0,0.0,0.0,0.0,0.0,0.0,0.0,0.0,-1.0,-1.0,0.0,0.0,0.25,0.5,-0.25,-0.25,0.0,0.0,0.0,0.0,0.0,0.33333333333333337,0.25,2.0,1.0,-3.0,0.0,0.0,0.0,-20.917140550846625,-80.87079715982759,-80.87079715982759,-104.9183215048431,133.0,-289.0,-289.0,0.08333333333333331,0.5,-1.0,1.0,1.0
2024-09-04,600047775,600047775|5211222|5211223,5211223,5211222,yuneisy duben,shannon clark,1,yuneisy duben,KO-TKO,1,1.22,-4.002820044217195,-2.539999999999992,1.2699999999999818,0.0,0.0,0.0,0.0,0.0,0.0,0.0,0.0,0.0,0.0,0.0,0.0,0.0,0.0,0.0,0.0,0.0,0.0,0.0,0.0,0.0,0.0,0.0,0.0,0.0,-7.0,-6.0,-1.0,0.125,0.2857142857142857,0.5714285714285714,-0.2857142857142857,-0.2857142857142857,-1.0,-1.0,0.0,0.33333333333333337,0.19999999999999996,0.0,0.5,-4.0,-1.0,-3.0,0.25,-3.0,-1.0,-51.42315842550329,61.7922071963128,45.593780745247614,25.274501257455086,0.0,-465.75,-474.4,0.8571428571428572,0.5714285714285714,-1.0,1.0,1.0
2024-09-11,600047776,600047776|4239113|4690484,4690484,4239113,corinne laframboise,nicolle caliari,0,nicolle caliari,SUBMISSION,1,4.75,7.447107059008744,2.539999999999992,7.620000000000003,0.0,0.0,0.0,0.0,0.0,0.0,0.0,0.0,0.0,0.0,0.0,0.0,0.0,0.0,0.0,0.0,0.0,0.0,0.0,0.0,0.0,0.0,0.0,0.0,0.0,2.0,2.0,0.0,0.0,-0.33333333333333337,0.3333333333333333,-0.6666666666666667,0.3333333333333333,0.0,0.0,0.0,0.0,0.0,-0.33333333333333337,-0.33333333333333337,0.0,0.0,2.0,0.0,2.0,0.0,22.952316304247688,-19.785845956979756,-19.785845956979756,-3.822262562224978,953.0,200.0,200.0,0.0,0.0,1.0,1.0,1.0
2024-09-11,600047776,600047776|5149815|5224461,5224461,5149815,taiga iwasaki,yousri belgaroui,0,yousri belgaroui,KO-TKO,3,12.57,-5.02132145081692,-10.160000000000023,-15.240000000000007,0.0,0.0,0.0,0.0,0.0,0.0,-1.0,0.0,0.0,0.0,0.0,0.0,0.0,-15.0,-1.0,-1.0,-3.2,-6.533333333333333,-0.4897959183673469,-2.0,-8.0,-0.25,0.0,-1.0,-1.0,-3.0,-3.0,0.0,-1.0,-0.6666666666666666,-0.6666666666666666,0.0,-0.3333333333333333,0.0,0.0,0.0,-1.0,-1.0,-0.6666666666666666,-0.6666666666666666,0.0,0.0,-3.0,-1.0,-2.0,0.0,-37.23364960719641,-1524.4446255230935,-1524.4446255230935,-1536.533227118186,,-490.3333333333333,-490.3333333333333,-0.6666666666666666,-0.6666666666666666,0.0,0.0,1.0
2024-09-11,600047776,600047776|5212850|5212853,5212853,5212850,otari tanzilovi,josias musasa,0,josias musasa,DEC-SPLT,3,15.0,0.5037748892858858,5.0800000000000125,-10.159999999999997,0.0,0.0,-1.0,0.0,0.0,0.0,0.0,0.0,0.0,0.0,0.0,0.0,0.0,0.0,0.0,0.0,0.0,0.0,0.0,0.0,0.0,0.0,0.0,0.0,0.0,9.0,8.0,1.0,-0.09999999999999998,0.7777777777777778,0.7777777777777778,0.0,-0.7777777777777778,0.0,0.0,0.0,-0.33333333333333337,-0.19999999999999996,0.5,0.75,0.0,0.0,9.0,-0.09999999999999998,4.0,0.0,65.33424449334166,-91.48989104504699,-87.1914172857264,-46.80480885501834,0.0,-452.6,-321.20000000000005,0.5555555555555556,0.6666666666666666,0.0,1.0,1.0
2024-09-11,600047776,600047776|5216713|5228275,5228275,5216713,phil latu,navajo stirling,0,navajo stirling,KO-TKO,2,7.35,6.721561702156784,-2.539999999999992,-7.620000000000003,0.0,0.0,0.0,0.0,-1.0,0.0,0.0,0.0,0.0,0.0,0.0,0.0,0.0,0.0,0.0,0.0,0.0,0.0,0.0,0.0,0.0,0.0,0.0,0.0,-1.0,-1.0,-1.0,0.0,-1.0,-1.0,-1.0,0.0,0.0,0.0,0.0,0.0,-1.0,-1.0,-1.0,-1.0,0.0,0.0,-1.0,-1.0,-1.0,0.0,-11.229295142249384,-1477.6550514261753,-1477.6550514261753,-1477.6550514261753,,-708.0,-708.0,0.0,0.0,0.0,0.0,1.0
2024-09-18,600047777,600047777|4935217|5074129,4935217,5074129,dylan mantello,ahmad hassanzada,0,ahmad hassanzada,SUBMISSION,3,12.68,4.002820044217199,0.0,-5.0800000000000125,0.0,0.0,0.0,0.0,0.0,0.0,0.0,0.0,0.0,0.0,0.0,0.0,0.0,-9.11,0.0,0.0,6.820019428431824,12.696538365335954,0.1210727969348658,2.722307213532426,-6.042300465933351,0.7777777777777778,0.0,5.2264808362369335,1.0,12.0,8.0,4.0,0.6666666666666666,0.875,0.625,0.25,0.125,0.5,0.0,0.5,0.3333333333333333,0.6,1.0,1.0,0.0,0.0,12.0,0.6666666666666666,6.0,0.0,39.72134040253923,1511.659385160362,1527.9527809392443,1523.585699413623,,504.5,467.2,0.375,0.5,1.0,1.0,0.0
2024-09-18,600047777,600047777|5144797|5215272,5215272,5144797,aaron tau,elijah smith,0,elijah smith,DEC-UNA,3,15.0,9.040568937076053,-12.699999999999989,-12.700000000000015,0.0,0.0,0.0,1.0,0.0,0.0,0.0,0.0,0.0,0.0,0.0,0.0,0.0,0.0,0.0,0.0,0.0,0.0,0.0,0.0,0.0,0.0,0.0,0.0,0.0,0.0,0.0,0.0,0.0,0.0,0.0,0.0,0.0,0.0,0.0,0.0,0.0,0.0,0.0,0.0,0.0,0.0,0.0,0.0,0.0,0.0,0.0,0.0,0.0,0.0,,0.0,0.0,0.0,0.0,0.0,0.0,0.0
2024-09-18,600047777,600047777|5212856|5212857,5212857,5212856,arthur lopes,tallison teixeira,0,tallison teixeira,KO-TKO,1,1.95,6.800961005359454,-12.699999999999989,-13.97,0.0,0.0,1.0,0.0,0.0,0.0,0.0,0.0,0.0,0.0,0.0,0.0,0.0,0.0,0.0,0.0,0.0,0.0,0.0,0.0,0.0,0.0,0.0,0.0,0.0,-6.0,-7.0,1.0,-0.33333333333333337,-0.5,-0.38888888888888884,-0.1111111111111111,0.0,1.0,1.0,0.0,-0.33333333333333337,-0.33333333333333337,-0.5,-0.5,-4.0,-1.0,-2.0,-0.33333333333333337,-3.0,0.0,-80.48805435367444,35.47714806574163,33.721641230104524,-0.9827070793014627,0.0,-7.2222222222222285,-38.46666666666668,-0.5,-0.5,-1.0,1.0,1.0
2024-09-18,600047777,600047777|5218420|5218421,5218421,5218420,ateba gautier,yura naito,1,ateba gautier,KO-TKO,2,9.0,-5.9549477402000015,10.159999999999997,17.78,0.0,0.0,0.0,1.0,0.0,0.0,0.0,0.0,0.0,0.0,0.0,0.0,0.0,0.0,0.0,0.0,0.0,0.0,0.0,0.0,0.0,0.0,0.0,0.0,0.0,0.0,0.0,0.0,0.0,0.0,0.0,0.0,0.0,0.0,0.0,0.0,0.0,0.0,0.0,0.0,0.0,0.0,0.0,0.0,0.0,0.0,0.0,0.0,0.0,0.0,,0.0,0.0,0.0,0.0,0.0,0.0,0.0
2024-09-18,600047777,600047777|5218815|5218816,5218815,5218816,benjamin bennett,joey hart,1,benjamin bennett,DEC-SPLT,3,15.0,3.129427708987862,-7.620000000000003,-15.240000000000007,0.0,0.0,0.0,1.0,0.0,0.0,0.0,0.0,0.0,0.0,0.0,0.0,0.0,0.0,0.0,0.0,0.0,0.0,0.0,0.0,0.0,0.0,0.0,0.0,0.0,-7.0,-5.0,-2.0,0.04040404040404044,-0.11904761904761907,-0.23015873015873012,0.1111111111111111,0.11904761904761904,0.75,1.0,-0.25,0.33333333333333337,0.19999999999999996,-1.0,-0.6,-5.0,-0.1515151515151516,-2.0,0.2857142857142857,-2.0,0.0,-14.4741138703248,14.587646839533363,3.487967422470092,104.20808399810858,0.0,108.53030303030306,237.59999999999997,-0.09523809523809523,-0.015873015873015817,1.0,1.0,1.0
2024-09-25,600047778,600047778|4047571|5216851,5216851,4047571,danylo voievodkin,bailey schoenfelder,1,danylo voievodkin,SUBMISSION,1,1.22,-2.822782124205151,2.539999999999992,5.0800000000000125,0.0,0.0,1.0,0.0,0.0,0.0,0.0,0.0,0.0,0.0,0.0,0.0,0.0,0.0,0.0,0.0,0.0,0.0,0.0,0.0,0.0,0.0,0.0,0.0,0.0,-9.0,-8.0,-1.0,0.09999999999999998,0.0,-0.7777777777777778,0.7777777777777778,0.0,-1.0,0.0,-1.0,0.33333333333333337,0.19999999999999996,0.0,0.0,-8.0,-1.0,-1.0,0.5,-3.0,0.0,-62.56541751280565,98.30488887611773,94.57967741091488,81.28979690991468,0.0,-153.625,-193.75,0.33333333333333337,0.4444444444444444,-1.0,1.0,1.0
2024-09-25,600047778,600047778|4082400|5153082,5153082,4082400,daniel frunza,vadym kutsyi,1,daniel frunza,KO-TKO,2,8.5,-2.7379070069885074,2.539999999999992,5.079999999999984,0.0,0.0,0.0,0.0,0.0,0.0,0.0,0.0,0.0,0.0,0.0,0.0,0.0,0.0,0.0,0.0,0.0,0.0,0.0,0.0,0.0,0.0,0.0,0.0,0.0,6.0,5.0,1.0,-0.01098901098901095,0.24242424242424243,0.7424242424242424,-0.5,-0.2424242424242424,0.0,-1.0,1.0,0.33333333333333337,0.19999999999999996,0.5,0.25,4.0,1.0,2.0,-0.0793650793650793,3.0,0.0,42.36443548289276,-21.204789529407435,17.917762681903696,5.6318235249586905,0.0,2.3736263736263936,135.2,-0.13636363636363635,-0.12121212121212122,-1.0,1.0,1.0
2024-09-25,600047778,600047778|5075992|5142277,5142277,5075992,rose conceição,alexia thainara,0,alexia thainara,DEC-UNA,3,15.0,-1.4784697837737966,2.539999999999992,-5.0800000000000125,0.0,0.0,0.0,0.0,0.0,0.0,0.0,0.0,0.0,0.0,0.0,0.0,0.0,0.0,0.0,0.0,0.0,0.0,0.0,0.0,0.0,0.0,0.0,0.0,0.0,-10.0,-10.0,0.0,-0.2564102564102565,-0.5833333333333334,0.0,-0.5833333333333334,0.5833333333333333,-1.0,0.0,-1.0,-0.33333333333333337,-0.33333333333333337,-0.3333333333333333,-0.4,0.0,0.0,-10.0,-0.9090909090909091,-8.0,1.0,-96.22711271509638,53.946860482896,50.70994551519789,13.7410650558636,0.0,758.6666666666666,785.75,-0.25,-0.25,0.0,1.0,1.0
2024-09-25,600047778,600047778|5145681|5222338,5145681,5222338,kevin vallejos,cam teague,1,kevin vallejos,KO-TKO,1,2.38,-3.8166423677419807,-7.620000000000003,-2.539999999999992,0.0,0.0,0.0,1.0,0.0,0.0,1.0,0.0,0.0,0.0,0.0,0.0,0.0,15.0,1.0,1.0,4.733333333333333,10.6,0.4465408805031446,0.0,1.0,0.0,0.0,0.0,0.0,3.0,2.0,1.0,-0.25,-0.6666666666666667,-1.0,0.3333333333333333,0.6666666666666666,0.0,0.0,0.0,-0.33333333333333337,-0.25,-0.5,-0.6666666666666667,0.0,0.0,3.0,-0.25,2.0,0.0,14.72097326765197,-41.575935694229884,-41.575935694229884,-28.788308902824156,224.0,250.5,250.5,0.0,0.0,0.0,1.0,1.0
2024-09-25,600047778,600047778|5216849|5220883,5220883,5216849,francesco mazzeo,kevin christian,0,kevin christian,SUBMISSION,2,9.28,-2.6721972388207824,-10.159999999999997,-12.699999999999989,0.0,0.0,0.0,0.0,0.0,0.0,0.0,0.0,0.0,0.0,0.0,0.0,0.0,0.0,0.0,0.0,0.0,0.0,0.0,0.0,0.0,0.0,0.0,0.0,0.0,-7.0,-6.0,-1.0,-0.033333333333333326,-0.5,0.0,-0.5,0.0,0.0,-0.5,0.5,-0.33333333333333337,-0.19999999999999996,0.0,-0.5,2.0,0.0,-9.0,-0.8,-7.0,0.0,-55.689937812864855,-3.833518159811092,-24.032142966028914,-42.539339482932974,0.0,-5.966666666666697,-35.80000000000001,-0.19999999999999996,-0.4,-1.0,1.0,1.0
2024-10-02,600047779,600047779|4050996|5130607,4050996,5130607,torrez finney,abdellah er-ramy,1,torrez finney,KO-TKO,1,4.17,-2.0944988603462065,-10.159999999999997,2.539999999999992,0.0,0.0,0.0,0.0,0.0,0.0,2.0,2.0,1.0,0.5,0.0,0.5,0.5,11.36,0.5,1.0,1.540492957746479,2.8609154929577465,0.5384615384615384,11.223591549295776,16.505281690140848,0.68,0.0,1.3204225352112675,1.0,1.0,1.0,0.0,1.0,1.0,1.0,0.0,0.0,0.0,0.0,0.0,1.0,1.0,1.0,1.0,0.0,0.0,1.0,1.0,1.0,0.0,12.1012142795405,1502.9305230345637,1502.9305230345637,1502.9305230345637,,93.0,93.0,1.0,1.0,0.0,1.0,0.0
2024-10-02,600047779,600047779|4503229|5235875,5235875,4503229,xavier franklin,david martinez,0,david martinez,DEC-UNA,3,15.0,2.800878868149244,2.539999999999992,0.0,0.0,0.0,1.0,0.0,0.0,0.0,0.0,0.0,0.0,0.0,0.0,0.0,0.0,0.0,0.0,0.0,0.0,0.0,0.0,0.0,0.0,0.0,0.0,0.0,0.0,7.0,7.0,-1.0,0.17948717948717952,0.13636363636363635,0.2954545454545454,-0.1590909090909091,-0.13636363636363635,-0.5,0.0,-0.5,-0.33333333333333337,0.0,0.16666666666666669,0.25,5.0,1.0,2.0,-0.08571428571428574,1.0,0.0,60.992224662197486,-51.17827993570131,-47.88739133279796,-38.47367072058523,0.0,-220.1846153846153,-253.25,0.45454545454545453,0.5454545454545454,0.0,1.0,1.0
2024-10-02,600047779,600047779|4571450|5125484,4571450,5125484,alberto montes,carlos calderon,1,alberto montes,SUBMISSION,2,7.63,1.6975023443328752,-10.159999999999997,-5.0800000000000125,0.0,0.0,-1.0,0.0,0.0,0.0,0.0,0.0,0.0,0.0,0.0,0.0,0.0,0.0,0.0,0.0,0.0,0.0,0.0,0.0,0.0,0.0,0.0,0.0,0.0,-2.0,-1.0,-1.0,0.33333333333333337,-0.5,0.0,-0.5,0.5,-1.0,0.0,-1.0,0.33333333333333337,0.33333333333333337,-0.5,-0.5,0.0,0.0,-2.0,0.33333333333333337,-2.0,0.0,-1.2586479309952665,-22.977993941437262,-22.977993941437262,-20.806880006320398,2249.0,396.3333333333333,396.3333333333333,0.0,-0.5,0.0,1.0,1.0
2024-10-02,600047779,600047779|5081274|5213352,5213352,5081274,diyar nurgozhay,bartosz szewczyk,1,diyar nurgozhay,KO-TKO,2,8.53,0.4079481440412884,-5.079999999999984,2.5400000000000205,0.0,0.0,1.0,0.0,0.0,0.0,0.0,0.0,0.0,0.0,0.0,0.0,0.0,0.0,0.0,0.0,0.0,0.0,0.0,0.0,0.0,0.0,0.0,0.0,0.0,-2.0,2.0,-3.0,0.33333333333333337,-0.07499999999999996,-0.025000000000000022,-0.04999999999999999,0.07500000000000001,-0.6666666666666666,-0.3333333333333333,-0.3333333333333333,0.33333333333333337,0.4,-0.33333333333333337,-0.4,0.0,0.0,-2.0,0.33333333333333337,3.0,0.0,50.592258233792336,-14.412585090959965,-3.3881617781087243,72.54130704426802,0.0,-177.28333333333336,32.60000000000002,0.19999999999999996,0.19999999999999996,0.0,1.0,1.0
2024-10-02,600047779,600047779|5149961|5150152,5150152,5149961,christien savoie,jacobe smith,0,jacobe smith,KO-TKO,2,7.92,3.3840530606377968,-7.620000000000003,0.0,0.0,0.0,-1.0,0.0,0.0,0.0,0.0,0.0,0.0,0.0,0.0,0.0,0.0,0.0,0.0,0.0,0.0,0.0,0.0,0.0,0.0,0.0,0.0,0.0,-1.0,-5.0,-5.0,0.0,-1.0,-0.8,-0.8,0.0,-0.2,0.0,0.0,0.0,-1.0,-1.0,-0.6666666666666666,-0.8,0.0,0.0,-5.0,-1.0,-2.0,0.0,-51.446075860921155,-1467.89580130079,-1467.89580130079,-1514.1208040844706,,-242.0,-242.0,-0.8,-0.8,0.0,0.0,1.0
2024-10-09,600047780,600047780|4896556|5212748,4896556,5212748,vanilto antunes,islam dulatov,0,islam dulatov,KO-TKO,1,2.73,3.59487190017591,-7.620000000000003,-7.620000000000003,0.0,0.0,0.0,0.0,0.0,0.0,0.0,0.0,0.0,0.0,0.0,0.0,0.0,0.0,0.0,0.0,0.0,0.0,0.0,0.0,0.0,0.0,0.0,0.0,-1.0,-3.0,-3.0,0.0,-1.0,-1.0,-0.3333333333333333,-0.6666666666666666,0.0,0.0,0.0,0.0,-1.0,-1.0,-1.0,-1.0,0.0,0.0,-3.0,-1.0,-3.0,0.0,-38.62048242379228,-1538.4626643865795,-1538.4626643865795,-1561.2201503391145,,-87.33333333333333,-87.33333333333333,-1.0,-1.0,-1.0,0.0,1.0
2024-10-09,600047780,600047780|5001017|5218814,5218814,5001017,anthony drilich,sean gauci,0,sean gauci,DEC-UNA,3,15.0,2.5599430515342547,0.0,2.539999999999992,0.0,0.0,1.0,-1.0,0.0,0.0,0.0,0.0,0.0,0.0,0.0,0.0,0.0,0.0,0.0,0.0,0.0,0.0,0.0,0.0,0.0,0.0,0.0,0.0,0.0,-8.0,-9.0,1.0,-0.5757575757575757,0.5,0.5,0.0,-0.5,0.0,0.0,0.0,-0.6666666666666667,-0.6666666666666667,0.6666666666666667,0.4,0.0,0.0,-8.0,-0.5757575757575757,-3.0,0.0,-101.83935408519346,39.02526398210989,33.64748505700004,-49.2847050122698,0.0,91.89999999999998,156.0,0.6,0.6,0.0,1.0,1.0
2024-10-09,600047780,600047780|5193167|5212351,5193167,5212351,chasen blair,kody steele,0,kody steele,KO-TKO,2,9.12,-3.4826177128893825,2.5400000000000205,0.0,0.0,0.0,0.0,0.0,0.0,0.0,0.0,0.0,0.0,0.0,0.0,0.0,0.0,0.0,0.0,0.0,0.0,0.0,0.0,0.0,0.0,0.0,0.0,0.0,0.0,15.0,10.0,5.0,-0.2941176470588235,0.0,-0.33333333333333337,0.3333333333333333,0.0,0.6,0.2,0.4,-0.33333333333333337,-0.19999999999999996,0.0,0.0,16.0,0.75,-1.0,-1.0,0.0,0.0,40.926993499542505,-57.30948927248164,-46.02692454684211,-24.387446561119987,0.0,-241.08823529411762,-273.3,0.8333333333333334,1.0,1.0,1.0,1.0
2024-10-09,600047780,600047780|5217455|5217935,5217455,5217935,islem masraf,artem vakhitov,0,artem vakhitov,KO-TKO,1,4.38,-5.177382150215266,-2.539999999999992,-2.539999999999992,0.0,0.0,1.0,0.0,0.0,0.0,0.0,0.0,0.0,0.0,0.0,0.0,0.0,0.0,0.0,0.0,0.0,0.0,0.0,0.0,0.0,0.0,0.0,0.0,1.0,2.0,2.0,0.0,1.0,1.0,1.0,0.0,0.0,0.0,0.0,0.0,1.0,1.0,1.0,1.0,1.0,1.0,1.0,1.0,2.0,0.0,24.74671061511299,1517.2356233368073,1517.2356233368073,1523.643299543364,,10.0,10.0,1.0,0.5,0.0,1.0,0.0
2024-10-09,600047780,600047780|5218817|5218818,5218818,5218817,lucas camacho,mario pinto,0,mario pinto,KO-TKO,1,1.72,5.243091918382991,-2.5400000000000205,2.539999999999992,0.0,0.0,0.0,0.0,0.0,0.0,0.0,0.0,0.0,0.0,0.0,0.0,0.0,0.0,0.0,0.0,0.0,0.0,0.0,0.0,0.0,0.0,0.0,0.0,-1.0,-3.0,-3.0,0.0,-1.0,-1.0,-0.6666666666666666,-0.3333333333333333,0.0,0.0,0.0,0.0,-1.0,-1.0,-1.0,-1.0,0.0,0.0,-3.0,-1.0,-3.0,0.0,-35.03244359109112,-1502.7454765824389,-1502.7454765824389,-1510.5530997882447,,-29.333333333333332,-29.333333333333332,-1.0,-1.0,-1.0,0.0,1.0
2024-10-16,600047781,600047781|5057385|5213179,5213179,5057385,yadier del valle,antonio monteiro,1,yadier del valle,DEC-UNA,3,15.0,-1.075997453746485,5.079999999999984,-2.5400000000000205,0.0,0.0,1.0,0.0,0.0,0.0,0.0,0.0,0.0,0.0,0.0,0.0,0.0,0.0,0.0,0.0,0.0,0.0,0.0,0.0,0.0,0.0,0.0,0.0,0.0,-23.0,-16.0,-5.0,0.29166666666666663,-0.47058823529411764,-0.17647058823529413,-0.29411764705882354,0.5294117647058824,-0.2,0.0,-0.2,0.33333333333333337,0.19999999999999996,-0.5,-0.5,-10.0,-0.6,-13.0,0.2142857142857143,-11.0,0.0,-98.49812962595934,101.2786504302901,104.57495813031937,23.847714247979866,0.0,156.21739130434787,6.7999999999999545,-0.17647058823529413,-0.29411764705882354,-1.0,1.0,1.0
2024-10-16,600047781,600047781|5134399|5147552,5147552,5134399,heraldo souza,nick klein,0,nick klein,SUBMISSION,1,0.62,0.7310211708659295,-5.079999999999984,-10.160000000000023,0.0,0.0,0.0,0.0,0.0,0.0,0.0,0.0,0.0,0.0,0.0,0.0,0.0,0.0,0.0,0.0,0.0,0.0,0.0,0.0,0.0,0.0,0.0,0.0,0.0,2.0,2.0,0.0,0.0,0.0,0.6666666666666666,-0.6666666666666667,0.0,0.0,0.0,0.0,0.0,0.0,0.0,0.0,0.0,0.0,2.0,0.0,1.0,0.0,23.98455100588626,-36.49137012333722,-36.49137012333722,-6.85326823942205,-357.0,-607.6666666666667,-607.6666666666667,0.6666666666666666,0.6666666666666666,1.0,1.0,1.0
2024-10-16,600047781,600047781|5195917|5218137,5195917,5218137,nick piccininni,luis gurule,0,luis gurule,DEC-SPLT,3,15.0,-3.0828832898690592,2.539999999999992,5.079999999999984,0.0,0.0,0.0,0.0,0.0,0.0,1.0,1.0,1.0,0.0,0.0,0.0,1.0,15.0,1.0,1.0,5.066666666666666,7.333333333333333,0.6909090909090909,0.0,5.0,0.0,0.0,0.0,-1.0,-3.0,-3.0,0.0,-1.0,-0.3333333333333333,0.0,-0.3333333333333333,-0.6666666666666666,0.0,0.0,0.0,-1.0,-1.0,-0.3333333333333333,-0.3333333333333333,0.0,0.0,-3.0,-1.0,-1.0,0.0,-40.21599732686627,-1555.5921024847887,-1555.5921024847887,-1578.6455062147766,,-950.6666666666666,-950.6666666666666,0.0,0.0,0.0,0.0,1.0
2024-10-16,600047781,600047781|5218668|5236142,5236142,5218668,jonathan micallef,mohamed ado,1,jonathan micallef,SUBMISSION,1,3.02,1.163610477970117,2.539999999999992,2.5400000000000205,0.0,0.0,1.0,-1.0,0.0,0.0,0.0,0.0,0.0,0.0,0.0,0.0,0.0,0.0,0.0,0.0,0.0,0.0,0.0,0.0,0.0,0.0,0.0,0.0,0.0,0.0,0.0,0.0,0.0,0.0,0.0,0.0,0.0,0.0,0.0,0.0,0.0,0.0,0.0,0.0,0.0,0.0,0.0,0.0,0.0,0.0,0.0,0.0,0.0,0.0,,0.0,0.0,0.0,0.0,0.0,0.0,0.0
2024-10-16,600047781,600047781|5223853|5223854,5223853,5223854,leslie hernandez,julieta martinez,0,julieta martinez,DEC-SPLT,3,15.0,6.710610074128834,5.0800000000000125,6.350000000000023,0.0,0.0,0.0,0.0,0.0,0.0,0.0,0.0,0.0,0.0,0.0,0.0,0.0,0.0,0.0,0.0,0.0,0.0,0.0,0.0,0.0,0.0,0.0,0.0,0.0,9.0,6.0,3.0,-0.2727272727272727,0.5,0.5,0.0,-0.5,0.0,0.0,0.0,-0.33333333333333337,-0.19999999999999996,0.0,0.5,10.0,0.8,-1.0,-1.0,0.0,0.0,24.41687832348066,-46.31696403348906,-49.92521114777492,-41.236761254375324,0.0,-264.5454545454545,-240.79999999999995,0.5,0.5,0.0,1.0,1.0
2025-08-12,600055020,600055020|5147207|5282842,5282842,5147207,chris ewert,yuri panferov,0,yuri panferov,DEC-UNA,3,15.0,2.981580730610485,-2.539999999999992,6.349999999999994,0.0,0.0,0.0,0.0,0.0,0.0,-1.0,0.0,0.0,0.0,0.0,0.0,0.0,-7.720000000000001,0.0,-1.0,-0.9067357512953368,-1.5544041450777202,-0.5833333333333334,-13.60103626943005,-21.37305699481865,-0.6363636363636364,0.0,-3.8860103626943,-1.0,-1.0,-1.0,0.0,-1.0,-1.0,-1.0,0.0,0.0,0.0,0.0,0.0,-1.0,-1.0,-1.0,-1.0,0.0,0.0,-1.0,-1.0,-1.0,0.0,-10.446868731294671,-1454.7785971877713,-1454.7785971877713,-1454.7785971877713,,-141.0,-141.0,-1.0,-1.0,0.0,0.0,1.0
2025-08-12,600055020,600055020|5149437|5296753,5149437,5296753,murtaza talha,baisangur susurkaev,0,baisangur susurkaev,KO-TKO,1,3.07,4.498381212482116,-5.0800000000000125,-12.699999999999989,0.0,0.0,0.0,0.0,0.0,0.0,1.0,0.0,0.0,0.0,0.0,0.0,0.0,9.77,0.0,1.0,4.912998976458547,8.393039918116685,0.5853658536585366,0.0,7.676560900716479,0.0,0.0,0.0,-1.0,-12.0,-12.0,0.0,-1.0,-0.9166666666666666,-0.75,-0.16666666666666666,-0.08333333333333333,0.0,0.0,0.0,-1.0,-1.0,-0.6666666666666666,-0.8,-8.0,-1.0,-4.0,-1.0,-5.0,0.0,-113.94721188008066,-1480.5576358632945,-1479.63720647161,-1574.6403190799947,,-197.75,-307.2,-0.8333333333333334,-0.9166666666666666,-1.0,0.0,1.0
2025-08-12,600055020,600055020|5264471|5290957,5290957,5264471,ty miller,jimmy drago,1,ty miller,DEC-UNA,3,15.0,-5.292374244508785,10.159999999999997,15.240000000000007,0.0,0.0,0.0,0.0,0.0,0.0,0.0,0.0,0.0,0.0,0.0,0.0,0.0,0.0,0.0,0.0,0.0,0.0,0.0,0.0,0.0,0.0,0.0,0.0,-1.0,-2.0,-1.0,0.0,-0.5,0.0,0.0,0.0,-1.0,0.0,0.0,0.0,-0.5,-0.5,0.0,0.0,0.0,0.0,-2.0,-0.5,-2.0,0.0,-15.459170288090263,-1558.0011405252787,-1558.0011405252787,-1576.411427856381,,-713.5,-713.5,0.0,0.0,0.0,0.0,1.0
2025-08-12,600055020,600055020|5265556|5279283,5265556,5279283,radley da silva,george mangos,1,radley da silva,DEC-UNA,3,15.0,8.164438694839731,-2.5400000000000205,2.539999999999992,0.0,0.0,0.0,-1.0,0.0,0.0,0.0,0.0,0.0,0.0,0.0,0.0,0.0,0.0,0.0,0.0,0.0,0.0,0.0,0.0,0.0,0.0,0.0,0.0,1.0,2.0,2.0,0.0,1.0,1.0,0.0,1.0,0.0,0.0,0.0,0.0,1.0,1.0,1.0,1.0,0.0,0.0,2.0,1.0,2.0,0.0,26.099455880241976,1536.8906197968568,1536.8906197968568,1550.0981937994372,,632.5,632.5,0.0,0.0,0.0,1.0,0.0
2025-08-12,600055020,600055020|5287881|5287948,5287881,5287948,ilian bouafia,neemias santana,1,ilian bouafia,DEC-UNA,3,15.0,-0.3449762828805518,7.620000000000003,5.0800000000000125,0.0,0.0,1.0,0.0,0.0,0.0,0.0,0.0,0.0,0.0,0.0,0.0,0.0,0.0,0.0,0.0,0.0,0.0,0.0,0.0,0.0,0.0,0.0,0.0,1.0,2.0,2.0,0.0,1.0,1.0,1.0,0.0,0.0,0.0,0.0,0.0,1.0,1.0,1.0,1.0,0.0,0.0,2.0,1.0,2.0,0.0,25.147345825055936,1523.043092784785,1523.043092784785,1523.9795507154452,,336.5,336.5,0.5,0.5,0.0,1.0,0.0
2025-08-20,600055021,600055021|4049391|5220468,4049391,5220468,josh hokit,guilherme uriel,1,josh hokit,KO-TKO,2,6.1,-0.7310211708659331,0.0,-2.5400000000000205,0.0,0.0,0.0,0.0,0.0,0.0,0.0,0.0,0.0,0.0,0.0,0.0,0.0,0.0,0.0,0.0,0.0,0.0,0.0,0.0,0.0,0.0,0.0,0.0,0.0,-2.0,1.0,-3.0,0.23076923076923073,0.0,-0.04545454545454547,0.045454545454545414,0.0,-1.0,-1.0,0.0,0.33333333333333337,0.19999999999999996,0.0,0.0,0.0,0.19999999999999996,-2.0,0.33333333333333337,0.0,0.0,47.12863038807359,-0.2514766687697829,2.249540549921676,66.41361788053746,0.0,92.37606837606839,18.400000000000006,-0.2727272727272727,-0.2727272727272727,0.0,1.0,1.0
2025-08-20,600055021,600055021|4694832|5296762,5296762,4694832,brandon holmes,cam rowston,0,cam rowston,KO-TKO,1,2.97,-2.047954441227404,-2.539999999999992,-10.159999999999997,0.0,0.0,0.0,0.0,0.0,0.0,-1.0,0.0,0.0,0.0,0.0,0.0,0.0,-15.0,-1.0,-1.0,-1.8666666666666667,-3.533333333333333,-0.5283018867924528,-10.0,-14.0,-0.7142857142857143,0.0,0.0,0.0,0.0,0.0,0.0,0.0,0.0,0.0,0.0,0.0,0.0,0.0,0.0,0.0,0.0,0.0,0.0,0.0,0.0,0.0,0.0,0.0,0.0,0.0,0.0,0.0,0.0,,0.0,0.0,0.0,0.0,0.0,0.0,0.0
2025-08-20,600055021,600055021|4969974|5219928,4969974,5219928,jose delano,manuel exposito,1,jose delano,DEC-UNA,3,15.0,3.657843761336647,2.539999999999992,5.0800000000000125,0.0,0.0,0.0,0.0,0.0,0.0,0.0,0.0,0.0,0.0,0.0,0.0,0.0,0.0,0.0,0.0,0.0,0.0,0.0,0.0,0.0,0.0,0.0,0.0,-1.0,-5.0,-3.0,-2.0,-0.6,-1.0,-0.3333333333333333,-0.6666666666666666,0.0,0.0,0.0,0.0,-0.3333333333333333,-0.6,-1.0,-1.0,0.0,0.0,-5.0,-0.6,-5.0,0.0,-19.869661429322832,-1563.4680799952462,-1563.4680799952462,-1554.249413955929,,-493.8,-493.8,-0.6666666666666666,-1.0,-1.0,0.0,1.0
2025-08-20,600055021,600055021|5212852|5292169,5292169,5212852,kaushik saikumar,louis lee scott,0,louis lee scott,KO-TKO,3,12.33,2.209490954639726,5.0800000000000125,2.539999999999992,0.0,0.0,0.0,0.0,0.0,0.0,0.0,0.0,0.0,0.0,0.0,0.0,0.0,0.0,0.0,0.0,0.0,0.0,0.0,0.0,0.0,0.0,0.0,0.0,0.0,-9.0,-10.0,1.0,-0.5,0.18181818181818177,0.36363636363636365,-0.18181818181818182,-0.18181818181818182,1.0,1.0,0.0,-0.5,-0.5,0.33333333333333337,0.4,-1.0,-1.0,-8.0,-0.5,-6.0,0.0,-110.1308386677565,82.76439325502201,33.578835350451754,-52.59355978804683,0.0,49.5,-262.79999999999995,-0.5454545454545454,0.4545454545454546,-1.0,1.0,1.0
2025-08-20,600055021,600055021|5290789|5290796,5290796,5290789,ramiro jimenez,tommy cuozzi,1,ramiro jimenez,KO-TKO,1,2.88,0.6215048905863902,0.0,5.079999999999984,0.0,0.0,1.0,0.0,0.0,0.0,0.0,0.0,0.0,0.0,0.0,0.0,0.0,0.0,0.0,0.0,0.0,0.0,0.0,0.0,0.0,0.0,0.0,0.0,1.0,2.0,2.0,0.0,1.0,1.0,1.0,0.0,0.0,0.0,0.0,0.0,1.0,1.0,1.0,1.0,0.0,0.0,2.0,1.0,1.0,0.0,25.71312870595966,1531.0246419562586,1531.0246419562586,1555.51145789364,,245.0,245.0,1.0,1.0,0.0,1.0,0.0
2025-08-27,600055005,600055005|4413642|5302831,5302831,4413642,donte johnson,darion abbey,1,donte johnson,KO-TKO,1,1.07,-5.913879135095176,-15.240000000000007,-17.78,0.0,0.0,1.0,0.0,0.0,0.0,0.0,0.0,0.0,0.0,0.0,0.0,0.0,0.0,0.0,0.0,0.0,0.0,0.0,0.0,0.0,0.0,0.0,0.0,0.0,-15.0,-8.0,-7.0,0.4375,0.2222222222222222,0.4444444444444444,-0.2222222222222222,-0.2222222222222222,-1.0,-0.7142857142857143,-0.2857142857142857,0.33333333333333337,0.4,0.0,0.33333333333333337,-4.0,0.0,-11.0,0.25,-10.0,0.0,-17.505402891985796,32.35457564263538,21.74810292838538,-6.292831000534761,0.0,-255.26666666666665,-450.79999999999995,0.33333333333333337,0.33333333333333337,-1.0,1.0,1.0
2025-08-27,600055005,600055005|4915407|5099679,4915407,5099679,damon wilson,marcio barbosa,0,marcio barbosa,KO-TKO,1,4.23,5.06239005592175,7.620000000000003,-3.8100000000000014,0.0,0.0,0.0,1.0,0.0,0.0,0.0,0.0,0.0,0.0,0.0,0.0,0.0,0.0,0.0,0.0,0.0,0.0,0.0,0.0,0.0,0.0,0.0,0.0,0.0,-12.0,-14.0,2.0,-0.3241106719367589,0.050000000000000044,0.19999999999999996,-0.15,-0.05,-0.4,-0.4,0.0,-0.33333333333333337,-0.6,0.0,0.0,0.0,-0.20000000000000007,-12.0,-0.9230769230769231,-12.0,0.0,-149.673296072202,-5.09569545310319,-6.114734508209267,-114.46268683095855,0.0,186.77272727272725,315.2,0.050000000000000044,0.09999999999999998,-1.0,1.0,1.0
2025-08-27,600055005,600055005|5085291|5180489,5085291,5180489,manoel sousa,cristian perez,1,manoel sousa,KO-TKO,3,13.0,2.2012772336187574,0.0,-5.079999999999984,0.0,0.0,0.0,0.0,0.0,0.0,0.0,0.0,0.0,0.0,0.0,0.0,0.0,0.0,0.0,0.0,0.0,0.0,0.0,0.0,0.0,0.0,0.0,0.0,0.0,11.0,11.0,0.0,0.17460317460317454,0.15000000000000002,0.5625,-0.4125,-0.15000000000000002,-0.5,-0.5,0.0,0.33333333333333337,-0.20000000000000007,-0.16666666666666669,-0.16666666666666669,7.0,0.7142857142857143,4.0,0.2857142857142857,4.0,0.0,115.05600553871955,26.045624681060872,43.910832849768894,113.77461691268127,0.0,-21.390476190476193,330.79999999999995,-0.025000000000000022,0.03749999999999998,1.0,1.0,1.0
2025-08-27,600055005,600055005|5216997|5291085,5291085,5216997,ryan gandra,trent miller,1,ryan gandra,KO-TKO,1,2.85,0.4818716332299786,5.079999999999984,6.349999999999994,0.0,0.0,0.0,0.0,0.0,0.0,0.0,0.0,0.0,0.0,0.0,0.0,0.0,0.0,0.0,0.0,0.0,0.0,0.0,0.0,0.0,0.0,0.0,0.0,0.0,-1.0,1.0,-2.0,0.15909090909090906,-0.0888888888888888,0.033333333333333326,-0.1222222222222222,0.0888888888888889,0.0,0.6666666666666667,-0.6666666666666666,0.33333333333333337,0.4,0.5,0.33333333333333337,2.0,0.0,-3.0,0.15714285714285714,-3.0,0.0,46.15523165569448,20.413661583244675,31.721220752745694,57.75119152430807,0.0,107.30303030303031,-221.59999999999997,-0.1777777777777778,-0.1777777777777778,0.0,1.0,1.0
2025-08-27,600055005,600055005|5220971|5291025,5220971,5291025,alik lorenz,abdul-rakhman yakhyaev,0,abdul-rakhman yakhyaev,KO-TKO,1,0.5,3.9398481830564656,0.0,-1.2700000000000102,0.0,0.0,0.0,0.0,0.0,0.0,0.0,0.0,0.0,0.0,0.0,0.0,0.0,0.0,0.0,0.0,0.0,0.0,0.0,0.0,0.0,0.0,0.0,0.0,0.0,5.0,3.0,2.0,-0.16666666666666663,0.1428571428571429,0.3714285714285715,-0.22857142857142854,-0.14285714285714285,1.0,1.0,0.0,-0.33333333333333337,-0.19999999999999996,0.0,0.19999999999999996,6.0,0.0,-1.0,-0.5,0.0,0.0,-5.975894956819957,-33.29663409630734,-48.14267675009614,-75.72203185169087,0.0,-46.05952380952385,96.59999999999997,0.08571428571428574,0.08571428571428574,0.0,1.0,1.0
2025-09-03,600055006,600055006|4063786|5124146,4063786,5124146,mandel nallo,samuel silva,1,mandel nallo,KO-TKO,1,3.48,6.43681937342998,0.0,6.349999999999994,0.0,0.0,0.0,0.0,0.0,1.0,0.0,0.0,0.0,0.0,0.0,0.0,0.0,0.0,0.0,0.0,0.0,0.0,0.0,0.0,0.0,0.0,0.0,0.0,0.0,-14.0,-8.0,-7.0,0.0,0.25,0.625,-0.375,-0.25,0.36363636363636365,0.4545454545454546,-0.09090909090909091,0.33333333333333337,0.0,1.0,0.5,5.0,-0.3571428571428571,-19.0,0.5238095238095238,-16.0,-1.0,-24.20715231464419,39.30508859591532,-48.0585654420247,-75.11024414947201,0.0,-230.9821428571429,-650.6666666666666,0.25,0.0625,-1.0,1.0,1.0
2025-09-03,600055006,600055006|4629138|5228596,4629138,5228596,jean-paul lebosnoyani,jack congdon,1,jean-paul lebosnoyani,KO-TKO,1,1.13,-1.6865507163049216,-7.620000000000003,-8.890000000000015,0.0,0.0,0.0,0.0,0.0,0.0,0.0,0.0,0.0,0.0,0.0,0.0,0.0,0.0,0.0,0.0,0.0,0.0,0.0,0.0,0.0,0.0,0.0,0.0,0.0,15.0,14.0,1.0,0.25,-0.11764705882352944,-0.3725490196078431,0.25490196078431376,0.11764705882352941,0.0,0.5,-0.5,0.6666666666666667,0.4,0.0,-0.4,17.0,0.8823529411764706,-2.0,0.06666666666666665,2.0,1.0,114.90376904522782,-29.824030841437207,-3.2450265896807196,42.330157323452795,0.0,11.557894736842059,191.0,-0.2941176470588235,-0.2941176470588235,0.0,1.0,1.0
2025-09-03,600055006,600055006|4977642|5216978,4977642,5216978,theo haig,cezary oleksiejczuk,0,cezary oleksiejczuk,KO-TKO,1,0.6,3.370363525602855,-2.539999999999992,5.079999999999984,0.0,0.0,-1.0,0.0,0.0,0.0,0.0,0.0,0.0,0.0,0.0,0.0,0.0,0.0,0.0,0.0,0.0,0.0,0.0,0.0,0.0,0.0,0.0,0.0,0.0,4.0,4.0,0.0,0.051948051948051965,0.0,-1.0,1.0,0.0,1.0,1.0,0.0,-0.33333333333333337,0.0,0.0,0.0,8.0,1.0,-4.0,-0.19047619047619047,0.0,0.0,11.806043742102702,-102.97098752891225,-124.33110933440275,-118.57534594588583,0.0,-24.190476190476204,-68.0,-0.19999999999999996,-0.4,0.0,1.0,1.0
2025-09-03,600055006,600055006|5150021|5200305,5150021,5200305,eduardo chapolin,an tuan ho,1,eduardo chapolin,DEC-UNA,3,15.0,4.846095402369659,2.5400000000000205,1.2700000000000102,0.0,0.0,0.0,-1.0,0.0,0.0,-1.0,0.0,0.0,0.0,0.0,0.0,0.0,-2.42,0.0,-1.0,-4.132231404958678,-11.15702479338843,-0.3703703703703703,0.0,0.0,0.0,0.0,0.0,-1.0,-6.0,-4.0,-2.0,-0.6666666666666666,-1.0,-0.5,-0.5,0.0,-0.5,-0.5,0.0,-0.3333333333333333,-0.6,-1.0,-1.0,-4.0,-1.0,-2.0,0.0,-2.0,0.0,-25.49466137232548,-1532.1957177516135,-1538.2592155941863,-1501.8782285387506,,-424.1666666666667,-422.6,0.0,-1.0,-1.0,0.0,1.0
2025-09-03,600055006,600055006|5212849|5295176,5212849,5295176,tommy mcmillen,david mgoyan,1,tommy mcmillen,DEC-MAJ,3,15.0,6.527170304660601,7.620000000000003,8.890000000000015,0.0,0.0,0.0,0.0,0.0,0.0,0.0,0.0,0.0,0.0,0.0,0.0,0.0,0.0,0.0,0.0,0.0,0.0,0.0,0.0,0.0,0.0,0.0,0.0,0.0,-2.0,-2.0,0.0,0.0,0.33333333333333337,-0.6666666666666666,1.0,-0.3333333333333333,0.0,0.0,0.0,0.0,0.0,0.33333333333333337,0.33333333333333337,-2.0,-1.0,0.0,0.0,-1.0,0.0,-26.914715302471677,-45.49547391662827,-45.49547391662827,-98.57385796500421,-71.0,-362.0,-362.0,0.33333333333333337,0.33333333333333337,0.0,1.0,1.0
2025-09-10,600055007,600055007|4958170|5222338,5222338,4958170,cam teague,lerryan douglas,0,lerryan douglas,KO-TKO,1,0.6,-2.800878868149244,0.0,-7.620000000000003,0.0,0.0,0.0,0.0,0.0,0.0,1.0,0.0,0.0,0.0,0.0,0.0,0.0,2.38,0.0,1.0,5.882352941176471,21.42857142857143,0.2745098039215686,0.0,0.0,0.0,0.0,0.0,0.0,-22.0,-16.0,-6.0,-0.20833333333333337,0.17647058823529416,0.3529411764705882,-0.17647058823529413,-0.17647058823529413,0.1428571428571429,0.4285714285714286,-0.2857142857142857,-0.5,-0.5,0.0,0.0,-12.0,-0.6666666666666666,-10.0,-0.25,-12.0,-2.0,-118.18698836493172,60.655099431013014,2.4597427483038246,-47.13705432779716,0.0,-71.45833333333331,-63.10000000000002,-0.4117647058823529,-0.5294117647058824,-1.0,1.0,1.0
2025-09-10,600055007,600055007|5157674|5278269,5278269,5157674,carol foro,shanelle dyer,1,carol foro,DEC-UNA,3,15.0,4.090433068440831,-10.159999999999997,-8.889999999999986,0.0,0.0,0.0,0.0,0.0,0.0,0.0,0.0,0.0,0.0,0.0,0.0,0.0,0.0,0.0,0.0,0.0,0.0,0.0,0.0,0.0,0.0,0.0,0.0,0.0,-7.0,-8.0,1.0,-0.5666666666666667,-0.5555555555555556,-0.5555555555555556,0.0,0.5555555555555556,0.0,0.0,0.0,-0.3333333333333333,-0.46666666666666673,0.0,-0.5,-1.0,-1.0,-6.0,0.1428571428571429,-4.0,0.0,-86.39851330360466,51.44481751212152,42.24923659520209,32.32983788299816,0.0,343.28571428571433,222.33333333333337,-0.4444444444444444,-0.3333333333333333,0.0,1.0,1.0
2025-09-10,600055007,600055007|5193167|5293557,5193167,5293557,chasen blair,samuel sanches,0,samuel sanches,KO-TKO,1,2.02,4.290300279950991,0.0,-8.889999999999986,0.0,0.0,0.0,0.0,0.0,0.0,1.0,0.0,0.0,0.0,0.0,0.0,0.0,9.12,0.0,1.0,5.2631578947368425,13.377192982456142,0.3934426229508196,0.0,1.6447368421052633,0.0,0.0,0.0,0.0,8.0,3.0,5.0,-0.21666666666666667,0.18181818181818177,-0.1558441558441559,0.33766233766233766,-0.18181818181818182,-0.33333333333333337,0.3333333333333333,-0.6666666666666667,-0.33333333333333337,-0.4,0.0,0.19999999999999996,18.0,0.7777777777777778,-10.0,-0.9166666666666666,-6.0,0.0,-22.43791779419439,24.34337214640891,19.330244471287187,-30.59538857901157,0.0,-58.80000000000001,-130.00000000000003,0.22077922077922074,0.2727272727272727,0.0,1.0,1.0
2025-09-10,600055007,600055007|5239615|5292023,5292023,5239615,anthony guarascio,steven asplund,0,steven asplund,KO-TKO,1,0.27,4.3833891181886,-7.620000000000003,-15.240000000000007,0.0,0.0,0.0,0.0,0.0,0.0,0.0,0.0,0.0,0.0,0.0,0.0,0.0,0.0,0.0,0.0,0.0,0.0,0.0,0.0,0.0,0.0,0.0,0.0,0.0,-11.0,-10.0,-1.0,-0.34615384615384615,0.2727272727272727,0.2727272727272727,0.0,-0.2727272727272727,0.0,1.0,-1.0,-0.5,-0.5,0.0,0.0,-11.0,-0.8181818181818182,0.0,-0.5,-1.0,0.0,-83.80437407695149,77.16685743525454,75.21552436027673,32.6514457579367,0.0,-418.38461538461536,-390.0,0.6363636363636364,0.4545454545454546,0.0,1.0,1.0
2025-09-10,600055007,600055007|5292014|5307524,5307524,5292014,freddy vidal,felipe franco,1,freddy vidal,SUBMISSION,3,14.8,6.658589840996051,5.0800000000000125,8.890000000000015,0.0,0.0,0.0,0.0,0.0,0.0,0.0,0.0,0.0,0.0,0.0,0.0,0.0,0.0,0.0,0.0,0.0,0.0,0.0,0.0,0.0,0.0,0.0,0.0,-1.0,-1.0,-1.0,0.0,-1.0,-1.0,0.0,-1.0,0.0,0.0,0.0,0.0,-1.0,-1.0,-1.0,-1.0,0.0,0.0,-1.0,-1.0,-1.0,0.0,-11.177083051067257,-1476.1366594027963,-1476.1366594027963,-1476.1366594027963,,-150.0,-150.0,-1.0,-1.0,0.0,0.0,1.0
2025-09-17,600055031,600055031|5086848|5282412,5086848,5282412,raphael uchegbu,cody chovancek,0,cody chovancek,KO-TKO,3,10.17,2.9377742184986677,2.539999999999992,15.23999999999998,0.0,0.0,0.0,-1.0,0.0,0.0,0.0,0.0,0.0,0.0,0.0,0.0,0.0,0.0,0.0,0.0,0.0,0.0,0.0,0.0,0.0,0.0,0.0,0.0,0.0,11.0,8.0,3.0,-0.2142857142857143,0.24242424242424243,-0.303030303030303,0.5454545454545454,-0.2424242424242424,0.3333333333333333,0.3333333333333333,0.0,-0.33333333333333337,-0.19999999999999996,0.33333333333333337,0.33333333333333337,4.0,0.75,7.0,-0.19999999999999996,5.0,0.0,40.68979684445776,-34.857292383458116,-17.748414649700862,-21.337218299049027,0.0,-209.83333333333337,-25.533333333333417,0.36363636363636365,0.12121212121212122,1.0,1.0,1.0
2025-09-17,600055031,600055031|5109011|5293566,5293566,5109011,in soo hwang,paddy mccorry,0,paddy mccorry,DEC-UNA,3,15.0,3.890565856930671,-10.159999999999997,2.5400000000000205,0.0,0.0,0.0,-1.0,0.0,0.0,0.0,0.0,0.0,0.0,0.0,0.0,0.0,0.0,0.0,0.0,0.0,0.0,0.0,0.0,0.0,0.0,0.0,0.0,-1.0,-6.0,-4.0,-2.0,-0.6666666666666666,-1.0,-1.0,0.0,0.0,0.0,0.0,0.0,-1.0,-0.8,-1.0,-1.0,-6.0,-0.6666666666666666,0.0,0.0,-1.0,0.0,-26.5380976188369,-1509.671723664087,-1501.4562244855385,-1500.0,,-355.0,-246.0,-1.0,-1.0,0.0,0.0,1.0
2025-09-17,600055031,600055031|5236383|5307813,5236383,5307813,hecher sosa,mackson lee,1,hecher sosa,DEC-UNA,3,15.0,3.3676256185958664,-12.699999999999989,-12.699999999999989,0.0,0.0,0.0,0.0,0.0,0.0,0.0,0.0,0.0,0.0,0.0,0.0,0.0,0.0,0.0,0.0,0.0,0.0,0.0,0.0,0.0,0.0,0.0,0.0,1.0,8.0,7.0,1.0,0.875,0.5714285714285714,0.42857142857142855,0.14285714285714285,0.42857142857142855,1.0,1.0,0.0,1.0,1.0,0.6666666666666666,0.4,0.0,0.0,8.0,0.875,5.0,0.0,73.77111589961805,1534.617205246731,1541.4135863150007,1607.0174502424613,,488.125,652.2,0.2857142857142857,0.2857142857142857,1.0,1.0,0.0
2025-09-17,600055031,600055031|5307810|5307811,5307811,5307810,mahamed aly,iwo baraniewski,0,iwo baraniewski,KO-TKO,1,0.33,4.857047030397613,7.620000000000003,11.430000000000009,0.0,0.0,0.0,0.0,0.0,0.0,0.0,0.0,0.0,0.0,0.0,0.0,0.0,0.0,0.0,0.0,0.0,0.0,0.0,0.0,0.0,0.0,0.0,0.0,-1.0,-2.0,-2.0,0.0,-1.0,-1.0,-1.0,0.0,0.0,0.0,0.0,0.0,-1.0,-1.0,-1.0,-1.0,0.0,0.0,-2.0,-1.0,-1.0,0.0,-24.670026292431203,-1515.7890166355596,-1515.7890166355596,-1526.6536327617882,,-126.0,-126.0,-1.0,-1.0,0.0,0.0,1.0
2025-09-17,600055031,600055031|5307814|5307815,5307814,5307815,tommy gantt,adam livingston,1,tommy gantt,SUBMISSION,1,2.78,8.597028001943912,-7.620000000000003,11.429999999999978,0.0,0.0,0.0,0.0,0.0,0.0,0.0,0.0,0.0,0.0,0.0,0.0,0.0,0.0,0.0,0.0,0.0,0.0,0.0,0.0,0.0,0.0,0.0,0.0,-1.0,-2.0,-2.0,0.0,-1.0,-1.0,-1.0,0.0,0.0,0.0,0.0,0.0,-1.0,-1.0,-1.0,-1.0,-2.0,-1.0,0.0,0.0,-1.0,0.0,-23.88845473370793,-1504.568821092727,-1504.568821092727,-1510.7544851782968,,-110.0,-110.0,-1.0,-1.0,0.0,0.0,1.0
2025-09-24,600055032,600055032|4687104|5277050,5277050,4687104,justice torres,javier reyes,0,javier reyes,KO-TKO,1,2.53,-4.024723300273106,-5.0800000000000125,-16.50999999999999,0.0,0.0,1.0,0.0,0.0,0.0,0.0,0.0,0.0,0.0,0.0,0.0,0.0,0.0,0.0,0.0,0.0,0.0,0.0,0.0,0.0,0.0,0.0,0.0,0.0,-24.0,-20.0,-4.0,-0.2666666666666667,-0.1594202898550725,0.18840579710144922,-0.34782608695652173,0.15942028985507245,-0.23809523809523808,-0.09523809523809523,-0.14285714285714285,0.0,0.0,0.0,-0.33333333333333337,-7.0,-0.42857142857142855,-17.0,-0.3695652173913043,-11.0,-1.0,-122.25683452315775,21.52348915249945,-4.897026753586488,-14.913737936504276,0.0,285.5,340.20000000000005,-0.34782608695652173,-0.34782608695652173,-1.0,1.0,1.0
2025-09-24,600055032,600055032|4916608|5308768,5308768,4916608,murtazali magomedov,brahyam zurcher,1,murtazali magomedov,KO-TKO,1,1.62,-3.460714456833476,2.539999999999992,1.2699999999999818,0.0,0.0,0.0,0.0,0.0,0.0,0.0,0.0,0.0,0.0,0.0,0.0,0.0,0.0,0.0,0.0,0.0,0.0,0.0,0.0,0.0,0.0,0.0,0.0,0.0,-3.0,-4.0,1.0,-0.09999999999999998,0.2857142857142857,0.07142857142857145,0.2142857142857143,-0.2857142857142857,-1.0,-1.0,0.0,-0.3333333333333333,-0.20000000000000007,0.0,0.0,-3.0,-1.0,0.0,0.09999999999999998,-2.0,0.0,-36.83277417261547,22.016745554295312,52.038334235940056,112.30003770125359,0.0,8.883333333333326,363.70000000000005,0.3857142857142857,0.17142857142857143,0.0,1.0,1.0
2025-09-24,600055032,600055032|5264925|5282616,5264925,5282616,mantas kondratavičius,djani barbir,1,mantas kondratavičius,KO-TKO,1,1.1,-1.9357002539408723,0.0,-8.889999999999986,0.0,0.0,0.0,0.0,0.0,0.0,0.0,0.0,0.0,0.0,0.0,0.0,0.0,0.0,0.0,0.0,0.0,0.0,0.0,0.0,0.0,0.0,0.0,0.0,0.0,9.0,9.0,0.0,0.9,1.0,0.7777777777777778,0.2222222222222222,0.0,0.0,-1.0,1.0,1.0,0.8,1.0,1.0,2.0,1.0,7.0,0.875,5.0,0.0,93.1803831249315,-69.60633464939542,-67.02636425202354,34.24995731002696,0.0,138.1,74.19999999999999,0.6666666666666666,0.8888888888888888,1.0,1.0,1.0
2025-09-24,600055032,600055032|5308769|5308770,5308770,5308769,sofia montenegro,jeisla chaves,0,jeisla chaves,DEC-SPLT,3,15.0,-2.3710274680520484,5.079999999999984,-1.2700000000000102,0.0,0.0,0.0,0.0,0.0,0.0,0.0,0.0,0.0,0.0,0.0,0.0,0.0,0.0,0.0,0.0,0.0,0.0,0.0,0.0,0.0,0.0,0.0,0.0,0.0,0.0,0.0,0.0,0.0,0.0,0.0,0.0,0.0,0.0,0.0,0.0,0.0,0.0,0.0,0.0,0.0,0.0,0.0,0.0,0.0,0.0,0.0,0.0,0.0,0.0,,0.0,0.0,0.0,0.0,0.0,0.0,0.0
2025-09-24,600055032,600055032|5308871|5308872,5308871,5308872,rafael tobias,jair de oliveira,1,rafael tobias,SUBMISSION,1,3.77,-6.861194959513199,10.159999999999997,12.699999999999989,0.0,0.0,0.0,0.0,0.0,0.0,0.0,0.0,0.0,0.0,0.0,0.0,0.0,0.0,0.0,0.0,0.0,0.0,0.0,0.0,0.0,0.0,0.0,0.0,0.0,15.0,14.0,1.0,0.875,0.7857142857142857,0.35714285714285715,0.42857142857142855,0.21428571428571427,0.0,1.0,-1.0,1.0,1.0,1.0,0.8,2.0,0.0,13.0,1.0,10.0,0.0,124.90088716739979,-97.3369657405608,-93.92139053652613,37.87415067789698,0.0,119.8125,87.39999999999998,0.6428571428571429,0.7142857142857143,1.0,1.0,1.0
