event_date,event_id,fighter_a,fighter_b,winner_a,method3,a__cand_wins,b__cand_wins,a__cand_losses,b__cand_losses,a__cand_finish_win_pct,b__cand_finish_win_pct,a__cand_ko_win_pct,b__cand_ko_win_pct,a__cand_sub_win_pct,b__cand_sub_win_pct,a__cand_dec_win_pct,b__cand_dec_win_pct,a__cand_recent5_finish_pct,b__cand_recent5_finish_pct,a__cand_r1_finish_win_pct,b__cand_r1_finish_win_pct,a__cand_early_finish_win_pct,b__cand_early_finish_win_pct,a__cand_multi_route_finisher,b__cand_multi_route_finisher,a__cand_avg_duration_sec,b__cand_avg_duration_sec,a__cand_elo,b__cand_elo,a__opp_losses,b__opp_losses,a__opp_finish_loss_pct,b__opp_finish_loss_pct,a__opp_ko_loss_pct,b__opp_ko_loss_pct,a__opp_sub_loss_pct,b__opp_sub_loss_pct,a__opp_avg_duration_sec,b__opp_avg_duration_sec,a__opp_elo,b__opp_elo,a__elo_edge,b__elo_edge,a__experience_edge,b__experience_edge,a__ko_access,b__ko_access,a__sub_access,b__sub_access,a__decision_route,b__decision_route,a__finish_conversion_vs_vulnerability,b__finish_conversion_vs_vulnerability
2017-07-11,400961602,azunna anyanwu,greg rebello,1,KO_TKO,14.0,9.0,4.0,2.0,0.7142857142857143,0.5555555555555556,0.5714285714285714,0.5555555555555556,0.14285714285714285,0.0,0.2857142857142857,0.4444444444444444,0.5,0.8,0.2857142857142857,0.2222222222222222,0.35714285714285715,0.3333333333333333,1.0,0.0,623.9411764705883,630.4444444444445,1590.0102091226584,1576.4016768921595,2.0,4.0,0.0,0.5,0.0,0.5,0.0,0.0,630.4444444444445,623.9411764705883,1576.4016768921595,1590.0102091226584,13.608532230498895,-13.608532230498895,7.0,-7.0,0.0,0.2777777777777778,0.0,0.0,0.2857142857142857,0.2222222222222222,0.0,0.2777777777777778
2017-07-11,400961602,charles byrd,jamie pickett,1,SUB,2.0,0.0,1.0,0.0,0.5,0.0,0.0,0.0,0.5,0.0,0.5,0.0,0.5,0.0,0.5,0.0,0.5,0.0,0.0,0.0,643.6666666666666,0.0,1514.4889169818023,1500.0,0.0,1.0,0.0,0.0,0.0,0.0,0.0,0.0,0.0,643.6666666666666,1500.0,1514.4889169818023,14.488916981802276,-14.488916981802276,3.0,-3.0,0.0,0.0,0.0,0.0,0.5,0.0,0.0,0.0
2017-07-11,400961602,boston salmon,ricky turcios,1,DEC,0.0,9.0,1.0,0.0,0.0,0.3333333333333333,0.0,0.3333333333333333,0.0,0.0,0.0,0.6666666666666666,0.0,0.4,0.0,0.1111111111111111,0.0,0.2222222222222222,0.0,0.0,900.0,702.625,1488.5010679594411,1600.8058295971211,0.0,1.0,0.0,0.0,0.0,0.0,0.0,0.0,702.625,900.0,1600.8058295971211,1488.5010679594411,-112.30476163768003,112.30476163768003,-8.0,8.0,0.0,0.0,0.0,0.0,0.0,0.6666666666666666,0.0,0.0
2017-07-11,400961602,manny vazquez,joby sanchez,0,DEC,12.0,9.0,2.0,2.0,0.5833333333333334,0.7777777777777778,0.08333333333333333,0.3333333333333333,0.5,0.4444444444444444,0.4166666666666667,0.2222222222222222,0.5,0.3333333333333333,0.3333333333333333,0.2222222222222222,0.3333333333333333,0.3333333333333333,1.0,1.0,598.8461538461538,558.3636363636364,1602.5742311873423,1573.0033951518474,2.0,2.0,0.5,0.5,0.5,0.0,0.0,0.5,558.3636363636364,598.8461538461538,1573.0033951518474,1602.5742311873423,29.57083603549495,-29.57083603549495,3.0,-3.0,0.041666666666666664,0.0,0.0,0.2222222222222222,0.20833333333333334,0.1111111111111111,0.2916666666666667,0.3888888888888889
2017-07-19,400966346,dan spohn,angel de anda,1,SUB,4.0,0.0,4.0,0.0,0.25,0.0,0.25,0.0,0.0,0.0,0.75,0.0,0.5,0.0,0.0,0.0,0.0,0.0,0.0,0.0,934.0,0.0,1515.9458447201253,1500.0,0.0,4.0,0.0,0.0,0.0,0.0,0.0,0.0,0.0,934.0,1500.0,1515.9458447201253,15.945844720125251,-15.945844720125251,8.0,-8.0,0.0,0.0,0.0,0.0,0.75,0.0,0.0,0.0
2017-07-19,400966346,lazar stojadinovic,thanh le,0,KO_TKO,13.0,3.0,6.0,0.0,0.6153846153846154,1.0,0.23076923076923078,1.0,0.38461538461538464,0.0,0.38461538461538464,0.0,0.5,1.0,0.38461538461538464,0.6666666666666666,0.5384615384615384,1.0,1.0,0.0,543.7894736842105,200.33333333333334,1578.2886373630213,1542.0950155926662,0.0,6.0,0.0,0.5,0.0,0.16666666666666666,0.0,0.3333333333333333,200.33333333333334,543.7894736842105,1542.0950155926662,1578.2886373630213,36.193621770355094,-36.193621770355094,16.0,-16.0,0.0,0.16666666666666666,0.0,0.0,0.38461538461538464,0.0,0.0,0.5
2017-07-19,400966346,casey kenney,cee jay hamilton,1,DEC,7.0,0.0,0.0,0.0,0.7142857142857143,0.0,0.14285714285714285,0.0,0.5714285714285714,0.0,0.2857142857142857,0.0,0.6666666666666666,0.0,0.42857142857142855,0.0,0.5714285714285714,0.0,1.0,0.0,610.8888888888889,0.0,1581.67867531347,1500.0,0.0,0.0,0.0,0.0,0.0,0.0,0.0,0.0,0.0,610.8888888888889,1500.0,1581.67867531347,81.67867531346997,-81.67867531346997,9.0,-9.0,0.0,0.0,0.0,0.0,0.2857142857142857,0.0,0.0,0.0
2017-07-19,400966346,sidney outlaw,michael cora,1,DEC,1.0,1.0,1.0,0.0,1.0,1.0,0.0,1.0,1.0,0.0,0.0,0.0,1.0,1.0,0.0,1.0,0.0,1.0,0.0,0.0,250.0,131.0,1500.373671576136,1512.3907780304526,0.0,1.0,0.0,1.0,0.0,1.0,0.0,0.0,131.0,250.0,1512.3907780304526,1500.373671576136,-12.01710645431649,12.01710645431649,1.0,-1.0,0.0,1.0,0.0,0.0,0.0,0.0,0.0,1.0
2017-07-19,400966346,alfred khashakyan,sean o'malley,0,KO_TKO,2.0,9.0,3.0,0.0,1.0,0.8888888888888888,1.0,0.7777777777777778,0.0,0.1111111111111111,0.0,0.1111111111111111,1.0,1.0,1.0,0.7777777777777778,1.0,0.7777777777777778,0.0,1.0,348.0,271.77777777777777,1496.0545702968664,1600.4528023346038,0.0,3.0,0.0,0.6666666666666666,0.0,0.3333333333333333,0.0,0.3333333333333333,271.77777777777777,348.0,1600.4528023346038,1496.0545702968664,-104.39823203773744,104.39823203773744,-4.0,4.0,0.0,0.25925925925925924,0.0,0.037037037037037035,0.0,0.03703703703703704,0.0,0.5925925925925926
2017-07-25,400966347,geoff neal,chase waldon,1,KO_TKO,8.0,12.0,2.0,2.0,0.75,0.6666666666666666,0.625,0.25,0.125,0.4166666666666667,0.25,0.3333333333333333,1.0,0.5,0.5,0.3333333333333333,0.625,0.3333333333333333,1.0,1.0,514.0,461.85714285714283,1567.6595937088987,1603.3225715689343,2.0,2.0,1.0,1.0,0.5,0.5,0.5,0.5,461.85714285714283,514.0,1603.3225715689343,1567.6595937088987,-35.66297786003565,35.66297786003565,-4.0,4.0,0.3125,0.125,0.0625,0.20833333333333334,0.0,0.0,0.75,0.6666666666666666
2017-07-25,400966347,jason jackson,kyle stewart,0,KO_TKO,2.0,8.0,0.0,0.0,0.0,0.75,0.0,0.375,0.0,0.375,1.0,0.25,0.0,0.8,0.0,0.75,0.0,0.75,0.0,1.0,900.0,306.125,1527.384693923427,1588.7131199517526,0.0,0.0,0.0,0.0,0.0,0.0,0.0,0.0,306.125,900.0,1588.7131199517526,1527.384693923427,-61.328426028325566,61.328426028325566,-6.0,6.0,0.0,0.0,0.0,0.0,1.0,0.25,0.0,0.0
2017-07-25,400966347,karl roberson,ryan spann,1,KO_TKO,1.0,10.0,0.0,5.0,1.0,0.9,0.0,0.1,1.0,0.8,0.0,0.1,1.0,1.0,1.0,0.8,1.0,0.7,0.0,1.0,191.0,448.0,1513.1444535047292,1541.5577523801728,5.0,0.0,0.4,0.0,0.2,0.0,0.2,0.0,448.0,191.0,1541.5577523801728,1513.1444535047292,-28.413298875443616,28.413298875443616,-14.0,14.0,0.0,0.0,0.2,0.0,0.0,0.1,0.4,0.0
2017-07-25,400966347,alonzo menifield,daniel jolly,1,KO_TKO,5.0,2.0,0.0,0.0,1.0,0.5,0.6,0.0,0.4,0.5,0.0,0.5,1.0,0.5,0.8,0.5,0.8,0.0,1.0,0.0,210.5,780.0,1555.272059571638,1520.5671067337164,0.0,0.0,0.0,0.0,0.0,0.0,0.0,0.0,780.0,210.5,1520.5671067337164,1555.272059571638,34.70495283792161,-34.70495283792161,3.0,-3.0,0.0,0.0,0.0,0.0,0.0,0.5,0.0,0.0
2017-07-25,400966347,luis gomez,dan ige,0,SUB,4.0,3.0,2.0,1.0,0.75,0.3333333333333333,0.5,0.0,0.25,0.3333333333333333,0.25,0.6666666666666666,0.75,0.3333333333333333,0.5,0.0,0.5,0.0,1.0,0.0,347.0,871.75,1522.6873911496357,1528.4473315523105,1.0,2.0,0.0,1.0,0.0,1.0,0.0,0.0,871.75,347.0,1528.4473315523105,1522.6873911496357,-5.759940402674829,5.759940402674829,2.0,-2.0,0.0,0.0,0.0,0.0,0.25,0.0,0.0,0.3333333333333333
2017-08-01,400966348,julian marquez,phil hawes,1,KO_TKO,6.0,0.0,2.0,1.0,1.0,0.0,0.8333333333333334,0.0,0.16666666666666666,0.0,0.0,0.0,1.0,0.0,0.8333333333333334,0.0,1.0,0.0,1.0,0.0,253.0,435.0,1543.9285155188354,1491.9806749248075,1.0,2.0,1.0,0.0,0.0,0.0,1.0,0.0,435.0,253.0,1491.9806749248075,1543.9285155188354,51.947840594027866,-51.947840594027866,7.0,-7.0,0.0,0.0,0.16666666666666666,0.0,0.0,0.0,1.0,0.0
2017-08-01,400966348,brandon davis,austin arnett,1,DEC,0.0,0.0,0.0,0.0,0.0,0.0,0.0,0.0,0.0,0.0,0.0,0.0,0.0,0.0,0.0,0.0,0.0,0.0,0.0,0.0,0.0,0.0,1500.0,1500.0,0.0,0.0,0.0,0.0,0.0,0.0,0.0,0.0,0.0,0.0,1500.0,1500.0,0.0,0.0,0.0,0.0,0.0,0.0,0.0,0.0,0.0,0.0,0.0,0.0
2017-08-01,400966348,ronaldo candido de oliveira,carlos candelario,0,DEC,6.0,0.0,0.0,0.0,1.0,0.0,0.0,0.0,1.0,0.0,0.0,0.0,1.0,0.0,0.6666666666666666,0.0,0.6666666666666666,0.0,0.0,0.0,316.1666666666667,0.0,1568.3533424888612,1500.0,0.0,0.0,0.0,0.0,0.0,0.0,0.0,0.0,0.0,316.1666666666667,1500.0,1568.3533424888612,68.35334248886124,-68.35334248886124,6.0,-6.0,0.0,0.0,0.0,0.0,0.0,0.0,0.0,0.0
2017-08-01,400966348,cheyden leialoha,john castaneda,0,DEC,6.0,13.0,0.0,2.0,0.6666666666666666,0.7692307692307693,0.16666666666666666,0.46153846153846156,0.5,0.3076923076923077,0.3333333333333333,0.23076923076923078,0.8,0.8,0.6666666666666666,0.38461538461538464,0.6666666666666666,0.5384615384615384,1.0,1.0,398.3333333333333,512.5333333333333,1565.1244985387295,1609.0738558360665,2.0,0.0,0.5,0.0,0.5,0.0,0.0,0.0,512.5333333333333,398.3333333333333,1609.0738558360665,1565.1244985387295,-43.949357297336974,43.949357297336974,-9.0,9.0,0.08333333333333333,0.0,0.0,0.0,0.16666666666666666,0.23076923076923078,0.3333333333333333,0.0
2017-08-01,400966348,james gray,kyler phillips,0,KO_TKO,0.0,4.0,1.0,0.0,0.0,0.5,0.0,0.5,0.0,0.0,0.0,0.5,0.0,0.5,0.0,0.5,0.0,0.5,0.0,0.0,197.0,531.25,1488.9607888099504,1546.750760244593,0.0,1.0,0.0,1.0,0.0,1.0,0.0,0.0,531.25,197.0,1546.750760244593,1488.9607888099504,-57.789971434642666,57.789971434642666,-3.0,3.0,0.0,0.5,0.0,0.0,0.0,0.0,0.0,0.5
2017-08-08,400968458,kevin gray,alex perez,0,SUB,9.0,17.0,3.0,4.0,0.5555555555555556,0.4117647058823529,0.0,0.17647058823529413,0.5555555555555556,0.23529411764705882,0.4444444444444444,0.5882352941176471,0.25,0.25,0.3333333333333333,0.4117647058823529,0.3333333333333333,0.4117647058823529,0.0,1.0,547.5,548.5714285714286,1570.599801740686,1623.2485936911885,4.0,3.0,0.75,1.0,0.0,0.3333333333333333,0.75,0.6666666666666666,548.5714285714286,547.5,1623.2485936911885,1570.599801740686,-52.64879195050253,52.64879195050253,-9.0,9.0,0.0,0.058823529411764705,0.4166666666666667,0.1568627450980392,0.1111111111111111,0.0,0.4166666666666667,0.4117647058823529
2017-08-08,400968458,mike rodriguez,jamelle jones,1,KO_TKO,0.0,7.0,1.0,5.0,0.0,0.8571428571428571,0.0,0.7142857142857143,0.0,0.14285714285714285,0.0,0.14285714285714285,0.0,1.0,0.0,0.7142857142857143,0.0,0.8571428571428571,0.0,1.0,68.0,414.6363636363636,1489.0602677023699,1523.3439726091049,5.0,1.0,0.6,1.0,0.2,0.0,0.4,1.0,414.6363636363636,68.0,1523.3439726091049,1489.0602677023699,-34.28370490673501,34.28370490673501,-11.0,11.0,0.0,0.0,0.0,0.14285714285714285,0.0,0.0,0.0,0.8571428571428571
2017-08-08,400968458,ricky simon,donavon frelow,1,DEC,3.0,6.0,1.0,2.0,0.3333333333333333,0.6666666666666666,0.3333333333333333,0.0,0.0,0.6666666666666666,0.6666666666666666,0.3333333333333333,0.3333333333333333,0.3333333333333333,0.3333333333333333,0.5,0.3333333333333333,0.6666666666666666,0.0,0.0,588.0,659.0,1527.7319282350002,1543.3789683963141,2.0,1.0,0.0,1.0,0.0,0.0,0.0,1.0,659.0,588.0,1543.3789683963141,1527.7319282350002,-15.647040161313953,15.647040161313953,-4.0,4.0,0.0,0.0,0.0,0.6666666666666666,0.6666666666666666,0.0,0.0,0.6666666666666666
2017-08-08,400968458,julio arce,peter petties,1,KO_TKO,2.0,1.0,2.0,0.0,0.5,0.0,0.0,0.0,0.5,0.0,0.5,1.0,0.5,0.0,0.0,0.0,0.0,0.0,0.0,0.0,739.25,900.0,1508.7347848605368,1512.6217818607367,0.0,2.0,0.0,0.5,0.0,0.0,0.0,0.5,900.0,739.25,1512.6217818607367,1508.7347848605368,-3.8869970001999263,3.8869970001999263,3.0,-3.0,0.0,0.0,0.0,0.0,0.5,0.5,0.0,0.0
2017-08-08,400968458,everett sims,shelton graves,0,KO_TKO,0.0,6.0,0.0,3.0,0.0,0.6666666666666666,0.0,0.3333333333333333,0.0,0.3333333333333333,0.0,0.3333333333333333,0.0,0.75,0.0,0.16666666666666666,0.0,0.3333333333333333,0.0,1.0,0.0,519.8888888888889,1500.0,1537.6566901330186,3.0,0.0,0.6666666666666666,0.0,0.0,0.0,0.6666666666666666,0.0,519.8888888888889,0.0,1537.6566901330186,1500.0,-37.65669013301863,37.65669013301863,-9.0,9.0,0.0,0.0,0.0,0.0,0.0,0.3333333333333333,0.0,0.0
2017-08-16,400968459,buddy wallace,charles byrd,0,SUB,0.0,2.0,0.0,1.0,0.0,0.5,0.0,0.0,0.0,0.5,0.0,0.5,0.0,0.5,0.0,0.5,0.0,0.5,0.0,0.0,0.0,643.6666666666666,1500.0,1514.4889169818023,1.0,0.0,0.0,0.0,0.0,0.0,0.0,0.0,643.6666666666666,0.0,1514.4889169818023,1500.0,-14.488916981802276,14.488916981802276,-3.0,3.0,0.0,0.0,0.0,0.0,0.0,0.5,0.0,0.0
2017-08-16,400968459,grant dawson,adrian diaz,1,SUB,2.0,11.0,0.0,5.0,1.0,0.8181818181818182,0.5,0.36363636363636365,0.5,0.45454545454545453,0.0,0.18181818181818182,1.0,1.0,0.0,0.45454545454545453,0.5,0.5454545454545454,1.0,1.0,433.5,500.7647058823529,1527.0725248359795,1565.1015948715683,5.0,0.0,0.6,0.0,0.4,0.0,0.2,0.0,500.7647058823529,433.5,1565.1015948715683,1527.0725248359795,-38.0290700355888,38.0290700355888,-15.0,15.0,0.2,0.0,0.1,0.0,0.0,0.18181818181818182,0.6,0.0
2017-08-16,400968459,cameron olson,karl reed,1,DEC,1.0,0.0,2.0,0.0,1.0,0.0,0.0,0.0,1.0,0.0,0.0,0.0,1.0,0.0,0.0,0.0,0.0,0.0,0.0,0.0,318.0,0.0,1489.8098093152153,1500.0,0.0,2.0,0.0,1.0,0.0,1.0,0.0,0.0,0.0,318.0,1500.0,1489.8098093152153,-10.190190684784739,10.190190684784739,3.0,-3.0,0.0,0.0,0.0,0.0,0.0,0.0,0.0,0.0
2017-08-16,400968459,jaime alvarez,martin day,1,DEC,0.0,0.0,1.0,1.0,0.0,0.0,0.0,0.0,0.0,0.0,0.0,0.0,0.0,0.0,0.0,0.0,0.0,0.0,0.0,0.0,67.0,200.0,1488.776114044882,1488.7868557021077,1.0,1.0,1.0,1.0,1.0,1.0,0.0,0.0,200.0,67.0,1488.7868557021077,1488.776114044882,-0.010741657225707968,0.010741657225707968,0.0,0.0,0.0,0.0,0.0,0.0,0.0,0.0,0.0,0.0
2017-08-16,400968459,tiffany masters,jamie colleen miller,0,SUB,0.0,0.0,0.0,0.0,0.0,0.0,0.0,0.0,0.0,0.0,0.0,0.0,0.0,0.0,0.0,0.0,0.0,0.0,0.0,0.0,0.0,0.0,1500.0,1500.0,0.0,0.0,0.0,0.0,0.0,0.0,0.0,0.0,0.0,0.0,1500.0,1500.0,0.0,0.0,0.0,0.0,0.0,0.0,0.0,0.0,0.0,0.0,0.0,0.0
2017-08-23,400972137,mark cherico,mike santiago,0,KO_TKO,2.0,4.0,1.0,3.0,1.0,0.75,1.0,0.25,0.0,0.5,0.0,0.25,1.0,1.0,0.0,0.5,0.5,0.5,0.0,1.0,293.0,430.0,1514.5372325569194,1520.8963465139516,3.0,1.0,0.6666666666666666,1.0,0.0,0.0,0.6666666666666666,1.0,430.0,293.0,1520.8963465139516,1514.5372325569194,-6.35911395703215,6.35911395703215,-4.0,4.0,0.0,0.0,0.0,0.5,0.0,0.0,0.6666666666666666,0.75
2017-08-23,400972137,kennedy nzechukwu,anton berzin,1,DEC,1.0,2.0,0.0,1.0,1.0,1.0,1.0,0.5,0.0,0.5,0.0,0.0,1.0,1.0,0.0,0.5,1.0,0.5,0.0,1.0,426.0,261.6666666666667,1511.1750287107252,1514.8110280251562,1.0,0.0,1.0,0.0,1.0,0.0,0.0,0.0,261.6666666666667,426.0,1514.8110280251562,1511.1750287107252,-3.6359993144310465,3.6359993144310465,-2.0,2.0,1.0,0.0,0.0,0.0,0.0,0.0,1.0,0.0
2017-08-23,400972137,benito lopez,steven peterson,1,DEC,9.0,5.0,0.0,3.0,0.5555555555555556,0.8,0.3333333333333333,0.0,0.2222222222222222,0.8,0.4444444444444444,0.2,0.8,1.0,0.5555555555555556,0.2,0.5555555555555556,0.6,1.0,0.0,412.0,706.375,1597.6305148467206,1533.3268127662918,3.0,0.0,0.3333333333333333,0.0,0.3333333333333333,0.0,0.0,0.0,706.375,412.0,1533.3268127662918,1597.6305148467206,64.30370208042882,-64.30370208042882,1.0,-1.0,0.1111111111111111,0.0,0.0,0.0,0.29629629629629634,0.2,0.18518518518518517,0.0
2017-08-23,400972137,jordan espinosa,nick urso,1,SUB,11.0,11.0,5.0,4.0,0.7272727272727273,0.45454545454545453,0.09090909090909091,0.18181818181818182,0.6363636363636364,0.2727272727272727,0.2727272727272727,0.5454545454545454,0.75,0.0,0.6363636363636364,0.36363636363636365,0.7272727272727273,0.45454545454545453,1.0,1.0,454.0,547.25,1565.1936519263688,1570.0820509000605,4.0,5.0,0.75,0.4,0.25,0.0,0.5,0.4,547.25,454.0,1570.0820509000605,1565.1936519263688,-4.888398973691665,4.888398973691665,1.0,-1.0,0.022727272727272728,0.0,0.3181818181818182,0.10909090909090909,0.06818181818181818,0.3272727272727272,0.5454545454545454,0.18181818181818182
2017-08-23,400972137,jp buys,joby sanchez,0,KO_TKO,0.0,11.0,0.0,2.0,0.0,0.7272727272727273,0.0,0.36363636363636365,0.0,0.36363636363636365,0.0,0.2727272727272727,0.0,0.5,0.0,0.18181818181818182,0.0,0.36363636363636365,0.0,1.0,0.0,576.1538461538462,1500.0,1596.255789587924,2.0,0.0,0.5,0.0,0.5,0.0,0.0,0.0,576.1538461538462,0.0,1596.255789587924,1500.0,-96.25578958792403,96.25578958792403,-13.0,13.0,0.0,0.0,0.0,0.0,0.0,0.2727272727272727,0.0,0.0
2017-08-30,400972138,casey kenney,adam antolin,0,DEC,7.0,13.0,1.0,3.0,0.7142857142857143,0.8461538461538461,0.14285714285714285,0.15384615384615385,0.5714285714285714,0.6923076923076923,0.2857142857142857,0.15384615384615385,0.5,0.6,0.42857142857142855,0.46153846153846156,0.5714285714285714,0.5384615384615384,1.0,1.0,639.8,392.06666666666666,1570.0493906374877,1604.044684447797,3.0,1.0,0.6666666666666666,0.0,0.0,0.0,0.6666666666666666,0.0,392.06666666666666,639.8,1604.044684447797,1570.0493906374877,-33.99529381030925,33.99529381030925,-6.0,6.0,0.0,0.0,0.38095238095238093,0.0,0.09523809523809525,0.15384615384615385,0.47619047619047616,0.0
2017-08-30,400972138,kelly velasco,lauren mueller,0,DEC,0.0,0.0,0.0,0.0,0.0,0.0,0.0,0.0,0.0,0.0,0.0,0.0,0.0,0.0,0.0,0.0,0.0,0.0,0.0,0.0,0.0,0.0,1500.0,1500.0,0.0,0.0,0.0,0.0,0.0,0.0,0.0,0.0,0.0,0.0,1500.0,1500.0,0.0,0.0,0.0,0.0,0.0,0.0,0.0,0.0,0.0,0.0,0.0,0.0
2017-08-30,400972138,matt frevola,jose flores,1,SUB,0.0,3.0,0.0,0.0,0.0,1.0,0.0,1.0,0.0,0.0,0.0,0.0,0.0,1.0,0.0,0.6666666666666666,0.0,0.3333333333333333,0.0,0.0,0.0,391.5,1500.0,1533.413061323577,0.0,0.0,0.0,0.0,0.0,0.0,0.0,0.0,391.5,0.0,1533.413061323577,1500.0,-33.41306132357704,33.41306132357704,-3.0,3.0,0.0,0.0,0.0,0.0,0.0,0.0,0.0,0.0
2017-08-30,400972138,allen crowder,don'tale mayes,1,KO_TKO,3.0,4.0,1.0,2.0,1.0,0.5,1.0,0.0,0.0,0.5,0.0,0.5,1.0,0.3333333333333333,0.6666666666666666,0.25,0.6666666666666666,0.25,0.0,0.0,493.25,716.5,1525.4059021418354,1521.7232018646187,2.0,1.0,0.5,1.0,0.5,1.0,0.0,0.0,716.5,493.25,1521.7232018646187,1525.4059021418354,3.6827002772167816,-3.6827002772167816,-2.0,2.0,0.5,0.0,0.0,0.0,0.0,0.0,0.5,0.5
2017-08-30,400972138,bevon lewis,elias urbina,1,KO_TKO,5.0,0.0,0.0,1.0,0.4,0.0,0.4,0.0,0.0,0.0,0.6,0.0,0.4,0.0,0.0,0.0,0.0,0.0,0.0,0.0,763.8,467.0,1556.4821144689038,1489.581731784653,1.0,0.0,1.0,0.0,1.0,0.0,0.0,0.0,467.0,763.8,1489.581731784653,1556.4821144689038,66.90038268425087,-66.90038268425087,4.0,-4.0,0.4,0.0,0.0,0.0,0.0,0.0,0.4,0.0
2018-06-13,401033270,greg hardy,austen lane,1,KO_TKO,2.0,0.0,0.0,1.0,1.0,0.0,1.0,0.0,0.0,0.0,0.0,0.0,1.0,0.0,1.0,0.0,1.0,0.0,0.0,0.0,35.5,57.0,1523.585699413623,1488.414300586377,1.0,0.0,1.0,0.0,1.0,0.0,0.0,0.0,57.0,35.5,1488.414300586377,1523.585699413623,35.171398827245866,-35.171398827245866,1.0,-1.0,1.0,0.0,0.0,0.0,0.0,0.0,1.0,0.0
2018-06-13,401033270,sean lally,chris curtis,0,KO_TKO,2.0,5.0,1.0,1.0,0.5,0.4,0.5,0.2,0.0,0.2,0.5,0.6,0.5,0.5,0.5,0.0,0.5,0.2,0.0,1.0,490.6666666666667,937.5,1513.0965721657328,1553.0906364357763,1.0,1.0,0.0,1.0,0.0,0.0,0.0,1.0,937.5,490.6666666666667,1553.0906364357763,1513.0965721657328,-39.99406427004351,39.99406427004351,-3.0,3.0,0.0,0.0,0.0,0.2,0.5,0.0,0.0,0.4
2018-06-13,401033270,kevin holland,will santiago jr.,1,DEC,7.0,9.0,2.0,5.0,0.8571428571428571,1.0,0.5714285714285714,0.8888888888888888,0.2857142857142857,0.1111111111111111,0.14285714285714285,0.0,0.8,1.0,0.5714285714285714,1.0,0.42857142857142855,1.0,1.0,1.0,586.375,256.35714285714283,1574.3498490086326,1538.2762790362638,5.0,2.0,0.6,0.0,0.6,0.0,0.0,0.0,256.35714285714283,586.375,1538.2762790362638,1574.3498490086326,36.07356997236889,-36.07356997236889,-5.0,5.0,0.3428571428571428,0.0,0.0,0.0,0.05714285714285714,0.0,0.5142857142857142,0.0
2018-06-13,401033270,alonzo menifield,dashawn boatwright,1,KO_TKO,11.0,0.0,0.0,1.0,1.0,0.0,0.6363636363636364,0.0,0.36363636363636365,0.0,0.0,0.0,1.0,0.0,0.7272727272727273,0.0,0.9090909090909091,0.0,1.0,0.0,213.6,8.0,1614.7211749758746,1491.560465617797,1.0,0.0,1.0,0.0,1.0,0.0,0.0,0.0,8.0,213.6,1491.560465617797,1614.7211749758746,123.16070935807761,-123.16070935807761,10.0,-10.0,0.6363636363636364,0.0,0.0,0.0,0.0,0.0,1.0,0.0
2018-06-13,401033270,montel jackson,rico disciullo,1,KO_TKO,2.0,11.0,0.0,2.0,1.0,0.5454545454545454,1.0,0.45454545454545453,0.0,0.09090909090909091,0.0,0.45454545454545453,1.0,0.6666666666666666,0.0,0.5454545454545454,0.0,0.45454545454545453,0.0,1.0,615.5,457.1666666666667,1526.8929696843913,1582.8571042153806,2.0,0.0,1.0,0.0,0.5,0.0,0.5,0.0,457.1666666666667,615.5,1582.8571042153806,1526.8929696843913,-55.96413453098921,55.96413453098921,-13.0,13.0,0.5,0.0,0.0,0.0,0.0,0.45454545454545453,1.0,0.0
2018-06-20,401033277,matt sayles,yazan hajeh,1,KO_TKO,2.0,7.0,1.0,1.0,1.0,0.2857142857142857,1.0,0.2857142857142857,0.0,0.0,0.0,0.7142857142857143,1.0,0.0,0.5,0.2857142857142857,0.5,0.2857142857142857,0.0,0.0,623.0,624.5,1517.2320059640692,1559.8680098457478,1.0,1.0,1.0,0.0,1.0,0.0,0.0,0.0,624.5,623.0,1559.8680098457478,1517.2320059640692,-42.63600388167856,42.63600388167856,-5.0,5.0,1.0,0.0,0.0,0.0,0.0,0.7142857142857143,1.0,0.0
2018-06-20,401033277,emiliano sordi,ryan spann,0,SUB,7.0,17.0,9.0,6.0,1.0,0.9411764705882353,0.42857142857142855,0.29411764705882354,0.5714285714285714,0.6470588235294118,0.0,0.058823529411764705,1.0,1.0,0.8571428571428571,0.8823529411764706,0.8571428571428571,0.8235294117647058,1.0,1.0,236.0909090909091,343.95454545454544,1507.0838005213611,1605.3316936846695,6.0,9.0,0.5,0.7777777777777778,0.3333333333333333,0.4444444444444444,0.16666666666666666,0.3333333333333333,343.95454545454544,236.0909090909091,1605.3316936846695,1507.0838005213611,-98.24789316330839,98.24789316330839,-7.0,7.0,0.14285714285714285,0.13071895424836602,0.09523809523809523,0.21568627450980393,0.0,0.0130718954248366,0.5,0.7320261437908496
2018-06-20,401033277,austin springer,giga chikadze,1,SUB,2.0,0.0,0.0,0.0,0.5,0.0,0.5,0.0,0.0,0.0,0.5,0.0,0.5,0.0,0.0,0.0,0.0,0.0,0.0,0.0,1133.5,0.0,1524.271252938688,1500.0,0.0,0.0,0.0,0.0,0.0,0.0,0.0,0.0,0.0,1133.5,1500.0,1524.271252938688,24.271252938687894,-24.271252938687894,2.0,-2.0,0.0,0.0,0.0,0.0,0.5,0.0,0.0,0.0
2018-06-20,401033277,dwight grant,tyler hill,1,KO_TKO,2.0,0.0,0.0,2.0,0.0,0.0,0.0,0.0,0.0,0.0,1.0,0.0,0.0,0.0,0.0,0.0,0.0,0.0,0.0,0.0,900.0,815.0,1527.7331544320111,1482.7503978378581,2.0,0.0,1.0,0.0,0.0,0.0,1.0,0.0,815.0,900.0,1482.7503978378581,1527.7331544320111,44.98275659415299,-44.98275659415299,0.0,0.0,0.0,0.0,0.0,0.0,0.0,0.0,0.0,0.0
2018-06-27,401033279,josh parisian,greg rebello,1,KO_TKO,1.0,9.0,2.0,3.0,1.0,0.5555555555555556,1.0,0.5555555555555556,0.0,0.0,0.0,0.4444444444444444,1.0,0.75,0.0,0.2222222222222222,1.0,0.3333333333333333,0.0,0.0,605.6666666666666,615.8,1490.1684305348208,1564.8714587264963,3.0,2.0,0.3333333333333333,0.5,0.3333333333333333,0.5,0.0,0.0,615.8,605.6666666666666,1564.8714587264963,1490.1684305348208,-74.70302819167546,74.70302819167546,-9.0,9.0,0.3333333333333333,0.2777777777777778,0.0,0.0,0.0,0.2222222222222222,0.3333333333333333,0.2777777777777778
2018-06-27,401033279,austin tweedy,te edwards,0,KO_TKO,1.0,7.0,2.0,1.0,1.0,1.0,0.0,1.0,1.0,0.0,0.0,0.0,1.0,1.0,1.0,1.0,1.0,0.8571428571428571,0.0,0.0,350.0,193.85714285714286,1491.9930688937432,1565.6342965492106,1.0,2.0,0.0,0.5,0.0,0.5,0.0,0.0,193.85714285714286,350.0,1565.6342965492106,1491.9930688937432,-73.64122765546745,73.64122765546745,-5.0,5.0,0.0,0.5,0.0,0.0,0.0,0.0,0.0,0.5
2018-06-27,401033279,jamall emmers,julian erosa,0,KO_TKO,15.0,3.0,4.0,4.0,0.4666666666666667,0.6666666666666666,0.3333333333333333,0.6666666666666666,0.13333333333333333,0.0,0.5333333333333333,0.3333333333333333,0.5,0.6666666666666666,0.13333333333333333,0.0,0.26666666666666666,0.3333333333333333,1.0,0.0,681.7894736842105,996.5714285714286,1610.38778825097,1515.3676785241018,4.0,4.0,0.25,0.75,0.25,0.5,0.0,0.25,996.5714285714286,681.7894736842105,1515.3676785241018,1610.38778825097,95.02010972686821,-95.02010972686821,12.0,-12.0,0.08333333333333333,0.3333333333333333,0.0,0.0,0.4,0.08333333333333333,0.11666666666666667,0.5
2018-06-27,401033279,jaimelene nievera,antonina shevchenko,0,KO_TKO,10.0,1.0,5.0,0.0,0.6,1.0,0.2,1.0,0.4,0.0,0.4,0.0,0.25,1.0,0.1,0.0,0.3,0.0,1.0,0.0,528.9166666666666,502.0,1547.828502704203,1514.1171403924288,0.0,5.0,0.0,1.0,0.0,0.4,0.0,0.6,502.0,528.9166666666666,1514.1171403924288,1547.828502704203,33.71136231177411,-33.71136231177411,14.0,-14.0,0.0,0.4,0.0,0.0,0.4,0.0,0.0,1.0
2018-07-11,401033280,joey gomez,kevin aguilar,0,DEC,3.0,10.0,1.0,0.0,0.6666666666666666,0.8,0.6666666666666666,0.6,0.0,0.2,0.3333333333333333,0.2,0.6666666666666666,0.6,0.6666666666666666,0.3,0.6666666666666666,0.3,0.0,1.0,500.5,767.6666666666666,1525.453767427881,1620.7953608365935,0.0,1.0,0.0,0.0,0.0,0.0,0.0,0.0,767.6666666666666,500.5,1620.7953608365935,1525.453767427881,-95.34159340871247,95.34159340871247,-6.0,6.0,0.0,0.0,0.0,0.0,0.3333333333333333,0.2,0.0,0.0
2018-07-11,401033280,toby misech,ricky palacios,0,DEC,9.0,5.0,6.0,1.0,0.6666666666666666,0.4,0.6666666666666666,0.4,0.0,0.0,0.3333333333333333,0.6,0.6666666666666666,0.25,0.2222222222222222,0.2,0.3333333333333333,0.4,0.0,0.0,674.7142857142857,546.1666666666666,1528.075669630901,1549.0880385225753,1.0,6.0,1.0,0.6666666666666666,0.0,0.16666666666666666,1.0,0.5,546.1666666666666,674.7142857142857,1549.0880385225753,1528.075669630901,-21.012368891674214,21.012368891674214,9.0,-9.0,0.0,0.06666666666666667,0.0,0.0,0.0,0.2,0.6666666666666666,0.26666666666666666
2018-07-11,401033280,jordan espinosa,rilley dutro,1,KO_TKO,13.0,0.0,5.0,0.0,0.6923076923076923,0.0,0.15384615384615385,0.0,0.5384615384615384,0.0,0.3076923076923077,0.0,0.75,0.0,0.5384615384615384,0.0,0.6153846153846154,0.0,1.0,0.0,500.8421052631579,0.0,1588.4446282380347,1500.0,0.0,5.0,0.0,0.4,0.0,0.0,0.0,0.4,0.0,500.8421052631579,1500.0,1588.4446282380347,88.44462823803474,-88.44462823803474,19.0,-19.0,0.0,0.0,0.0,0.0,0.3076923076923077,0.0,0.0,0.0
2018-07-11,401033280,jalin turner,max mustaki,1,KO_TKO,9.0,0.0,3.0,1.0,1.0,0.0,0.8888888888888888,0.0,0.1111111111111111,0.0,0.0,0.0,1.0,0.0,1.0,0.0,0.6666666666666666,0.0,1.0,0.0,282.8888888888889,300.0,1563.9164483951804,1489.842076569063,1.0,3.0,1.0,0.6666666666666666,1.0,0.6666666666666666,0.0,0.0,300.0,282.8888888888889,1489.842076569063,1563.9164483951804,74.07437182611739,-74.07437182611739,11.0,-11.0,0.8888888888888888,0.0,0.0,0.0,0.0,0.0,1.0,0.0
2018-07-11,401033280,bevon lewis,alton cunningham,1,KO_TKO,8.0,4.0,0.0,1.0,0.375,1.0,0.375,1.0,0.0,0.0,0.625,0.0,0.4,1.0,0.125,0.5,0.125,0.5,0.0,0.0,725.0,411.4,1588.2699914025602,1536.223024851146,1.0,0.0,1.0,0.0,1.0,0.0,0.0,0.0,411.4,725.0,1536.223024851146,1588.2699914025602,52.04696655141424,-52.04696655141424,3.0,-3.0,0.375,0.0,0.0,0.0,0.0,0.0,0.375,0.0
2018-07-18,401033281,vince morales,domingo pilarte,0,SUB,3.0,9.0,2.0,1.0,1.0,0.6666666666666666,1.0,0.2222222222222222,0.0,0.4444444444444444,0.0,0.3333333333333333,1.0,0.6,0.0,0.4444444444444444,0.0,0.6666666666666666,0.0,1.0,532.0,474.7,1518.530978249375,1587.6485399689482,1.0,2.0,0.0,1.0,0.0,0.0,0.0,1.0,474.7,532.0,1587.6485399689482,1518.530978249375,-69.11756171957313,69.11756171957313,-5.0,5.0,0.0,0.0,0.0,0.4444444444444444,0.0,0.0,0.0,0.6666666666666666
2018-07-18,401033281,maycee barber,jamie colleen miller,1,KO_TKO,2.0,0.0,0.0,0.0,0.0,0.0,0.0,0.0,0.0,0.0,1.0,0.0,0.0,0.0,0.0,0.0,0.0,0.0,0.0,0.0,900.0,0.0,1523.1448193055332,1500.0,0.0,0.0,0.0,0.0,0.0,0.0,0.0,0.0,0.0,900.0,1500.0,1523.1448193055332,23.144819305533247,-23.144819305533247,2.0,-2.0,0.0,0.0,0.0,0.0,1.0,0.0,0.0,0.0
2018-07-18,401033281,austin vanderford,angelo trevino,1,SUB,5.0,0.0,0.0,2.0,0.6,0.0,0.2,0.0,0.4,0.0,0.4,0.0,0.6,0.0,0.2,0.0,0.0,0.0,1.0,0.0,851.25,475.5,1555.3516436197813,1479.4289187260963,2.0,0.0,1.0,0.0,0.0,0.0,1.0,0.0,475.5,851.25,1479.4289187260963,1555.3516436197813,75.92272489368497,-75.92272489368497,3.0,-3.0,0.0,0.0,0.4,0.0,0.0,0.0,0.6,0.0
2018-07-18,401033281,chibwikem onyenegecha,anthony adams,1,DEC,0.0,3.0,0.0,0.0,0.0,0.0,0.0,0.0,0.0,0.0,0.0,1.0,0.0,0.0,0.0,0.0,0.0,0.0,0.0,0.0,0.0,1300.0,1500.0,1539.202498735642,0.0,0.0,0.0,0.0,0.0,0.0,0.0,0.0,1300.0,0.0,1539.202498735642,1500.0,-39.20249873564194,39.20249873564194,-3.0,3.0,0.0,0.0,0.0,0.0,0.0,1.0,0.0,0.0
2018-07-18,401033281,edmen shahbazyan,antonio jones,1,KO_TKO,1.0,7.0,0.0,1.0,1.0,0.42857142857142855,1.0,0.2857142857142857,0.0,0.14285714285714285,0.0,0.5714285714285714,1.0,0.25,1.0,0.14285714285714285,1.0,0.14285714285714285,0.0,1.0,40.0,692.5,1514.5247044981143,1559.6811125117415,1.0,0.0,1.0,0.0,1.0,0.0,0.0,0.0,692.5,40.0,1559.6811125117415,1514.5247044981143,-45.15640801362724,45.15640801362724,-7.0,7.0,1.0,0.0,0.0,0.0,0.0,0.5714285714285714,1.0,0.0
2018-07-25,401033282,nick newell,alexander munoz,0,DEC,15.0,0.0,2.0,0.0,0.8,0.0,0.13333333333333333,0.0,0.6666666666666666,0.0,0.2,0.0,0.5,0.0,0.8,0.0,0.8,0.0,1.0,0.0,320.3529411764706,0.0,1619.0284282231999,1500.0,0.0,2.0,0.0,0.5,0.0,0.5,0.0,0.0,0.0,320.3529411764706,1500.0,1619.0284282231999,119.02842822319985,-119.02842822319985,17.0,-17.0,0.0,0.0,0.0,0.0,0.2,0.0,0.0,0.0
2018-07-25,401033282,jeff hughes,josh appelt,1,KO_TKO,7.0,18.0,0.0,9.0,0.14285714285714285,0.8333333333333334,0.14285714285714285,0.6666666666666666,0.0,0.16666666666666666,0.8571428571428571,0.16666666666666666,0.2,1.0,0.14285714285714285,0.5555555555555556,0.14285714285714285,0.6111111111111112,0.0,1.0,1152.2857142857142,339.5217391304348,1591.1504853284002,1569.5040083167446,9.0,0.0,0.5555555555555556,0.0,0.3333333333333333,0.0,0.2222222222222222,0.0,339.5217391304348,1152.2857142857142,1569.5040083167446,1591.1504853284002,21.646477011655634,-21.646477011655634,-20.0,20.0,0.047619047619047616,0.0,0.0,0.0,0.38095238095238093,0.16666666666666666,0.07936507936507936,0.0
2018-07-25,401033282,jimmy crute,chris birchler,1,KO_TKO,1.0,3.0,0.0,1.0,0.0,0.3333333333333333,0.0,0.0,0.0,0.3333333333333333,1.0,0.6666666666666666,0.0,0.3333333333333333,0.0,0.3333333333333333,0.0,0.3333333333333333,0.0,0.0,1500.0,737.75,1512.9760071548478,1522.655512307258,1.0,0.0,0.0,0.0,0.0,0.0,0.0,0.0,737.75,1500.0,1522.655512307258,1512.9760071548478,-9.67950515241023,9.67950515241023,-3.0,3.0,0.0,0.0,0.0,0.0,1.0,0.6666666666666666,0.0,0.0
2018-07-25,401033282,mike davis,sodiq yusuff,0,DEC,0.0,1.0,0.0,1.0,0.0,0.0,0.0,0.0,0.0,0.0,0.0,1.0,0.0,0.0,0.0,0.0,0.0,0.0,0.0,0.0,0.0,576.0,1500.0,1502.3727328495145,1.0,0.0,1.0,0.0,1.0,0.0,0.0,0.0,576.0,0.0,1502.3727328495145,1500.0,-2.3727328495144775,2.3727328495144775,-2.0,2.0,0.0,0.0,0.0,0.0,0.0,1.0,0.0,0.0
2018-07-25,401033282,chase hooper,canaan kawaihae,1,DEC,1.0,4.0,0.0,1.0,0.0,1.0,0.0,0.25,0.0,0.75,1.0,0.0,0.0,1.0,0.0,1.0,0.0,1.0,0.0,1.0,900.0,289.4,1513.4731907304013,1529.3962907095004,1.0,0.0,0.0,0.0,0.0,0.0,0.0,0.0,289.4,900.0,1529.3962907095004,1513.4731907304013,-15.923099979099106,15.923099979099106,-5.0,5.0,0.0,0.0,0.0,0.0,1.0,0.0,0.0,0.0
2018-08-01,401033284,jordan griffin,maurice mitchell,1,SUB,19.0,0.0,5.0,2.0,0.7894736842105263,0.0,0.2631578947368421,0.0,0.5263157894736842,0.0,0.21052631578947367,0.0,1.0,0.0,0.3684210526315789,0.0,0.3684210526315789,0.0,1.0,0.0,571.9130434782609,164.5,1645.3588015176933,1482.4374199054112,2.0,5.0,1.0,0.6,0.0,0.2,1.0,0.4,164.5,571.9130434782609,1482.4374199054112,1645.3588015176933,162.92138161228218,-162.92138161228218,22.0,-22.0,0.0,0.0,0.5263157894736842,0.0,0.0,0.0,0.7894736842105263,0.0
2018-08-01,401033284,roosevelt roberts,garrett gross,1,SUB,7.0,12.0,0.0,9.0,1.0,0.8333333333333334,0.5714285714285714,0.6666666666666666,0.42857142857142855,0.16666666666666666,0.0,0.16666666666666666,1.0,1.0,0.7142857142857143,0.5,0.7142857142857143,0.5,1.0,1.0,233.2,380.5263157894737,1577.052152815504,1537.4069484213164,9.0,0.0,0.6666666666666666,0.0,0.2222222222222222,0.0,0.4444444444444444,0.0,380.5263157894737,233.2,1537.4069484213164,1577.052152815504,39.64520439418766,-39.64520439418766,-14.0,14.0,0.12698412698412698,0.0,0.19047619047619047,0.0,0.0,0.16666666666666666,0.6666666666666666,0.0
2018-08-01,401033284,justin sumter,ian heinisch,0,KO_TKO,1.0,14.0,3.0,2.0,1.0,0.6428571428571429,0.0,0.42857142857142855,1.0,0.21428571428571427,0.0,0.35714285714285715,1.0,1.0,1.0,0.5,1.0,0.5,0.0,1.0,283.6666666666667,455.0625,1483.652805740029,1622.623154273567,2.0,3.0,1.0,1.0,0.0,1.0,1.0,0.0,455.0625,283.6666666666667,1622.623154273567,1483.652805740029,-138.97034853353807,138.97034853353807,-12.0,12.0,0.0,0.42857142857142855,1.0,0.0,0.0,0.0,1.0,0.6428571428571429
2018-08-01,401033284,juan adams,shawn teed,1,KO_TKO,0.0,0.0,0.0,1.0,0.0,0.0,0.0,0.0,0.0,0.0,0.0,0.0,0.0,0.0,0.0,0.0,0.0,0.0,0.0,0.0,0.0,479.0,1500.0,1490.739851428169,1.0,0.0,1.0,0.0,1.0,0.0,0.0,0.0,479.0,0.0,1490.739851428169,1500.0,9.260148571830996,-9.260148571830996,-1.0,1.0,0.0,0.0,0.0,0.0,0.0,0.0,0.0,0.0
2018-08-01,401033284,mitchell sipe,don'tale mayes,0,KO_TKO,0.0,6.0,1.0,2.0,0.0,0.5,0.0,0.16666666666666666,0.0,0.3333333333333333,0.0,0.5,0.0,0.25,0.0,0.16666666666666666,0.0,0.16666666666666666,0.0,1.0,589.0,723.5,1489.1751819989277,1544.9592259718343,2.0,1.0,0.5,1.0,0.5,1.0,0.0,0.0,723.5,589.0,1544.9592259718343,1489.1751819989277,-55.7840439729066,55.7840439729066,-7.0,7.0,0.0,0.16666666666666666,0.0,0.0,0.0,0.0,0.0,0.5
2018-08-08,401033283,tebaris gordon,greg hardy,0,KO_TKO,0.0,3.0,1.0,0.0,0.0,1.0,0.0,1.0,0.0,0.0,0.0,0.0,0.0,1.0,0.0,1.0,0.0,1.0,0.0,0.0,17.0,29.333333333333332,1488.813372137389,1534.772327276234,0.0,1.0,0.0,1.0,0.0,1.0,0.0,0.0,29.333333333333332,17.0,1534.772327276234,1488.813372137389,-45.958955138844885,45.958955138844885,-2.0,2.0,0.0,1.0,0.0,0.0,0.0,0.0,0.0,1.0
2018-08-08,401033283,bobby moffett,jacob kilburn,1,SUB,14.0,6.0,4.0,2.0,0.6428571428571429,0.6666666666666666,0.07142857142857142,0.3333333333333333,0.5714285714285714,0.3333333333333333,0.35714285714285715,0.3333333333333333,0.6666666666666666,0.3333333333333333,0.42857142857142855,0.0,0.5714285714285714,0.5,1.0,1.0,545.1666666666666,604.875,1600.6747339677545,1543.199466873426,2.0,4.0,1.0,0.5,0.0,0.5,1.0,0.0,604.875,545.1666666666666,1543.199466873426,1600.6747339677545,57.4752670943285,-57.4752670943285,10.0,-10.0,0.0,0.16666666666666666,0.5714285714285714,0.0,0.0,0.16666666666666666,0.6428571428571429,0.3333333333333333
2018-08-08,401033283,marty coughran,alex gilpin,0,SUB,0.0,13.0,0.0,1.0,0.0,0.7692307692307693,0.0,0.23076923076923078,0.0,0.5384615384615384,0.0,0.23076923076923078,0.0,0.8,0.0,0.38461538461538464,0.0,0.46153846153846156,0.0,1.0,0.0,603.9285714285714,1500.0,1629.2725842690522,1.0,0.0,0.0,0.0,0.0,0.0,0.0,0.0,603.9285714285714,0.0,1629.2725842690522,1500.0,-129.27258426905223,129.27258426905223,-14.0,14.0,0.0,0.0,0.0,0.0,0.0,0.23076923076923078,0.0,0.0
2018-08-08,401033283,kennedy nzechukwu,dennis bryant,1,KO_TKO,1.0,0.0,0.0,0.0,1.0,0.0,1.0,0.0,0.0,0.0,0.0,0.0,1.0,0.0,0.0,0.0,1.0,0.0,0.0,0.0,426.0,0.0,1511.1750287107252,1500.0,0.0,0.0,0.0,0.0,0.0,0.0,0.0,0.0,0.0,426.0,1500.0,1511.1750287107252,11.1750287107252,-11.1750287107252,1.0,-1.0,0.0,0.0,0.0,0.0,0.0,0.0,0.0,0.0
2018-08-08,401033283,joe lowry,devonte smith,0,KO_TKO,0.0,2.0,0.0,0.0,0.0,1.0,0.0,1.0,0.0,0.0,0.0,0.0,0.0,1.0,0.0,0.5,0.0,0.5,0.0,0.0,0.0,526.5,1500.0,1527.560189691857,0.0,0.0,0.0,0.0,0.0,0.0,0.0,0.0,526.5,0.0,1527.560189691857,1500.0,-27.560189691856976,27.560189691856976,-2.0,2.0,0.0,0.0,0.0,0.0,0.0,0.0,0.0,0.0
2018-08-11,401074496,antonio arroyo,diego henrique da silva,1,DEC,8.0,2.0,2.0,2.0,0.875,1.0,0.5,0.5,0.375,0.5,0.125,0.0,0.75,1.0,0.875,1.0,0.875,1.0,1.0,1.0,226.9,545.2,1563.319991621021,1506.9194011872214,2.0,2.0,0.0,1.0,0.0,0.0,0.0,1.0,545.2,226.9,1506.9194011872214,1563.319991621021,56.40059043379961,-56.40059043379961,5.0,-5.0,0.0,0.0,0.0,0.5,0.125,0.0,0.0,1.0
2018-08-11,401074496,marcos conrado jr.,augusto sakai,0,KO_TKO,1.0,14.0,1.0,1.0,1.0,0.7857142857142857,1.0,0.7857142857142857,0.0,0.0,0.0,0.21428571428571427,1.0,0.6666666666666666,1.0,0.35714285714285715,1.0,0.35714285714285715,0.0,0.0,264.5,496.3076923076923,1504.8963517493016,1632.9202488781873,1.0,1.0,0.0,1.0,0.0,1.0,0.0,0.0,496.3076923076923,264.5,1632.9202488781873,1504.8963517493016,-128.02389712888566,128.02389712888566,-14.0,14.0,0.0,0.7857142857142857,0.0,0.0,0.0,0.0,0.0,0.7857142857142857
2018-08-11,401074496,gustavo gabriel,rogerio bontorin,0,SUB,0.0,14.0,0.0,1.0,0.0,0.9285714285714286,0.0,0.14285714285714285,0.0,0.7857142857142857,0.0,0.07142857142857142,0.0,1.0,0.0,0.5714285714285714,0.0,0.6428571428571429,0.0,1.0,0.0,362.26666666666665,1500.0,1638.920481175347,1.0,0.0,1.0,0.0,0.0,0.0,1.0,0.0,362.26666666666665,0.0,1638.920481175347,1500.0,-138.92048117534705,138.92048117534705,-16.0,16.0,0.0,0.0,0.0,0.0,0.0,0.07142857142857142,0.0,0.0
2018-08-11,401074496,sarah frota,maiara amanajas dos santos,1,KO_TKO,5.0,7.0,0.0,4.0,0.6,0.2857142857142857,0.4,0.14285714285714285,0.2,0.14285714285714285,0.4,0.5714285714285714,0.6,0.3333333333333333,0.6,0.14285714285714285,0.6,0.14285714285714285,1.0,1.0,484.0,550.7,1561.1899445960887,1531.132536440574,4.0,0.0,1.0,0.0,0.25,0.0,0.75,0.0,550.7,484.0,1531.132536440574,1561.1899445960887,30.057408155514622,-30.057408155514622,-6.0,6.0,0.1,0.0,0.15000000000000002,0.0,0.0,0.5714285714285714,0.6,0.0
2018-08-11,401074496,mayra bueno silva,mayana kellem,1,SUB,0.0,0.0,0.0,0.0,0.0,0.0,0.0,0.0,0.0,0.0,0.0,0.0,0.0,0.0,0.0,0.0,0.0,0.0,0.0,0.0,0.0,0.0,1500.0,1500.0,0.0,0.0,0.0,0.0,0.0,0.0,0.0,0.0,0.0,0.0,1500.0,1500.0,0.0,0.0,0.0,0.0,0.0,0.0,0.0,0.0,0.0,0.0,0.0,0.0
2018-08-12,401074497,bruno assis,andre muniz,0,DEC,3.0,17.0,5.0,5.0,0.3333333333333333,0.8823529411764706,0.0,0.23529411764705882,0.3333333333333333,0.6470588235294118,0.6666666666666666,0.11764705882352941,0.5,0.75,0.3333333333333333,0.6470588235294118,0.3333333333333333,0.6470588235294118,0.0,1.0,387.0,285.57894736842104,1500.23033144173,1619.1334518899464,5.0,5.0,1.0,0.8,1.0,0.8,0.0,0.0,285.57894736842104,387.0,1619.1334518899464,1500.23033144173,-118.90312044821644,118.90312044821644,-14.0,14.0,0.0,0.18823529411764706,0.0,0.0,0.0,0.023529411764705875,0.3333333333333333,0.7058823529411765
2018-08-12,401074497,leonardo silva de oliveira,marcio alexandre jr.,0,SUB,0.0,15.0,0.0,4.0,0.0,0.8666666666666667,0.0,0.6,0.0,0.26666666666666666,0.0,0.13333333333333333,0.0,0.5,0.0,0.6666666666666666,0.0,0.8,0.0,1.0,0.0,392.57894736842104,1500.0,1602.1925112981114,4.0,0.0,0.5,0.0,0.25,0.0,0.25,0.0,392.57894736842104,0.0,1602.1925112981114,1500.0,-102.19251129811141,102.19251129811141,-19.0,19.0,0.0,0.0,0.0,0.0,0.0,0.13333333333333333,0.0,0.0
2018-08-12,401074497,johnny walker,henrique da silva,1,DEC,4.0,15.0,1.0,5.0,0.75,0.8666666666666667,0.75,0.7333333333333333,0.0,0.13333333333333333,0.25,0.13333333333333333,0.75,0.3333333333333333,0.5,0.5333333333333333,0.5,0.6,0.0,1.0,473.2,407.4,1545.8904234613344,1583.9760277929267,5.0,1.0,0.6,1.0,0.4,0.0,0.2,1.0,407.4,473.2,1583.9760277929267,1545.8904234613344,-38.08560433159232,38.08560433159232,-15.0,15.0,0.30000000000000004,0.0,0.0,0.13333333333333333,0.1,0.0,0.44999999999999996,0.8666666666666667
2018-08-12,401074497,taila santos,estefani almeida,1,DEC,15.0,7.0,0.0,2.0,0.8,0.8571428571428571,0.6666666666666666,0.7142857142857143,0.13333333333333333,0.14285714285714285,0.2,0.14285714285714285,0.6,1.0,0.7333333333333333,0.42857142857142855,0.7333333333333333,0.42857142857142855,1.0,1.0,301.06666666666666,590.5555555555555,1644.791993168582,1554.8932154606696,2.0,0.0,0.0,0.0,0.0,0.0,0.0,0.0,590.5555555555555,301.06666666666666,1554.8932154606696,1644.791993168582,89.89877770791236,-89.89877770791236,6.0,-6.0,0.0,0.0,0.0,0.0,0.2,0.14285714285714285,0.0,0.0
2018-08-12,401074497,marina rodriguez,maria oliveira,1,KO_TKO,4.0,11.0,0.0,5.0,0.25,0.6363636363636364,0.25,0.5454545454545454,0.0,0.09090909090909091,0.75,0.36363636363636365,0.25,0.0,0.25,0.45454545454545453,0.25,0.45454545454545453,0.0,1.0,720.75,455.07142857142856,1552.0548089759425,1552.6471200227047,5.0,0.0,0.8,0.0,0.2,0.0,0.6,0.0,455.07142857142856,720.75,1552.6471200227047,1552.0548089759425,-0.5923110467622337,0.5923110467622337,-12.0,12.0,0.05,0.0,0.0,0.0,0.14999999999999997,0.36363636363636365,0.2,0.0
2018-08-12,401074498,raulian paiva,allan nascimento,1,DEC,18.0,17.0,1.0,6.0,0.3333333333333333,0.8235294117647058,0.16666666666666666,0.058823529411764705,0.16666666666666666,0.7647058823529411,0.6666666666666666,0.17647058823529413,0.6,0.5,0.16666666666666666,0.5882352941176471,0.2777777777777778,0.5882352941176471,1.0,1.0,711.1578947368421,589.8181818181819,1668.840635669653,1607.362935083044,6.0,1.0,0.0,1.0,0.0,0.0,0.0,1.0,589.8181818181819,711.1578947368421,1607.362935083044,1668.840635669653,61.47770058660899,-61.47770058660899,-4.0,4.0,0.0,0.0,0.0,0.7647058823529411,0.6666666666666666,0.0,0.0,0.8235294117647058
2018-08-12,401074498,gleidson cutis,thiago moises,0,KO_TKO,0.0,12.0,0.0,3.0,0.0,0.75,0.0,0.25,0.0,0.5,0.0,0.25,0.0,1.0,0.0,0.25,0.0,0.3333333333333333,0.0,1.0,0.0,787.6666666666666,1500.0,1602.6259482095668,3.0,0.0,0.0,0.0,0.0,0.0,0.0,0.0,787.6666666666666,0.0,1602.6259482095668,1500.0,-102.62594820956679,102.62594820956679,-15.0,15.0,0.0,0.0,0.0,0.0,0.0,0.25,0.0,0.0
2018-08-12,401074498,gisele moreira,dayana silva,1,DEC,1.0,7.0,2.0,4.0,0.0,0.2857142857142857,0.0,0.2857142857142857,0.0,0.0,1.0,0.7142857142857143,0.0,0.3333333333333333,0.0,0.14285714285714285,0.0,0.14285714285714285,0.0,0.0,762.0,812.9,1495.0393779278922,1530.2438087560206,4.0,2.0,0.25,0.5,0.25,0.5,0.0,0.0,812.9,762.0,1530.2438087560206,1495.0393779278922,-35.20443082812835,35.20443082812835,-8.0,8.0,0.0,0.14285714285714285,0.0,0.0,0.75,0.35714285714285715,0.0,0.14285714285714285
2018-08-12,401074498,mabelly lima,luana carolina,0,DEC,1.0,1.0,0.0,0.0,0.0,1.0,0.0,0.0,0.0,1.0,1.0,0.0,0.0,1.0,0.0,0.0,0.0,0.0,0.0,0.0,900.0,,1513.5442576569922,1512.0,0.0,0.0,0.0,0.0,0.0,0.0,0.0,0.0,,900.0,1512.0,1513.5442576569922,1.5442576569921584,-1.5442576569921584,0.0,0.0,0.0,0.0,0.0,0.0,1.0,0.0,0.0,0.0
2018-08-12,401074498,john allan,vinicius moreira,0,SUB,12.0,9.0,5.0,1.0,0.9166666666666666,1.0,0.6666666666666666,0.1111111111111111,0.25,0.8888888888888888,0.08333333333333333,0.0,0.75,1.0,0.6666666666666666,0.6666666666666666,0.75,0.6666666666666666,1.0,1.0,336.52941176470586,238.88888888888889,1571.4084384021949,1588.4699344612616,1.0,5.0,1.0,0.8,1.0,0.0,0.0,0.8,238.88888888888889,336.52941176470586,1588.4699344612616,1571.4084384021949,-17.061496059066712,17.061496059066712,7.0,-7.0,0.6666666666666666,0.0,0.0,0.7111111111111111,0.0,0.0,0.9166666666666666,0.8
2019-06-19,401128917,brendan loughnane,bill algeo,1,DEC,19.0,5.0,4.0,2.0,0.7368421052631579,0.8,0.631578947368421,0.2,0.10526315789473684,0.6,0.2631578947368421,0.2,0.75,0.6666666666666666,0.3684210526315789,0.0,0.5263157894736842,0.2,1.0,1.0,567.2608695652174,727.7142857142857,1637.9665251073232,1542.8913200251873,2.0,4.0,0.5,0.0,0.0,0.0,0.5,0.0,727.7142857142857,567.2608695652174,1542.8913200251873,1637.9665251073232,95.07520508213588,-95.07520508213588,16.0,-16.0,0.0,0.0,0.05263157894736842,0.0,0.13157894736842105,0.2,0.3684210526315789,0.0
2019-06-19,401128917,alton meeks,yorgan de castro,0,KO_TKO,0.0,1.0,0.0,0.0,0.0,1.0,0.0,1.0,0.0,0.0,0.0,0.0,0.0,1.0,0.0,1.0,0.0,1.0,0.0,0.0,0.0,156.0,1500.0,1512.730673423716,0.0,0.0,0.0,0.0,0.0,0.0,0.0,0.0,156.0,0.0,1512.730673423716,1500.0,-12.730673423716098,12.730673423716098,-1.0,1.0,0.0,0.0,0.0,0.0,0.0,0.0,0.0,0.0
2019-06-19,401128917,hannah goldy,kali robbins,1,DEC,0.0,0.0,0.0,0.0,0.0,0.0,0.0,0.0,0.0,0.0,0.0,0.0,0.0,0.0,0.0,0.0,0.0,0.0,0.0,0.0,0.0,0.0,1500.0,1500.0,0.0,0.0,0.0,0.0,0.0,0.0,0.0,0.0,0.0,0.0,1500.0,1500.0,0.0,0.0,0.0,0.0,0.0,0.0,0.0,0.0,0.0,0.0,0.0,0.0
2019-06-19,401128917,punahele soriano,jamie pickett,1,DEC,7.0,1.0,0.0,1.0,0.8571428571428571,1.0,0.42857142857142855,1.0,0.42857142857142855,0.0,0.14285714285714285,0.0,0.8,1.0,0.8571428571428571,1.0,0.8571428571428571,1.0,1.0,0.0,243.42857142857142,541.5,1579.3606842744884,1502.3535550019037,1.0,0.0,0.0,0.0,0.0,0.0,0.0,0.0,541.5,243.42857142857142,1502.3535550019037,1579.3606842744884,77.00712927258473,-77.00712927258473,5.0,-5.0,0.0,0.0,0.0,0.0,0.14285714285714285,0.0,0.0,0.0
2019-06-26,401128919,kyle daukaus,michael lombardo,1,DEC,0.0,1.0,0.0,0.0,0.0,1.0,0.0,0.0,0.0,1.0,0.0,0.0,0.0,1.0,0.0,1.0,0.0,1.0,0.0,0.0,0.0,117.0,1500.0,1512.6022438339132,0.0,0.0,0.0,0.0,0.0,0.0,0.0,0.0,117.0,0.0,1512.6022438339132,1500.0,-12.602243833913235,12.602243833913235,-1.0,1.0,0.0,0.0,0.0,0.0,0.0,0.0,0.0,0.0
2019-06-26,401128919,tony johnson,alton cunningham,1,DEC,15.0,6.0,3.0,2.0,0.4666666666666667,1.0,0.3333333333333333,1.0,0.13333333333333333,0.0,0.4666666666666667,0.0,0.5,1.0,0.26666666666666666,0.3333333333333333,0.4,0.6666666666666666,1.0,0.0,608.8666666666667,472.875,1637.6042691540806,1548.606292081871,2.0,3.0,0.5,0.3333333333333333,0.5,0.0,0.0,0.3333333333333333,472.875,608.8666666666667,1548.606292081871,1637.6042691540806,88.99797707220955,-88.99797707220955,11.0,-11.0,0.16666666666666666,0.0,0.0,0.0,0.23333333333333334,0.0,0.23333333333333334,0.3333333333333333
2019-06-26,401128919,victor reyna,miguel baeza,0,DEC,2.0,1.0,1.0,0.0,0.5,1.0,0.5,1.0,0.0,0.0,0.5,0.0,0.5,1.0,0.5,1.0,0.5,1.0,0.0,0.0,483.5,211.0,1516.993258892101,1512.6983636307464,0.0,1.0,0.0,0.0,0.0,0.0,0.0,0.0,211.0,483.5,1512.6983636307464,1516.993258892101,4.294895261354668,-4.294895261354668,3.0,-3.0,0.0,0.0,0.0,0.0,0.5,0.0,0.0,0.0
2019-06-26,401128919,miles johns,richie santiago,1,DEC,5.0,1.0,0.0,0.0,0.2,1.0,0.2,0.0,0.0,1.0,0.8,0.0,0.2,1.0,0.0,1.0,0.2,1.0,0.0,0.0,1027.6,185.0,1565.4513414288465,1513.867639458348,0.0,0.0,0.0,0.0,0.0,0.0,0.0,0.0,185.0,1027.6,1513.867639458348,1565.4513414288465,51.583701970498396,-51.583701970498396,4.0,-4.0,0.0,0.0,0.0,0.0,0.8,0.0,0.0,0.0
2019-06-26,401128919,justin gonzales,zach zane,1,DEC,10.0,12.0,0.0,8.0,0.4,1.0,0.3,0.25,0.1,0.75,0.6,0.0,0.6,1.0,0.2,0.75,0.2,0.6666666666666666,1.0,1.0,880.2,414.1111111111111,1605.6832554578818,1552.5032499290583,8.0,0.0,0.625,0.0,0.25,0.0,0.375,0.0,414.1111111111111,880.2,1552.5032499290583,1605.6832554578818,53.180005528823585,-53.180005528823585,-10.0,10.0,0.075,0.0,0.037500000000000006,0.0,0.22499999999999998,0.0,0.25,0.0
2019-07-10,401128920,justin sumter,maki pitolo,0,KO_TKO,1.0,13.0,4.0,4.0,1.0,0.7692307692307693,0.0,0.46153846153846156,1.0,0.3076923076923077,0.0,0.23076923076923078,1.0,1.0,1.0,0.46153846153846156,1.0,0.5384615384615384,0.0,1.0,237.0,471.2307692307692,1475.1287083692462,1595.7799377350302,4.0,4.0,1.0,1.0,0.5,1.0,0.5,0.0,471.2307692307692,237.0,1595.7799377350302,1475.1287083692462,-120.65122936578405,120.65122936578405,-12.0,12.0,0.0,0.46153846153846156,0.5,0.0,0.0,0.0,1.0,0.7692307692307693
2019-07-10,401128920,jonathan pearce,jacob rosales,1,KO_TKO,11.0,8.0,3.0,1.0,0.9090909090909091,0.5,0.7272727272727273,0.375,0.18181818181818182,0.125,0.09090909090909091,0.5,1.0,0.75,0.09090909090909091,0.5,0.18181818181818182,0.5,1.0,1.0,521.0833333333334,413.57142857142856,1584.0298037852513,1579.8695300636678,1.0,3.0,1.0,0.6666666666666666,1.0,0.0,0.0,0.6666666666666666,413.57142857142856,521.0833333333334,1579.8695300636678,1584.0298037852513,4.160273721583508,-4.160273721583508,5.0,-5.0,0.7272727272727273,0.0,0.0,0.08333333333333333,0.0,0.16666666666666669,0.9090909090909091,0.3333333333333333
2019-07-10,401128920,jesse wallace,joe solecki,0,SUB,0.0,3.0,1.0,1.0,0.0,0.6666666666666666,0.0,0.0,0.0,0.6666666666666666,0.0,0.3333333333333333,0.0,0.6666666666666666,0.0,0.6666666666666666,0.0,0.6666666666666666,0.0,0.0,208.0,491.25,1490.5127713981776,1528.5157193783662,1.0,1.0,1.0,1.0,1.0,0.0,0.0,1.0,491.25,208.0,1528.5157193783662,1490.5127713981776,-38.00294798018854,38.00294798018854,-3.0,3.0,0.0,0.0,0.0,0.6666666666666666,0.0,0.0,0.0,0.6666666666666666
2019-07-10,401128920,hunter azure,chris ocon,1,DEC,10.0,4.0,0.0,1.0,0.5,0.75,0.4,0.5,0.1,0.25,0.5,0.25,0.4,0.75,0.4,0.25,0.4,0.75,1.0,1.0,554.8,557.0,1605.0238393248028,1535.5963200225588,1.0,0.0,0.0,0.0,0.0,0.0,0.0,0.0,557.0,554.8,1535.5963200225588,1605.0238393248028,69.42751930224404,-69.42751930224404,5.0,-5.0,0.0,0.0,0.0,0.0,0.5,0.25,0.0,0.0
2019-07-17,401128921,stephen regman,antonio arroyo,0,SUB,10.0,9.0,4.0,2.0,0.9,0.8888888888888888,0.8,0.4444444444444444,0.1,0.4444444444444444,0.1,0.1111111111111111,1.0,0.8,0.6,0.7777777777777778,0.6,0.7777777777777778,1.0,1.0,519.1428571428571,252.72727272727272,1564.6990916197437,1575.7983579138286,2.0,4.0,1.0,0.5,0.0,0.25,1.0,0.25,252.72727272727272,519.1428571428571,1575.7983579138286,1564.6990916197437,-11.099266294084828,11.099266294084828,3.0,-3.0,0.0,0.1111111111111111,0.1,0.1111111111111111,0.0,0.05555555555555555,0.9,0.4444444444444444
2019-07-17,401128921,aaron jeffery,brendan allen,0,SUB,1.0,11.0,1.0,2.0,1.0,0.8181818181818182,1.0,0.45454545454545453,0.0,0.36363636363636365,0.0,0.18181818181818182,1.0,0.6,1.0,0.6363636363636364,1.0,0.6363636363636364,0.0,1.0,600.0,679.9230769230769,1501.4626459679428,1612.7737398171419,2.0,1.0,0.0,0.0,0.0,0.0,0.0,0.0,679.9230769230769,600.0,1612.7737398171419,1501.4626459679428,-111.3110938491991,111.3110938491991,-11.0,11.0,0.0,0.0,0.0,0.0,0.0,0.18181818181818182,0.0,0.0
2019-07-17,401128921,don'tale mayes,ricardo prasel,1,KO_TKO,8.0,10.0,2.0,3.0,0.625,1.0,0.25,0.2,0.375,0.8,0.375,0.0,0.75,1.0,0.25,0.9,0.25,0.9,1.0,1.0,682.2,241.91666666666666,1568.183451593882,1564.9260119216492,3.0,2.0,0.3333333333333333,0.5,0.3333333333333333,0.5,0.0,0.0,241.91666666666666,682.2,1564.9260119216492,1568.183451593882,3.257439672232749,-3.257439672232749,-3.0,3.0,0.08333333333333333,0.1,0.0,0.0,0.25,0.0,0.20833333333333331,0.5
2019-07-17,401128921,ode' osbourne,armando villarreal,1,SUB,8.0,9.0,2.0,2.0,0.875,0.5555555555555556,0.25,0.2222222222222222,0.625,0.3333333333333333,0.125,0.4444444444444444,1.0,0.5,0.75,0.2222222222222222,0.875,0.2222222222222222,1.0,1.0,333.3,640.5,1563.745048073113,1576.414340454924,2.0,2.0,0.5,0.5,0.0,0.0,0.5,0.5,640.5,333.3,1576.414340454924,1563.745048073113,-12.669292381811147,12.669292381811147,0.0,0.0,0.0,0.0,0.3125,0.16666666666666666,0.0625,0.2222222222222222,0.4375,0.2777777777777778
2019-07-17,401128921,kevin syler,lance lawrence,1,DEC,1.0,1.0,0.0,0.0,0.0,1.0,0.0,0.0,0.0,1.0,1.0,0.0,0.0,1.0,0.0,1.0,0.0,1.0,0.0,0.0,900.0,24.0,1512.4280987695633,1513.5327805111451,0.0,0.0,0.0,0.0,0.0,0.0,0.0,0.0,24.0,900.0,1513.5327805111451,1512.4280987695633,-1.1046817415817713,1.1046817415817713,0.0,0.0,0.0,0.0,0.0,0.0,1.0,0.0,0.0,0.0
2019-07-24,401128922,kamuela kirk,billy quarantillo,0,KO_TKO,11.0,5.0,3.0,0.0,1.0,0.6,0.2727272727272727,0.6,0.7272727272727273,0.0,0.0,0.4,1.0,0.6,0.9090909090909091,0.2,1.0,0.2,1.0,0.0,301.0,616.4,1582.7690225313954,1564.5381625002192,0.0,3.0,0.0,0.3333333333333333,0.0,0.3333333333333333,0.0,0.0,616.4,301.0,1564.5381625002192,1582.7690225313954,18.230860031176235,-18.230860031176235,9.0,-9.0,0.0,0.19999999999999998,0.0,0.0,0.0,0.2666666666666667,0.0,0.19999999999999998
2019-07-24,401128922,ramazan kuramagomedov,jordan williams,1,DEC,9.0,4.0,0.0,1.0,0.5555555555555556,0.75,0.2222222222222222,0.75,0.3333333333333333,0.0,0.4444444444444444,0.25,0.4,1.0,0.3333333333333333,0.25,0.5555555555555556,0.25,1.0,0.0,518.6666666666666,668.8,1601.3718768111034,1537.438565956409,1.0,0.0,0.0,0.0,0.0,0.0,0.0,0.0,668.8,518.6666666666666,1537.438565956409,1601.3718768111034,63.933310854694355,-63.933310854694355,3.0,-3.0,0.0,0.0,0.0,0.0,0.4444444444444444,0.25,0.0,0.0
2019-07-24,401128922,alexander poppeck,jamahal hill,0,KO_TKO,0.0,0.0,0.0,0.0,0.0,0.0,0.0,0.0,0.0,0.0,0.0,0.0,0.0,0.0,0.0,0.0,0.0,0.0,0.0,0.0,0.0,0.0,1500.0,1500.0,0.0,0.0,0.0,0.0,0.0,0.0,0.0,0.0,0.0,0.0,1500.0,1500.0,0.0,0.0,0.0,0.0,0.0,0.0,0.0,0.0,0.0,0.0,0.0,0.0
2019-07-24,401128922,jj okanovich,christian lohsen,1,DEC,0.0,7.0,0.0,2.0,0.0,0.8571428571428571,0.0,0.0,0.0,0.8571428571428571,0.0,0.14285714285714285,0.0,1.0,0.0,0.7142857142857143,0.0,0.8571428571428571,0.0,0.0,0.0,442.1111111111111,1500.0,1549.6260642249529,2.0,0.0,0.0,0.0,0.0,0.0,0.0,0.0,442.1111111111111,0.0,1549.6260642249529,1500.0,-49.62606422495287,49.62606422495287,-9.0,9.0,0.0,0.0,0.0,0.0,0.0,0.14285714285714285,0.0,0.0
2019-07-24,401128922,terrance mckinney,sean woodson,0,KO_TKO,7.0,2.0,2.0,0.0,1.0,0.5,0.14285714285714285,0.5,0.8571428571428571,0.0,0.0,0.5,1.0,0.5,0.8571428571428571,0.0,0.8571428571428571,0.5,1.0,0.0,181.66666666666666,654.5,1546.6285587928735,1525.3757931729824,0.0,2.0,0.0,1.0,0.0,1.0,0.0,0.0,654.5,181.66666666666666,1525.3757931729824,1546.6285587928735,21.25276561989108,-21.25276561989108,7.0,-7.0,0.0,0.5,0.0,0.0,0.0,0.0,0.0,0.5
2019-07-31,401128923,daniel rodriguez,rico farrington,1,DEC,2.0,0.0,0.0,1.0,1.0,0.0,0.5,0.0,0.5,0.0,0.0,0.0,1.0,0.0,0.5,0.0,0.5,0.0,1.0,0.0,275.5,166.0,1523.6672105391033,1488.813372137389,1.0,0.0,1.0,0.0,1.0,0.0,0.0,0.0,166.0,275.5,1488.813372137389,1523.6672105391033,34.853838401714256,-34.853838401714256,1.0,-1.0,0.5,0.0,0.0,0.0,0.0,0.0,1.0,0.0
2019-07-31,401128923,aalon cruz,steven nguyen,1,KO_TKO,8.0,2.0,2.0,1.0,0.5,0.5,0.25,0.0,0.25,0.5,0.5,0.5,0.75,0.5,0.25,0.5,0.375,0.5,1.0,0.0,665.4,673.6666666666666,1566.5977008535247,1513.3210811013544,1.0,2.0,1.0,1.0,1.0,0.0,0.0,1.0,673.6666666666666,665.4,1513.3210811013544,1566.5977008535247,53.27661975217029,-53.27661975217029,7.0,-7.0,0.25,0.0,0.0,0.5,0.0,0.0,0.5,0.5
2019-07-31,401128923,tracy cortez,mariya agapova,1,DEC,1.0,0.0,0.0,0.0,0.0,0.0,0.0,0.0,0.0,0.0,1.0,0.0,0.0,0.0,0.0,0.0,0.0,0.0,0.0,0.0,900.0,0.0,1511.9755564571276,1500.0,0.0,0.0,0.0,0.0,0.0,0.0,0.0,0.0,0.0,900.0,1500.0,1511.9755564571276,11.975556457127595,-11.975556457127595,1.0,-1.0,0.0,0.0,0.0,0.0,1.0,0.0,0.0,0.0
2019-07-31,401128923,michal martinek,rodrigo nascimento,0,SUB,13.0,7.0,1.0,2.0,0.8461538461538461,1.0,0.6923076923076923,0.2857142857142857,0.15384615384615385,0.7142857142857143,0.15384615384615385,0.0,0.5,1.0,0.46153846153846156,0.8571428571428571,0.3076923076923077,0.8571428571428571,1.0,1.0,407.2857142857143,166.5,1615.8004026019512,1552.1204039926538,2.0,1.0,0.5,1.0,0.5,0.0,0.0,1.0,166.5,407.2857142857143,1552.1204039926538,1615.8004026019512,63.6799986092974,-63.6799986092974,5.0,-5.0,0.34615384615384615,0.0,0.0,0.7142857142857143,0.07692307692307693,0.0,0.4230769230769231,1.0
2019-07-31,401128923,aleksa camur,fabio cherant,1,KO_TKO,1.0,4.0,0.0,1.0,1.0,1.0,1.0,0.0,0.0,1.0,0.0,0.0,1.0,1.0,0.0,0.75,1.0,0.75,0.0,0.0,348.0,244.0,1513.5540982271757,1531.6957781727199,1.0,0.0,1.0,0.0,1.0,0.0,0.0,0.0,244.0,348.0,1531.6957781727199,1513.5540982271757,-18.141679945544183,18.141679945544183,-4.0,4.0,1.0,0.0,0.0,0.0,0.0,0.0,1.0,0.0
2019-08-07,401128924,darrick minner,herbert burns,0,SUB,22.0,4.0,14.0,1.0,0.9090909090909091,1.0,0.045454545454545456,0.0,0.8636363636363636,1.0,0.09090909090909091,0.0,1.0,1.0,0.8181818181818182,1.0,0.8181818181818182,1.0,1.0,0.0,287.1666666666667,284.8,1545.9712493100212,1541.3622881862048,1.0,14.0,0.0,0.8571428571428571,0.0,0.21428571428571427,0.0,0.6428571428571429,284.8,287.1666666666667,1541.3622881862048,1545.9712493100212,4.608961123816471,-4.608961123816471,31.0,-31.0,0.0,0.0,0.0,0.6428571428571429,0.09090909090909091,0.0,0.0,0.8571428571428571
2019-08-07,401128924,andre muniz,taylor johnson,1,SUB,18.0,9.0,5.0,1.0,0.8888888888888888,1.0,0.2222222222222222,1.0,0.6666666666666666,0.0,0.1111111111111111,0.0,0.75,1.0,0.6666666666666666,0.8888888888888888,0.6666666666666666,1.0,1.0,0.0,276.6,110.6,1630.2770731740168,1583.1529054160594,1.0,5.0,1.0,1.0,0.0,1.0,1.0,0.0,110.6,276.6,1583.1529054160594,1630.2770731740168,47.124167757957366,-47.124167757957366,13.0,-13.0,0.0,1.0,0.6666666666666666,0.0,0.0,0.0,0.8888888888888888,1.0
2019-08-07,401128924,dwight joseph,jay perrin,1,DEC,11.0,8.0,1.0,6.0,0.5454545454545454,0.625,0.2727272727272727,0.25,0.2727272727272727,0.375,0.45454545454545453,0.375,0.75,0.5,0.36363636363636365,0.125,0.45454545454545453,0.25,1.0,1.0,589.1538461538462,794.5,1594.9641435104954,1531.0779097149343,6.0,1.0,0.3333333333333333,0.0,0.0,0.0,0.3333333333333333,0.0,794.5,589.1538461538462,1531.0779097149343,1594.9641435104954,63.88623379556111,-63.88623379556111,-1.0,1.0,0.0,0.0,0.0909090909090909,0.0,0.30303030303030304,0.375,0.1818181818181818,0.0
2019-08-07,401128924,lucrezia ria,marilia santos,1,DEC,1.0,0.0,1.0,0.0,1.0,0.0,0.0,0.0,1.0,0.0,0.0,0.0,1.0,0.0,1.0,0.0,1.0,0.0,0.0,0.0,154.0,0.0,1502.2295796346682,1500.0,0.0,1.0,0.0,1.0,0.0,1.0,0.0,0.0,0.0,154.0,1500.0,1502.2295796346682,2.229579634668198,-2.229579634668198,2.0,-2.0,0.0,0.0,0.0,0.0,0.0,0.0,0.0,0.0
2019-08-07,401128924,omar morales,harvey park,1,KO_TKO,9.0,6.0,0.0,4.0,0.8888888888888888,0.6666666666666666,0.3333333333333333,0.6666666666666666,0.5555555555555556,0.0,0.1111111111111111,0.3333333333333333,0.8,1.0,0.7777777777777778,0.6666666666666666,0.6666666666666666,0.6666666666666666,1.0,0.0,270.7142857142857,534.4,1595.6640435103297,1544.9318533575104,4.0,0.0,0.5,0.0,0.5,0.0,0.0,0.0,534.4,270.7142857142857,1544.9318533575104,1595.6640435103297,50.732190152819385,-50.732190152819385,-1.0,1.0,0.16666666666666666,0.0,0.0,0.0,0.05555555555555555,0.3333333333333333,0.4444444444444444,0.0
2019-08-14,401128925,sarah alpar,shanna young,1,SUB,3.0,6.0,2.0,2.0,0.3333333333333333,0.6666666666666666,0.0,0.16666666666666666,0.3333333333333333,0.5,0.6666666666666666,0.3333333333333333,0.3333333333333333,0.6666666666666666,0.0,0.16666666666666666,0.0,0.16666666666666666,0.0,1.0,1012.6,793.375,1522.396660139419,1540.2846328424719,2.0,2.0,0.5,0.5,0.0,0.0,0.5,0.5,793.375,1012.6,1540.2846328424719,1522.396660139419,-17.88797270305281,17.88797270305281,-3.0,3.0,0.0,0.0,0.16666666666666666,0.25,0.3333333333333333,0.16666666666666666,0.16666666666666666,0.3333333333333333
2019-08-14,401128925,tony gravely,ray rodriguez,1,KO_TKO,20.0,15.0,5.0,9.0,0.55,0.6,0.4,0.2,0.15,0.4,0.45,0.4,1.0,1.0,0.15,0.3333333333333333,0.1,0.3333333333333333,1.0,1.0,714.2608695652174,596.2173913043479,1643.3127955417315,1570.0235010036959,9.0,5.0,0.6666666666666666,0.8,0.3333333333333333,0.0,0.3333333333333333,0.8,596.2173913043479,714.2608695652174,1570.0235010036959,1643.3127955417315,73.28929453803562,-73.28929453803562,1.0,-1.0,0.13333333333333333,0.0,0.049999999999999996,0.32000000000000006,0.15000000000000002,0.07999999999999999,0.3666666666666667,0.48
2019-08-14,401128925,devin smyth,brok weaver,0,DEC,0.0,1.0,0.0,2.0,0.0,0.0,0.0,0.0,0.0,0.0,0.0,1.0,0.0,0.0,0.0,0.0,0.0,0.0,0.0,0.0,0.0,707.0,1500.0,1489.5843028040335,2.0,0.0,0.5,0.0,0.5,0.0,0.0,0.0,707.0,0.0,1489.5843028040335,1500.0,10.415697195966459,-10.415697195966459,-3.0,3.0,0.0,0.0,0.0,0.0,0.0,1.0,0.0,0.0
2019-08-14,401128925,karl reed,julius anglickas,0,SUB,1.0,9.0,1.0,1.0,0.0,1.0,0.0,0.3333333333333333,0.0,0.6666666666666666,1.0,0.0,0.0,1.0,0.0,0.3333333333333333,0.0,0.3333333333333333,0.0,1.0,852.5,529.9,1502.5361568358032,1586.3869287362281,1.0,1.0,1.0,1.0,0.0,0.0,1.0,1.0,529.9,852.5,1586.3869287362281,1502.5361568358032,-83.85077190042489,83.85077190042489,-8.0,8.0,0.0,0.0,0.0,0.6666666666666666,0.0,0.0,0.0,1.0
2019-08-14,401128925,herdem alacabek,william knight,0,KO_TKO,1.0,3.0,0.0,1.0,1.0,1.0,0.0,0.6666666666666666,1.0,0.3333333333333333,0.0,0.0,1.0,1.0,1.0,0.6666666666666666,1.0,0.6666666666666666,0.0,1.0,231.0,251.25,1513.1247337602458,1525.5707620427465,1.0,0.0,1.0,0.0,1.0,0.0,0.0,0.0,251.25,231.0,1525.5707620427465,1513.1247337602458,-12.44602828250072,12.44602828250072,-3.0,3.0,0.0,0.0,0.0,0.0,0.0,0.0,1.0,0.0
2019-08-21,401128926,steve garcia,desmond torres,1,KO_TKO,16.0,1.0,6.0,1.0,0.625,1.0,0.625,1.0,0.0,0.0,0.375,0.0,0.6666666666666666,1.0,0.375,0.0,0.375,0.0,0.0,0.0,620.1333333333333,458.5,1594.6476776302425,1502.4894028513545,1.0,6.0,1.0,0.16666666666666666,1.0,0.0,0.0,0.16666666666666666,458.5,620.1333333333333,1502.4894028513545,1594.6476776302425,92.15827477888797,-92.15827477888797,20.0,-20.0,0.625,0.0,0.0,0.0,0.0,0.0,0.625,0.16666666666666666
2019-08-21,401128926,leon shahbazyan,phil rowe,0,KO_TKO,0.0,0.0,1.0,0.0,0.0,0.0,0.0,0.0,0.0,0.0,0.0,0.0,0.0,0.0,0.0,0.0,0.0,0.0,0.0,0.0,203.0,0.0,1488.642361856672,1500.0,0.0,1.0,0.0,1.0,0.0,1.0,0.0,0.0,0.0,203.0,1500.0,1488.642361856672,-11.357638143327904,11.357638143327904,1.0,-1.0,0.0,0.0,0.0,0.0,0.0,0.0,0.0,0.0
2019-08-21,401128926,micol disegni,mallory martin,0,DEC,8.0,6.0,3.0,3.0,0.5,0.6666666666666666,0.25,0.3333333333333333,0.25,0.3333333333333333,0.5,0.3333333333333333,0.3333333333333333,0.8,0.375,0.0,0.375,0.0,1.0,1.0,572.7272727272727,741.8888888888889,1550.5185194729565,1538.5882525237087,3.0,3.0,0.0,0.3333333333333333,0.0,0.3333333333333333,0.0,0.0,741.8888888888889,572.7272727272727,1538.5882525237087,1550.5185194729565,11.93026694924788,-11.93026694924788,2.0,-2.0,0.0,0.1111111111111111,0.0,0.0,0.5,0.22222222222222224,0.0,0.2222222222222222
2019-08-21,401128926,phil caracappa,ricky steele,0,DEC,8.0,6.0,1.0,0.0,0.25,0.0,0.25,0.0,0.0,0.0,0.75,1.0,0.25,0.0,0.0,0.0,0.0,0.0,0.0,0.0,839.7777777777778,900.0,1575.3322356942251,1570.9662358618623,0.0,1.0,0.0,0.0,0.0,0.0,0.0,0.0,900.0,839.7777777777778,1570.9662358618623,1575.3322356942251,4.3659998323628315,-4.3659998323628315,3.0,-3.0,0.0,0.0,0.0,0.0,0.75,1.0,0.0,0.0
2019-08-21,401128926,jamal pogues,marcos brigagão,1,DEC,7.0,11.0,3.0,1.0,0.7142857142857143,1.0,0.5714285714285714,0.7272727272727273,0.14285714285714285,0.2727272727272727,0.2857142857142857,0.0,0.6666666666666666,1.0,0.7142857142857143,0.7272727272727273,0.42857142857142855,0.8181818181818182,1.0,1.0,464.7142857142857,335.1666666666667,1550.1301835915165,1597.6515985256815,1.0,3.0,0.0,1.0,0.0,0.3333333333333333,0.0,0.6666666666666666,335.1666666666667,464.7142857142857,1597.6515985256815,1550.1301835915165,-47.52141493416502,47.52141493416502,-2.0,2.0,0.0,0.24242424242424243,0.0,0.1818181818181818,0.2857142857142857,0.0,0.0,1.0
2019-08-28,401128918,teddy ash,duško todorović,0,DEC,4.0,0.0,1.0,0.0,0.75,0.0,0.5,0.0,0.25,0.0,0.25,0.0,0.75,0.0,0.25,0.0,0.25,0.0,1.0,0.0,917.8,0.0,1539.0322850099437,1500.0,0.0,1.0,0.0,1.0,0.0,1.0,0.0,0.0,0.0,917.8,1500.0,1539.0322850099437,39.032285009943735,-39.032285009943735,5.0,-5.0,0.0,0.0,0.0,0.0,0.25,0.0,0.0,0.0
2019-08-28,401128918,tj brown,dylan lockard,1,SUB,0.0,1.0,0.0,1.0,0.0,0.0,0.0,0.0,0.0,0.0,0.0,1.0,0.0,0.0,0.0,0.0,0.0,0.0,0.0,0.0,0.0,900.0,1500.0,1500.9017639379495,1.0,0.0,0.0,0.0,0.0,0.0,0.0,0.0,900.0,0.0,1500.9017639379495,1500.0,-0.901763937949454,0.901763937949454,-2.0,2.0,0.0,0.0,0.0,0.0,0.0,1.0,0.0,0.0
2019-08-28,401128918,sanghoon yoo,peter barrett,0,DEC,0.0,0.0,0.0,0.0,0.0,0.0,0.0,0.0,0.0,0.0,0.0,0.0,0.0,0.0,0.0,0.0,0.0,0.0,0.0,0.0,0.0,0.0,1500.0,1500.0,0.0,0.0,0.0,0.0,0.0,0.0,0.0,0.0,0.0,0.0,1500.0,1500.0,0.0,0.0,0.0,0.0,0.0,0.0,0.0,0.0,0.0,0.0,0.0,0.0
2019-08-28,401128918,kailan hill,impa kasanganay,0,DEC,4.0,7.0,1.0,0.0,0.5,0.2857142857142857,0.5,0.14285714285714285,0.0,0.14285714285714285,0.5,0.7142857142857143,0.5,0.4,0.5,0.2857142857142857,0.5,0.2857142857142857,0.0,1.0,576.4,687.5714285714286,1536.4155225662823,1576.3275861129791,0.0,1.0,0.0,0.0,0.0,0.0,0.0,0.0,687.5714285714286,576.4,1576.3275861129791,1536.4155225662823,-39.9120635466968,39.9120635466968,-2.0,2.0,0.0,0.0,0.0,0.0,0.5,0.7142857142857143,0.0,0.0
2020-08-05,401221629,ty flores,dustin jacoby,0,DEC,8.0,12.0,3.0,7.0,0.625,0.75,0.125,0.6666666666666666,0.5,0.08333333333333333,0.375,0.25,0.75,0.0,0.125,0.6666666666666666,0.625,0.6666666666666666,1.0,1.0,515.6363636363636,439.94117647058823,1555.2173502736418,1555.8538316891463,7.0,3.0,0.7142857142857143,0.6666666666666666,0.2857142857142857,0.6666666666666666,0.42857142857142855,0.0,439.94117647058823,515.6363636363636,1555.8538316891463,1555.2173502736418,-0.6364814155044769,0.6364814155044769,-8.0,8.0,0.03571428571428571,0.4444444444444444,0.21428571428571427,0.0,0.10714285714285714,0.08333333333333334,0.44642857142857145,0.5
2020-08-05,401221629,jordan leavitt,jose flores,1,SUB,8.0,3.0,0.0,1.0,0.75,1.0,0.0,1.0,0.75,0.0,0.25,0.0,0.8,1.0,0.375,0.6666666666666666,0.625,0.3333333333333333,0.0,0.0,433.375,346.0,1589.5826361116333,1522.983811886334,1.0,0.0,1.0,0.0,0.0,0.0,1.0,0.0,346.0,433.375,1522.983811886334,1589.5826361116333,66.59882422529927,-66.59882422529927,4.0,-4.0,0.0,0.0,0.75,0.0,0.0,0.0,0.75,0.0
2020-08-05,401221629,jerome rivera,ronaldo rodríguez,1,DEC,6.0,10.0,4.0,2.0,0.5,0.8,0.0,0.5,0.5,0.3,0.5,0.1,0.6666666666666666,0.75,0.0,0.2,0.16666666666666666,0.5,0.0,1.0,589.9,556.6666666666666,1534.2207867370253,1580.9292342906322,2.0,4.0,0.0,1.0,0.0,0.5,0.0,0.5,556.6666666666666,589.9,1580.9292342906322,1534.2207867370253,-46.7084475536069,46.7084475536069,-2.0,2.0,0.0,0.25,0.0,0.15,0.5,0.0,0.0,0.8
2020-08-05,401221629,uros medic,mikey gonzalez,1,KO_TKO,0.0,1.0,0.0,1.0,0.0,1.0,0.0,1.0,0.0,0.0,0.0,0.0,0.0,1.0,0.0,1.0,0.0,1.0,0.0,0.0,0.0,493.5,1500.0,1498.7220693039824,1.0,0.0,0.0,0.0,0.0,0.0,0.0,0.0,493.5,0.0,1498.7220693039824,1500.0,1.27793069601762,-1.27793069601762,-2.0,2.0,0.0,0.0,0.0,0.0,0.0,0.0,0.0,0.0
2020-08-12,401221630,daniel swain,tj laramie,0,KO_TKO,4.0,0.0,4.0,0.0,1.0,0.0,0.25,0.0,0.75,0.0,0.0,0.0,1.0,0.0,0.75,0.0,0.75,0.0,1.0,0.0,350.375,0.0,1522.183474205233,1500.0,0.0,4.0,0.0,0.75,0.0,0.5,0.0,0.25,0.0,350.375,1500.0,1522.183474205233,22.183474205233097,-22.183474205233097,8.0,-8.0,0.0,0.0,0.0,0.0,0.0,0.0,0.0,0.0
2020-08-12,401221630,brady huang,adrian yanez,0,KO_TKO,2.0,15.0,1.0,5.0,1.0,0.6,0.5,0.4666666666666667,0.5,0.13333333333333333,0.0,0.4,1.0,0.6,1.0,0.3333333333333333,1.0,0.4666666666666667,1.0,1.0,86.66666666666667,696.0,1511.7687649230684,1598.428383715506,5.0,1.0,0.0,1.0,0.0,1.0,0.0,0.0,696.0,86.66666666666667,1598.428383715506,1511.7687649230684,-86.65961879243764,86.65961879243764,-17.0,17.0,0.0,0.4666666666666667,0.0,0.0,0.0,0.0,0.0,0.6
2020-08-12,401221630,anthony adams,impa kasanganay,0,DEC,5.0,8.0,1.0,0.0,0.4,0.25,0.4,0.125,0.0,0.125,0.6,0.75,0.5,0.2,0.4,0.25,0.4,0.25,0.0,1.0,898.6666666666666,714.125,1552.7249343910398,1587.9126798180973,0.0,1.0,0.0,0.0,0.0,0.0,0.0,0.0,714.125,898.6666666666666,1587.9126798180973,1552.7249343910398,-35.18774542705751,35.18774542705751,-2.0,2.0,0.0,0.0,0.0,0.0,0.6,0.75,0.0,0.0
2020-08-12,401221630,cory mckenna,vanessa demopoulos,1,DEC,9.0,9.0,2.0,3.0,0.6666666666666666,0.5555555555555556,0.4444444444444444,0.0,0.2222222222222222,0.5555555555555556,0.3333333333333333,0.4444444444444444,0.8,0.5,0.4444444444444444,0.3333333333333333,0.6666666666666666,0.3333333333333333,1.0,0.0,565.6363636363636,747.6666666666666,1576.2735178671173,1568.144056667588,3.0,2.0,0.0,0.0,0.0,0.0,0.0,0.0,747.6666666666666,565.6363636363636,1568.144056667588,1576.2735178671173,8.12946119952926,-8.12946119952926,-1.0,1.0,0.0,0.0,0.0,0.0,0.3333333333333333,0.4444444444444444,0.0,0.0
2020-08-12,401221630,dustin stoltzfus,joe pyfer,1,KO_TKO,1.0,2.0,0.0,1.0,1.0,1.0,1.0,1.0,0.0,0.0,0.0,0.0,1.0,1.0,0.0,0.5,1.0,1.0,0.0,0.0,399.0,263.6666666666667,1516.3397714226744,1511.1664851415069,1.0,0.0,1.0,0.0,0.0,0.0,1.0,0.0,263.6666666666667,399.0,1511.1664851415069,1516.3397714226744,5.17328628116752,-5.17328628116752,-2.0,2.0,0.0,0.0,0.0,0.0,0.0,0.0,1.0,0.0
2020-08-19,401221631,louis cosce,victor reyna,1,KO_TKO,0.0,3.0,0.0,1.0,0.0,0.3333333333333333,0.0,0.3333333333333333,0.0,0.0,0.0,0.6666666666666666,0.0,0.3333333333333333,0.0,0.3333333333333333,0.0,0.3333333333333333,0.0,0.0,0.0,566.8,1500.0,1529.2295447289766,1.0,0.0,0.0,0.0,0.0,0.0,0.0,0.0,566.8,0.0,1529.2295447289766,1500.0,-29.229544728976634,29.229544728976634,-5.0,5.0,0.0,0.0,0.0,0.0,0.0,0.6666666666666666,0.0,0.0
2020-08-19,401221631,chad johnson,josh parisian,0,KO_TKO,7.0,3.0,2.0,3.0,1.0,1.0,1.0,1.0,0.0,0.0,0.0,0.0,1.0,1.0,0.8571428571428571,0.3333333333333333,0.8571428571428571,0.6666666666666666,0.0,0.0,170.55555555555554,444.0,1550.521988066269,1507.9772568721964,3.0,2.0,0.6666666666666666,1.0,0.3333333333333333,1.0,0.3333333333333333,0.0,444.0,170.55555555555554,1507.9772568721964,1550.521988066269,42.54473119407248,-42.54473119407248,3.0,-3.0,0.3333333333333333,1.0,0.0,0.0,0.0,0.0,0.6666666666666666,1.0
2020-08-19,401221631,kevin syler,kenneth cross,0,DEC,2.0,11.0,1.0,3.0,0.5,0.9090909090909091,0.0,0.36363636363636365,0.5,0.5454545454545454,0.5,0.09090909090909091,0.5,0.8,0.0,0.9090909090909091,0.0,0.9090909090909091,0.0,1.0,793.3333333333334,255.42857142857142,1514.349091170472,1585.6268980738716,3.0,1.0,1.0,0.0,0.0,0.0,1.0,0.0,255.42857142857142,793.3333333333334,1585.6268980738716,1514.349091170472,-71.27780690339955,71.27780690339955,-11.0,11.0,0.0,0.0,0.5,0.0,0.0,0.09090909090909091,0.5,0.0
2020-08-19,401221631,cheyanne vlismas,hilarie rose,1,DEC,2.0,4.0,1.0,2.0,0.0,0.75,0.0,0.25,0.0,0.5,1.0,0.25,0.0,0.75,0.0,0.25,0.0,0.5,0.0,1.0,900.0,619.6666666666666,1515.764403690904,1521.0077209565152,2.0,1.0,0.5,0.0,0.5,0.0,0.0,0.0,619.6666666666666,900.0,1521.0077209565152,1515.764403690904,-5.243317265611267,5.243317265611267,-3.0,3.0,0.0,0.0,0.0,0.0,0.5,0.25,0.0,0.0
2020-08-19,401221631,orion cosce,matt dixon,1,KO_TKO,3.0,10.0,0.0,1.0,1.0,0.6,1.0,0.5,0.0,0.1,0.0,0.4,1.0,0.5,0.3333333333333333,0.3,0.0,0.3,0.0,1.0,845.0,716.5454545454545,1540.0074395317981,1596.5562962979932,1.0,0.0,1.0,0.0,1.0,0.0,0.0,0.0,716.5454545454545,845.0,1596.5562962979932,1540.0074395317981,-56.54885676619506,56.54885676619506,-8.0,8.0,1.0,0.0,0.0,0.0,0.0,0.4,1.0,0.0
2020-08-26,401221632,alejandro flores,rafael alves,0,SUB,3.0,24.0,3.0,14.0,0.0,0.7916666666666666,0.0,0.3333333333333333,0.0,0.4583333333333333,1.0,0.20833333333333334,0.0,0.75,0.0,0.5416666666666666,0.0,0.5416666666666666,0.0,1.0,580.6666666666666,423.15625,1515.8959393020475,1597.949215929662,14.0,3.0,0.9285714285714286,1.0,0.35714285714285715,0.3333333333333333,0.5714285714285714,0.6666666666666666,423.15625,580.6666666666666,1597.949215929662,1515.8959393020475,-82.05327662761442,82.05327662761442,-32.0,32.0,0.0,0.1111111111111111,0.0,0.3055555555555555,0.0714285714285714,0.0,0.0,0.7916666666666666
2020-08-26,401221632,jamie pickett,jhonoven pati,1,KO_TKO,3.0,6.0,1.0,6.0,0.6666666666666666,1.0,0.6666666666666666,0.8333333333333334,0.0,0.16666666666666666,0.3333333333333333,0.0,0.6666666666666666,1.0,0.3333333333333333,0.5,0.6666666666666666,0.8333333333333334,0.0,1.0,579.0,374.8333333333333,1524.6975634197934,1502.0723372976997,6.0,1.0,0.6666666666666666,0.0,0.16666666666666666,0.0,0.5,0.0,374.8333333333333,579.0,1502.0723372976997,1524.6975634197934,22.625226122093636,-22.625226122093636,-8.0,8.0,0.1111111111111111,0.0,0.0,0.0,0.11111111111111112,0.0,0.4444444444444444,0.0
2020-08-26,401221632,jeff molina,jacob silva,1,DEC,8.0,7.0,2.0,3.0,0.875,1.0,0.25,0.8571428571428571,0.625,0.14285714285714285,0.125,0.0,0.8,1.0,0.625,0.7142857142857143,0.75,0.7142857142857143,1.0,1.0,366.9,466.5,1568.2356634589187,1545.4130470571254,3.0,2.0,0.3333333333333333,0.5,0.0,0.0,0.3333333333333333,0.5,466.5,366.9,1545.4130470571254,1568.2356634589187,22.82261640179331,-22.82261640179331,0.0,0.0,0.0,0.0,0.20833333333333331,0.07142857142857142,0.08333333333333334,0.0,0.29166666666666663,0.5
2020-08-26,401221632,kyron bowen,collin huckbody,0,SUB,2.0,8.0,3.0,3.0,1.0,0.75,0.0,0.0,1.0,0.75,0.0,0.25,1.0,0.6,0.0,0.5,0.0,0.625,0.0,0.0,287.8,463.3636363636364,1493.862265490014,1557.9229947756046,3.0,3.0,0.3333333333333333,1.0,0.0,0.0,0.3333333333333333,1.0,463.3636363636364,287.8,1557.9229947756046,1493.862265490014,-64.0607292855907,64.0607292855907,-6.0,6.0,0.0,0.0,0.3333333333333333,0.75,0.0,0.0,0.3333333333333333,0.75
2020-08-26,401221632,anthony romero,mike breeden,1,DEC,3.0,12.0,0.0,4.0,0.3333333333333333,0.9166666666666666,0.0,0.9166666666666666,0.3333333333333333,0.0,0.6666666666666666,0.08333333333333333,0.3333333333333333,1.0,0.0,0.5833333333333334,0.0,0.5,0.0,0.0,893.3333333333334,505.06666666666666,1540.1361958671653,1577.3188726044523,4.0,0.0,0.25,0.0,0.25,0.0,0.0,0.0,505.06666666666666,893.3333333333334,1577.3188726044523,1540.1361958671653,-37.18267673728701,37.18267673728701,-13.0,13.0,0.0,0.0,0.0,0.0,0.5,0.08333333333333333,0.08333333333333333,0.0
2020-09-02,401222724,jimmy flick,nate smith,1,SUB,19.0,7.0,5.0,1.0,0.8421052631578947,0.7142857142857143,0.0,0.2857142857142857,0.8421052631578947,0.42857142857142855,0.15789473684210525,0.2857142857142857,1.0,1.0,0.42105263157894735,0.42857142857142855,0.42105263157894735,0.7142857142857143,0.0,1.0,471.30434782608694,472.75,1640.1171111587257,1568.0443776264008,1.0,5.0,1.0,0.8,0.0,0.8,1.0,0.0,472.75,471.30434782608694,1568.0443776264008,1640.1171111587257,72.07273353232495,-72.07273353232495,16.0,-16.0,0.0,0.22857142857142856,0.8421052631578947,0.0,0.0,0.05714285714285713,0.8421052631578947,0.5714285714285715
2020-09-02,401222724,jose johnson,ronnie lawrence,0,DEC,12.0,4.0,7.0,2.0,0.75,0.25,0.5833333333333334,0.25,0.16666666666666666,0.0,0.25,0.75,1.0,0.25,0.6666666666666666,0.25,0.6666666666666666,0.25,1.0,0.0,466.7894736842105,744.8,1559.4021306515385,1534.0239984186444,2.0,7.0,0.0,0.42857142857142855,0.0,0.0,0.0,0.42857142857142855,744.8,466.7894736842105,1534.0239984186444,1559.4021306515385,25.37813223289413,-25.37813223289413,13.0,-13.0,0.0,0.0,0.0,0.0,0.25,0.42857142857142855,0.0,0.10714285714285714
2020-09-02,401222724,cody brundage,william knight,0,KO_TKO,5.0,5.0,1.0,1.0,0.8,1.0,0.6,0.6,0.2,0.4,0.2,0.0,0.75,1.0,0.6,0.8,0.6,0.8,1.0,1.0,431.8333333333333,235.83333333333334,1542.1392352148346,1550.4136859873781,1.0,1.0,1.0,1.0,1.0,1.0,0.0,0.0,235.83333333333334,431.8333333333333,1550.4136859873781,1542.1392352148346,-8.27445077254356,8.27445077254356,0.0,0.0,0.6,0.6,0.0,0.0,0.0,0.0,0.8,1.0
2020-09-02,401222724,chase gibson,tucker lutz,0,DEC,9.0,2.0,5.0,0.0,0.7777777777777778,0.5,0.4444444444444444,0.5,0.3333333333333333,0.0,0.2222222222222222,0.5,1.0,0.5,0.7777777777777778,0.0,0.5555555555555556,0.0,1.0,0.0,523.6666666666666,837.5,1533.3357673130708,1526.343114626041,0.0,5.0,0.0,0.2,0.0,0.2,0.0,0.0,837.5,523.6666666666666,1526.343114626041,1533.3357673130708,6.992652687029931,-6.992652687029931,12.0,-12.0,0.0,0.1,0.0,0.0,0.2222222222222222,0.4,0.0,0.1
2020-09-02,401222724,dennis buzukja,melsik baghdasaryan,0,DEC,5.0,5.0,2.0,1.0,0.6,0.8,0.6,0.8,0.0,0.0,0.4,0.2,0.3333333333333333,0.8,0.6,0.8,0.4,0.8,0.0,0.0,635.1666666666666,174.66666666666666,1531.2713257159776,1544.7529826488021,1.0,2.0,1.0,0.0,0.0,0.0,1.0,0.0,174.66666666666666,635.1666666666666,1544.7529826488021,1531.2713257159776,-13.481656932824535,13.481656932824535,1.0,-1.0,0.0,0.0,0.0,0.0,0.0,0.2,0.6,0.0
2020-09-09,401222785,phil hawes,khadzhi bestaev,1,KO_TKO,4.0,0.0,2.0,0.0,1.0,0.0,0.75,0.0,0.25,0.0,0.0,0.0,1.0,0.0,1.0,0.0,0.75,0.0,1.0,0.0,336.4,0.0,1532.7903219327482,1500.0,0.0,2.0,0.0,1.0,0.0,0.5,0.0,0.5,0.0,336.4,1500.0,1532.7903219327482,32.79032193274816,-32.79032193274816,6.0,-6.0,0.0,0.0,0.0,0.0,0.0,0.0,0.0,0.0
2020-09-09,401222785,henrique shiguemoto,aliaskhab khizriev,0,SUB,2.0,3.0,1.0,0.0,1.0,0.6666666666666666,1.0,0.6666666666666666,0.0,0.0,0.0,0.3333333333333333,1.0,0.6666666666666666,1.0,0.6666666666666666,1.0,0.6666666666666666,0.0,0.0,407.6666666666667,328.6666666666667,1516.0905058772519,1541.691065024998,0.0,1.0,0.0,0.0,0.0,0.0,0.0,0.0,328.6666666666667,407.6666666666667,1541.691065024998,1516.0905058772519,-25.600559147746026,25.600559147746026,0.0,0.0,0.0,0.0,0.0,0.0,0.0,0.3333333333333333,0.0,0.0
2020-09-09,401222785,al matavao,tafon nchukwi,0,KO_TKO,0.0,0.0,1.0,0.0,0.0,0.0,0.0,0.0,0.0,0.0,0.0,0.0,0.0,0.0,0.0,0.0,0.0,0.0,0.0,0.0,430.0,0.0,1489.475865641294,1500.0,0.0,1.0,0.0,1.0,0.0,0.0,0.0,1.0,0.0,430.0,1500.0,1489.475865641294,-10.524134358706078,10.524134358706078,1.0,-1.0,0.0,0.0,0.0,0.0,0.0,0.0,0.0,0.0
2020-09-09,401222785,drako rodriguez,mana martinez,1,SUB,3.0,0.0,1.0,0.0,1.0,0.0,0.3333333333333333,0.0,0.6666666666666666,0.0,0.0,0.0,1.0,0.0,0.6666666666666666,0.0,1.0,0.0,1.0,0.0,488.75,0.0,1530.2355315048687,1500.0,0.0,1.0,0.0,1.0,0.0,1.0,0.0,0.0,0.0,488.75,1500.0,1530.2355315048687,30.23553150486873,-30.23553150486873,4.0,-4.0,0.0,0.0,0.0,0.0,0.0,0.0,0.0,0.0
2020-09-09,401222785,sherrard blackledge,cameron church,1,DEC,0.0,1.0,0.0,0.0,0.0,1.0,0.0,1.0,0.0,0.0,0.0,0.0,0.0,1.0,0.0,0.0,0.0,1.0,0.0,0.0,0.0,332.0,1500.0,1511.593225099025,0.0,0.0,0.0,0.0,0.0,0.0,0.0,0.0,332.0,0.0,1511.593225099025,1500.0,-11.593225099024949,11.593225099024949,-1.0,1.0,0.0,0.0,0.0,0.0,0.0,0.0,0.0,0.0
2020-09-16,401222786,michael lombardo,korey kuppe,1,DEC,2.0,9.0,0.0,4.0,0.5,1.0,0.0,0.2222222222222222,0.5,0.7777777777777778,0.5,0.0,0.5,1.0,0.5,0.4444444444444444,0.5,0.6666666666666666,0.0,1.0,508.5,395.53846153846155,1526.372357403523,1550.4588141934166,4.0,0.0,0.5,0.0,0.5,0.0,0.0,0.0,395.53846153846155,508.5,1550.4588141934166,1526.372357403523,-24.086456789893646,24.086456789893646,-11.0,11.0,0.0,0.0,0.0,0.0,0.25,0.0,0.25,0.0
2020-09-16,401222786,dinis paiva,kyle driscoll,0,DEC,2.0,5.0,3.0,2.0,0.5,0.2,0.5,0.2,0.0,0.0,0.5,0.8,0.5,0.3333333333333333,0.0,0.2,0.0,0.2,0.0,0.0,656.2,804.1428571428571,1495.8002631329107,1539.9316301722906,2.0,3.0,0.0,0.6666666666666666,0.0,0.0,0.0,0.6666666666666666,804.1428571428571,656.2,1539.9316301722906,1495.8002631329107,-44.13136703937994,44.13136703937994,-2.0,2.0,0.0,0.0,0.0,0.0,0.5,0.2666666666666667,0.0,0.13333333333333333
2020-09-16,401222786,jordan williams,gregory rodrigues,1,KO_TKO,4.0,2.0,1.0,1.0,0.75,1.0,0.75,1.0,0.0,0.0,0.25,0.0,1.0,1.0,0.25,1.0,0.25,1.0,0.0,0.0,668.8,130.33333333333334,1537.438565956409,1516.8832603622625,1.0,1.0,1.0,0.0,1.0,0.0,0.0,0.0,130.33333333333334,668.8,1516.8832603622625,1537.438565956409,20.555305594146603,-20.555305594146603,3.0,-3.0,0.75,0.0,0.0,0.0,0.0,0.0,0.75,0.0
2020-09-16,401222786,danyelle wolf,taneisha tennant,1,DEC,0.0,1.0,0.0,0.0,0.0,0.0,0.0,0.0,0.0,0.0,0.0,1.0,0.0,0.0,0.0,0.0,0.0,0.0,0.0,0.0,0.0,900.0,1500.0,1512.0,0.0,0.0,0.0,0.0,0.0,0.0,0.0,0.0,900.0,0.0,1512.0,1500.0,-12.0,12.0,-1.0,1.0,0.0,0.0,0.0,0.0,0.0,1.0,0.0,0.0
2020-09-16,401222786,collin anglin,muhammad naimov,1,DEC,2.0,0.0,0.0,0.0,1.0,0.0,1.0,0.0,0.0,0.0,0.0,0.0,1.0,0.0,1.0,0.0,1.0,0.0,0.0,0.0,14.0,0.0,1527.223895876464,1500.0,0.0,0.0,0.0,0.0,0.0,0.0,0.0,0.0,0.0,14.0,1500.0,1527.223895876464,27.223895876463985,-27.223895876463985,2.0,-2.0,0.0,0.0,0.0,0.0,0.0,0.0,0.0,0.0
2020-11-05,401223624,luis saldana,vince murdock,1,KO_TKO,15.0,12.0,6.0,7.0,1.0,0.8333333333333334,0.4666666666666667,0.6666666666666666,0.5333333333333333,0.16666666666666666,0.0,0.16666666666666666,1.0,0.5,0.4,0.4166666666666667,0.5333333333333333,0.5,1.0,1.0,499.0952380952381,450.8235294117647,1576.9013635765011,1541.65819729956,7.0,6.0,0.7142857142857143,0.5,0.5714285714285714,0.16666666666666666,0.14285714285714285,0.3333333333333333,450.8235294117647,499.0952380952381,1541.65819729956,1576.9013635765011,35.24316627694111,-35.24316627694111,2.0,-2.0,0.26666666666666666,0.1111111111111111,0.07619047619047618,0.05555555555555555,0.0,0.08333333333333333,0.7142857142857143,0.4166666666666667
2020-11-05,401223624,edson gomez,ignacio bahamondes,0,KO_TKO,0.0,12.0,1.0,3.0,0.0,0.6666666666666666,0.0,0.6666666666666666,0.0,0.0,0.0,0.3333333333333333,0.0,0.25,0.0,0.5,0.0,0.5,0.0,0.0,451.0,477.8666666666667,1490.6714011604643,1587.990668757639,3.0,1.0,0.6666666666666666,1.0,0.0,1.0,0.6666666666666666,0.0,477.8666666666667,451.0,1587.990668757639,1490.6714011604643,-97.31926759717476,97.31926759717476,-14.0,14.0,0.0,0.6666666666666666,0.0,0.0,0.0,0.0,0.0,0.6666666666666666
2020-11-05,401223624,harry hunsucker,jared vanderaa,0,KO_TKO,1.0,11.0,2.0,7.0,1.0,0.9090909090909091,1.0,0.6363636363636364,0.0,0.2727272727272727,0.0,0.09090909090909091,1.0,0.6666666666666666,1.0,0.5454545454545454,1.0,0.8181818181818182,0.0,1.0,132.0,634.5,1490.0846110639764,1537.3016253310182,7.0,2.0,0.5714285714285714,1.0,0.0,0.5,0.5714285714285714,0.5,634.5,132.0,1537.3016253310182,1490.0846110639764,-47.217014267041804,47.217014267041804,-15.0,15.0,0.0,0.3181818181818182,0.0,0.13636363636363635,0.0,0.0,0.5714285714285714,0.9090909090909091
2020-11-05,401223624,carlos ulberg,bruno oliveira,1,KO_TKO,1.0,13.0,0.0,5.0,1.0,0.9230769230769231,1.0,0.6153846153846154,0.0,0.3076923076923077,0.0,0.07692307692307693,1.0,0.5,1.0,0.6153846153846154,1.0,0.7692307692307693,0.0,1.0,122.0,331.5263157894737,1514.6703421869202,1563.959469268271,5.0,0.0,1.0,0.0,0.6,0.0,0.4,0.0,331.5263157894737,122.0,1563.959469268271,1514.6703421869202,-49.2891270813509,49.2891270813509,-18.0,18.0,0.6,0.0,0.0,0.0,0.0,0.07692307692307693,1.0,0.0
2020-11-11,401223625,luana pinheiro,stephanie frausto,1,KO_TKO,1.0,8.0,0.0,9.0,1.0,0.875,1.0,0.5,0.0,0.375,0.0,0.125,1.0,0.6666666666666666,1.0,0.5,1.0,0.5,0.0,1.0,168.0,473.1333333333333,1512.3896923560553,1498.8970256836863,9.0,0.0,0.7777777777777778,0.0,0.4444444444444444,0.0,0.3333333333333333,0.0,473.1333333333333,168.0,1498.8970256836863,1512.3896923560553,13.492666672369069,-13.492666672369069,-16.0,16.0,0.4444444444444444,0.0,0.0,0.0,0.0,0.125,0.7777777777777778,0.0
2020-11-11,401223625,nikolas motta,joe lowry,1,DEC,12.0,0.0,3.0,0.0,0.6666666666666666,0.0,0.6666666666666666,0.0,0.0,0.0,0.3333333333333333,0.0,0.5,0.0,0.5,0.0,0.5,0.0,0.0,0.0,435.3333333333333,0.0,1594.3100899378228,1500.0,0.0,3.0,0.0,1.0,0.0,0.6666666666666666,0.0,0.3333333333333333,0.0,435.3333333333333,1500.0,1594.3100899378228,94.3100899378228,-94.3100899378228,15.0,-15.0,0.0,0.0,0.0,0.0,0.3333333333333333,0.0,0.0,0.0
2020-11-11,401223625,danny sabatello,taylor moore,1,DEC,9.0,2.0,1.0,2.0,0.7777777777777778,0.5,0.3333333333333333,0.5,0.4444444444444444,0.0,0.2222222222222222,0.5,0.75,0.5,0.6666666666666666,0.5,0.6666666666666666,0.5,1.0,0.0,436.8,748.25,1580.8781769124002,1504.635561763227,2.0,1.0,0.5,1.0,0.5,1.0,0.0,0.0,748.25,436.8,1504.635561763227,1580.8781769124002,76.24261514917316,-76.24261514917316,6.0,-6.0,0.16666666666666666,0.5,0.0,0.0,0.1111111111111111,0.0,0.3888888888888889,0.5
2020-11-11,401223625,mariusz ksiazkiewicz,mario sousa,0,DEC,8.0,12.0,1.0,1.0,0.875,0.9166666666666666,0.25,0.5833333333333334,0.625,0.3333333333333333,0.125,0.08333333333333333,1.0,0.8,0.5,0.75,0.5,0.5833333333333334,1.0,1.0,452.77777777777777,345.8181818181818,1576.4008531674049,1611.4180452089386,1.0,1.0,0.0,0.0,0.0,0.0,0.0,0.0,345.8181818181818,452.77777777777777,1611.4180452089386,1576.4008531674049,-35.01719204153369,35.01719204153369,-4.0,4.0,0.0,0.0,0.0,0.0,0.125,0.08333333333333333,0.0,0.0
2020-11-11,401223625,shaheen santana,natan levy,0,SUB,6.0,11.0,1.0,0.0,0.8333333333333334,0.45454545454545453,0.0,0.0,0.8333333333333334,0.45454545454545453,0.16666666666666666,0.5454545454545454,0.75,0.2,0.6666666666666666,0.36363636363636365,0.8333333333333334,0.36363636363636365,0.0,0.0,360.2857142857143,571.5454545454545,1556.0940785195717,1612.849492763291,0.0,1.0,0.0,1.0,0.0,0.0,0.0,1.0,571.5454545454545,360.2857142857143,1612.849492763291,1556.0940785195717,-56.755414243719315,56.755414243719315,-4.0,4.0,0.0,0.0,0.0,0.45454545454545453,0.16666666666666666,0.0,0.0,0.45454545454545453
2020-11-18,401223626,nick maximov,oscar cota,1,DEC,0.0,1.0,0.0,1.0,0.0,0.0,0.0,0.0,0.0,0.0,0.0,1.0,0.0,0.0,0.0,0.0,0.0,0.0,0.0,0.0,0.0,816.5,1500.0,1499.38664632276,1.0,0.0,1.0,0.0,0.0,0.0,1.0,0.0,816.5,0.0,1499.38664632276,1500.0,0.6133536772399566,-0.6133536772399566,-2.0,2.0,0.0,0.0,0.0,0.0,0.0,1.0,0.0,0.0
2020-11-18,401223626,jacob silva,jp buys,0,SUB,7.0,0.0,4.0,0.0,1.0,0.0,0.8571428571428571,0.0,0.14285714285714285,0.0,0.0,0.0,1.0,0.0,0.7142857142857143,0.0,0.7142857142857143,0.0,1.0,0.0,450.8181818181818,0.0,1534.304144641144,1500.0,0.0,4.0,0.0,0.5,0.0,0.0,0.0,0.5,0.0,450.8181818181818,1500.0,1534.304144641144,34.30414464114392,-34.30414464114392,11.0,-11.0,0.0,0.0,0.0,0.0,0.0,0.0,0.0,0.0
2020-11-18,401223626,chelsea hackett,victoria leonardo,0,KO_TKO,0.0,4.0,0.0,0.0,0.0,1.0,0.0,0.0,0.0,1.0,0.0,0.0,0.0,1.0,0.0,1.0,0.0,0.75,0.0,0.0,0.0,274.3333333333333,1500.0,1548.5309057306715,0.0,0.0,0.0,0.0,0.0,0.0,0.0,0.0,274.3333333333333,0.0,1548.5309057306715,1500.0,-48.53090573067152,48.53090573067152,-4.0,4.0,0.0,0.0,0.0,0.0,0.0,0.0,0.0,0.0
2020-11-18,401223626,pauline macias,gloria de paula,0,DEC,0.0,5.0,1.0,2.0,0.0,0.6,0.0,0.6,0.0,0.0,0.0,0.4,0.0,0.5,0.0,0.2,0.0,0.2,0.0,0.0,900.0,783.1428571428571,1488.7761229789785,1533.7263506257568,2.0,1.0,0.0,0.0,0.0,0.0,0.0,0.0,783.1428571428571,900.0,1533.7263506257568,1488.7761229789785,-44.95022764677833,44.95022764677833,-6.0,6.0,0.0,0.0,0.0,0.0,0.0,0.4,0.0,0.0
2020-11-18,401223626,sherrard blackledge,tucker lutz,0,DEC,0.0,2.0,0.0,0.0,0.0,0.5,0.0,0.5,0.0,0.0,0.0,0.5,0.0,0.5,0.0,0.0,0.0,0.0,0.0,0.0,0.0,837.5,1500.0,1526.343114626041,0.0,0.0,0.0,0.0,0.0,0.0,0.0,0.0,837.5,0.0,1526.343114626041,1500.0,-26.343114626040915,26.343114626040915,-2.0,2.0,0.0,0.0,0.0,0.0,0.0,0.5,0.0,0.0
2021-09-01,600008640,matheus scheffel,azamat murzakanov,0,KO_TKO,14.0,11.0,7.0,0.0,0.7142857142857143,0.8181818181818182,0.7142857142857143,0.7272727272727273,0.0,0.09090909090909091,0.2857142857142857,0.18181818181818182,0.3333333333333333,0.8,0.7142857142857143,0.8181818181818182,0.7142857142857143,0.8181818181818182,0.0,1.0,375.4,210.72727272727272,1563.103775403622,1616.9411183966852,0.0,7.0,0.0,0.8571428571428571,0.0,0.7142857142857143,0.0,0.14285714285714285,210.72727272727272,375.4,1616.9411183966852,1563.103775403622,-53.8373429930632,53.8373429930632,10.0,-10.0,0.0,0.5194805194805195,0.0,0.012987012987012986,0.2857142857142857,0.025974025974025983,0.0,0.7012987012987013
2021-09-01,600008640,carlos candelario,victor altamirano,0,DEC,1.0,21.0,1.0,4.0,0.0,0.5714285714285714,0.0,0.09523809523809523,0.0,0.47619047619047616,1.0,0.42857142857142855,0.0,0.4,0.0,0.2857142857142857,0.0,0.47619047619047616,0.0,1.0,900.0,580.24,1506.941876111379,1662.4448815167364,4.0,1.0,1.0,0.0,0.25,0.0,0.75,0.0,580.24,900.0,1662.4448815167364,1506.941876111379,-155.50300540535727,155.50300540535727,-23.0,23.0,0.0,0.0,0.0,0.0,0.0,0.42857142857142855,0.0,0.0
2021-09-01,600008640,aj fletcher,leonardo damiani,1,KO_TKO,0.0,3.0,0.0,2.0,0.0,0.3333333333333333,0.0,0.3333333333333333,0.0,0.0,0.0,0.6666666666666666,0.0,0.3333333333333333,0.0,0.3333333333333333,0.0,0.3333333333333333,0.0,0.0,0.0,461.4,1500.0,1519.4048475016618,2.0,0.0,1.0,0.0,0.0,0.0,1.0,0.0,461.4,0.0,1519.4048475016618,1500.0,-19.404847501661834,19.404847501661834,-5.0,5.0,0.0,0.0,0.0,0.0,0.0,0.6666666666666666,0.0,0.0
2021-09-01,600008640,diego lopes,joanderson brito,0,DEC,19.0,13.0,4.0,2.0,0.8947368421052632,0.8461538461538461,0.3157894736842105,0.46153846153846156,0.5789473684210527,0.38461538461538464,0.10526315789473684,0.15384615384615385,0.5,0.6,0.631578947368421,0.6153846153846154,0.7894736842105263,0.6923076923076923,1.0,1.0,390.8181818181818,319.53333333333336,1642.003477852899,1634.2299928252708,2.0,4.0,1.0,0.5,0.5,0.5,0.5,0.0,319.53333333333336,390.8181818181818,1634.2299928252708,1642.003477852899,7.77348502762834,-7.77348502762834,7.0,-7.0,0.15789473684210525,0.23076923076923078,0.2894736842105263,0.0,0.0,0.07692307692307693,0.8947368421052632,0.4230769230769231
2021-09-08,600008641,mario sousa,chidi njokuani,0,KO_TKO,12.0,26.0,2.0,10.0,0.9166666666666666,0.6153846153846154,0.5833333333333334,0.5769230769230769,0.3333333333333333,0.038461538461538464,0.08333333333333333,0.38461538461538464,0.75,1.0,0.75,0.34615384615384615,0.5833333333333334,0.3076923076923077,1.0,1.0,374.9166666666667,500.8965517241379,1600.0361449614447,1640.7116179880222,10.0,2.0,0.8,0.5,0.4,0.5,0.4,0.0,500.8965517241379,374.9166666666667,1640.7116179880222,1600.0361449614447,-40.67547302657749,40.67547302657749,-23.0,23.0,0.23333333333333336,0.28846153846153844,0.13333333333333333,0.0,0.016666666666666663,0.19230769230769232,0.7333333333333334,0.3076923076923077
2021-09-08,600008641,cj vergara,bruno korea,1,KO_TKO,0.0,0.0,0.0,0.0,0.0,0.0,0.0,0.0,0.0,0.0,0.0,0.0,0.0,0.0,0.0,0.0,0.0,0.0,0.0,0.0,0.0,0.0,1500.0,1500.0,0.0,0.0,0.0,0.0,0.0,0.0,0.0,0.0,0.0,0.0,1500.0,1500.0,0.0,0.0,0.0,0.0,0.0,0.0,0.0,0.0,0.0,0.0,0.0,0.0
2021-09-08,600008641,muin gafurov,chad anheliger,0,DEC,17.0,3.0,4.0,0.0,0.9411764705882353,0.6666666666666666,0.47058823529411764,0.0,0.47058823529411764,0.6666666666666666,0.058823529411764705,0.3333333333333333,0.6666666666666666,0.6666666666666666,0.8823529411764706,0.6666666666666666,0.8235294117647058,0.6666666666666666,1.0,0.0,361.1,403.3333333333333,1612.557691155368,1540.161466118542,0.0,4.0,0.0,0.0,0.0,0.0,0.0,0.0,403.3333333333333,361.1,1540.161466118542,1612.557691155368,72.39622503682608,-72.39622503682608,18.0,-18.0,0.0,0.0,0.0,0.0,0.058823529411764705,0.3333333333333333,0.0,0.0
2021-09-08,600008641,jose alday,saimon oliveira,0,DEC,14.0,18.0,6.0,4.0,0.5714285714285714,0.8888888888888888,0.21428571428571427,0.2777777777777778,0.35714285714285715,0.6111111111111112,0.42857142857142855,0.1111111111111111,0.5,0.8,0.07142857142857142,0.5555555555555556,0.21428571428571427,0.6111111111111112,1.0,1.0,679.25,497.0,1569.809491059251,1630.7308068689129,4.0,6.0,0.0,0.6666666666666666,0.0,0.3333333333333333,0.0,0.3333333333333333,497.0,679.25,1630.7308068689129,1569.809491059251,-60.92131580966179,60.92131580966179,-1.0,1.0,0.0,0.09259259259259259,0.0,0.20370370370370372,0.42857142857142855,0.03703703703703704,0.0,0.5925925925925926
2021-09-15,600008642,albert duraev,caio bittencourt,1,SUB,22.0,3.0,3.0,5.0,0.8181818181818182,1.0,0.22727272727272727,1.0,0.5909090909090909,0.0,0.18181818181818182,0.0,0.6,1.0,0.45454545454545453,1.0,0.45454545454545453,1.0,1.0,0.0,545.4,361.875,1712.963001300655,1497.2254236350068,5.0,3.0,0.8,1.0,0.2,1.0,0.6,0.0,361.875,545.4,1497.2254236350068,1712.963001300655,215.73757766564813,-215.73757766564813,17.0,-17.0,0.045454545454545456,1.0,0.35454545454545455,0.0,0.036363636363636355,0.0,0.6545454545454547,1.0
2021-09-15,600008642,nasrudin nasrudinov,jailton almeida,0,SUB,7.0,3.0,0.0,0.0,0.8571428571428571,1.0,0.8571428571428571,0.0,0.0,1.0,0.14285714285714285,0.0,1.0,1.0,0.0,0.6666666666666666,0.2857142857142857,1.0,0.0,0.0,636.2857142857143,306.6666666666667,1593.117178005946,1543.8030981596448,0.0,0.0,0.0,0.0,0.0,0.0,0.0,0.0,306.6666666666667,636.2857142857143,1543.8030981596448,1593.117178005946,49.31407984630118,-49.31407984630118,4.0,-4.0,0.0,0.0,0.0,0.0,0.14285714285714285,0.0,0.0,0.0
2021-09-15,600008642,jasmine jasudavicius,julia polastri,1,DEC,4.0,8.0,0.0,3.0,0.5,0.5,0.5,0.375,0.0,0.125,0.5,0.5,0.5,0.75,0.5,0.0,0.5,0.125,0.0,1.0,487.25,762.2727272727273,1548.3896688383786,1554.806216553896,3.0,0.0,0.0,0.0,0.0,0.0,0.0,0.0,762.2727272727273,487.25,1554.806216553896,1548.3896688383786,-6.416547715517481,6.416547715517481,-7.0,7.0,0.0,0.0,0.0,0.0,0.5,0.5,0.0,0.0
2021-09-15,600008642,jack della maddalena,ange loosa,1,DEC,11.0,7.0,2.0,3.0,0.9090909090909091,0.8571428571428571,0.7272727272727273,0.7142857142857143,0.18181818181818182,0.14285714285714285,0.09090909090909091,0.14285714285714285,0.8,0.5,0.36363636363636365,0.8571428571428571,0.6363636363636364,0.7142857142857143,1.0,1.0,395.3076923076923,494.6666666666667,1597.9724811053227,1539.6601173476236,3.0,2.0,0.0,1.0,0.0,0.5,0.0,0.5,494.6666666666667,395.3076923076923,1539.6601173476236,1597.9724811053227,58.31236375769913,-58.31236375769913,3.0,-3.0,0.0,0.35714285714285715,0.0,0.07142857142857142,0.09090909090909091,0.0,0.0,0.8571428571428571
2021-09-15,600008642,brandon lewis,mo miller,0,DEC,0.0,8.0,1.0,0.0,0.0,0.75,0.0,0.5,0.0,0.25,0.0,0.25,0.0,0.8,0.0,0.125,0.0,0.125,0.0,1.0,900.0,601.0,1490.6939580943856,1588.6555591435333,0.0,1.0,0.0,0.0,0.0,0.0,0.0,0.0,601.0,900.0,1588.6555591435333,1490.6939580943856,-97.9616010491477,97.9616010491477,-7.0,7.0,0.0,0.0,0.0,0.0,0.0,0.25,0.0,0.0
2021-09-22,600008643,jacob rosales,victor martinez,0,DEC,12.0,3.0,3.0,1.0,0.3333333333333333,0.6666666666666666,0.25,0.6666666666666666,0.08333333333333333,0.0,0.6666666666666666,0.3333333333333333,0.0,0.6666666666666666,0.3333333333333333,0.0,0.3333333333333333,0.6666666666666666,1.0,0.0,730.3846153846154,518.0,1599.7591228414421,1528.1812643689352,1.0,3.0,1.0,0.3333333333333333,0.0,0.3333333333333333,1.0,0.0,518.0,730.3846153846154,1528.1812643689352,1599.7591228414421,71.57785847250693,-71.57785847250693,11.0,-11.0,0.0,0.2222222222222222,0.08333333333333333,0.0,0.0,0.22222222222222224,0.3333333333333333,0.2222222222222222
2021-09-22,600008643,aj dobson,hashem arkhagha,1,SUB,0.0,2.0,0.0,0.0,0.0,1.0,0.0,1.0,0.0,0.0,0.0,0.0,0.0,1.0,0.0,0.5,0.0,1.0,0.0,0.0,0.0,283.5,1500.0,1524.7615713937344,0.0,0.0,0.0,0.0,0.0,0.0,0.0,0.0,283.5,0.0,1524.7615713937344,1500.0,-24.761571393734357,24.761571393734357,-2.0,2.0,0.0,0.0,0.0,0.0,0.0,0.0,0.0,0.0
2021-09-22,600008643,theo rlayang,steven nguyen,0,DEC,1.0,4.0,0.0,1.0,0.0,0.75,0.0,0.5,0.0,0.25,1.0,0.25,0.0,0.75,0.0,0.75,0.0,0.75,0.0,1.0,900.0,416.2,1510.852293120333,1536.3041692626425,1.0,0.0,1.0,0.0,1.0,0.0,0.0,0.0,416.2,900.0,1536.3041692626425,1510.852293120333,-25.45187614230963,25.45187614230963,-4.0,4.0,0.0,0.0,0.0,0.0,0.0,0.25,0.0,0.0
2021-09-22,600008643,kleydson rodrigues,santo curatolo,1,DEC,6.0,1.0,1.0,0.0,0.8333333333333334,1.0,0.3333333333333333,1.0,0.5,0.0,0.16666666666666666,0.0,0.8,1.0,0.5,1.0,0.3333333333333333,1.0,1.0,0.0,540.4,65.0,1562.3426209015784,1512.9151272393235,0.0,1.0,0.0,0.0,0.0,0.0,0.0,0.0,65.0,540.4,1512.9151272393235,1562.3426209015784,49.42749366225485,-49.42749366225485,6.0,-6.0,0.0,0.0,0.0,0.0,0.16666666666666666,0.0,0.0,0.0
2021-09-22,600008643,michael morales,nikolay veretennikov,1,DEC,3.0,12.0,0.0,4.0,0.6666666666666666,0.75,0.6666666666666666,0.75,0.0,0.0,0.3333333333333333,0.25,0.6666666666666666,0.5,0.3333333333333333,0.4166666666666667,0.3333333333333333,0.3333333333333333,0.0,0.0,565.0,536.1428571428571,1537.4311564019138,1584.1001056928956,4.0,0.0,0.5,0.0,0.25,0.0,0.25,0.0,536.1428571428571,565.0,1584.1001056928956,1537.4311564019138,-46.6689492909818,46.6689492909818,-13.0,13.0,0.16666666666666666,0.0,0.0,0.0,0.16666666666666666,0.25,0.3333333333333333,0.0
2021-09-29,600008644,edivan santos,rizvan kuniev,0,KO_TKO,0.0,4.0,0.0,1.0,0.0,0.25,0.0,0.25,0.0,0.0,0.0,0.5,0.0,0.25,0.0,0.0,0.0,0.0,0.0,0.0,0.0,900.0,1500.0,1537.6773508676179,1.0,0.0,0.0,0.0,0.0,0.0,0.0,0.0,900.0,0.0,1537.6773508676179,1500.0,-37.67735086761786,37.67735086761786,-5.0,5.0,0.0,0.0,0.0,0.0,0.0,0.5,0.0,0.0
2021-09-29,600008644,aaron jeffery,caio borralho,0,DEC,5.0,1.0,1.0,0.0,0.8,1.0,0.8,0.0,0.0,1.0,0.2,0.0,0.8,1.0,0.2,1.0,0.4,1.0,0.0,0.0,653.5,224.0,1551.9057315091654,1512.9970775473455,0.0,1.0,0.0,0.0,0.0,0.0,0.0,0.0,224.0,653.5,1512.9970775473455,1551.9057315091654,38.90865396181994,-38.90865396181994,5.0,-5.0,0.0,0.0,0.0,0.0,0.2,0.0,0.0,0.0
2021-09-29,600008644,lucas almeida,daniel zellhuber,0,DEC,13.0,1.0,2.0,0.0,1.0,0.0,0.5384615384615384,0.0,0.46153846153846156,0.0,0.0,1.0,1.0,0.0,0.7692307692307693,0.0,0.8461538461538461,0.0,1.0,0.0,309.3333333333333,900.0,1605.8054437044043,1515.3705084361284,0.0,2.0,0.0,1.0,0.0,0.5,0.0,0.5,900.0,309.3333333333333,1515.3705084361284,1605.8054437044043,90.43493526827592,-90.43493526827592,14.0,-14.0,0.0,0.0,0.0,0.0,0.0,0.0,0.0,0.0
2021-09-29,600008644,ihor potieria,lucasz sudolski,1,KO_TKO,0.0,0.0,1.0,0.0,0.0,0.0,0.0,0.0,0.0,0.0,0.0,0.0,0.0,0.0,0.0,0.0,0.0,0.0,0.0,0.0,900.0,0.0,1488.3208820439495,1500.0,0.0,1.0,0.0,0.0,0.0,0.0,0.0,0.0,0.0,900.0,1500.0,1488.3208820439495,-11.679117956050504,11.679117956050504,1.0,-1.0,0.0,0.0,0.0,0.0,0.0,0.0,0.0,0.0
2021-10-06,600010080,shimon smotritsky,mike malott,0,SUB,1.0,7.0,1.0,1.0,1.0,1.0,1.0,0.42857142857142855,0.0,0.5714285714285714,0.0,0.0,1.0,1.0,1.0,1.0,0.0,1.0,0.0,1.0,39.0,176.22222222222223,1501.4617704649556,1565.0720404932658,1.0,1.0,1.0,1.0,1.0,0.0,0.0,1.0,176.22222222222223,39.0,1565.0720404932658,1501.4617704649556,-63.6102700283102,63.6102700283102,-8.0,8.0,1.0,0.0,0.0,0.5714285714285714,0.0,0.0,1.0,1.0
2021-10-06,600010080,daniel barez,carlos hernandez,0,DEC,12.0,8.0,5.0,2.0,0.75,0.5,0.3333333333333333,0.0,0.4166666666666667,0.5,0.25,0.5,0.5,0.25,0.4166666666666667,0.375,0.5,0.375,1.0,0.0,513.7058823529412,586.2,1577.5426198271107,1569.2142917387337,2.0,5.0,0.5,0.4,0.0,0.0,0.5,0.4,586.2,513.7058823529412,1569.2142917387337,1577.5426198271107,8.32832808837702,-8.32832808837702,7.0,-7.0,0.0,0.0,0.20833333333333334,0.2,0.125,0.3,0.375,0.2
2021-10-06,600010080,fernie garcia,joshua weems,1,KO_TKO,6.0,1.0,2.0,1.0,0.3333333333333333,1.0,0.0,0.0,0.3333333333333333,1.0,0.6666666666666666,0.0,0.0,1.0,0.16666666666666666,1.0,0.16666666666666666,1.0,0.0,0.0,759.125,220.0,1543.17306912534,1497.579306926387,1.0,2.0,1.0,0.0,1.0,0.0,0.0,0.0,220.0,759.125,1497.579306926387,1543.17306912534,45.593762198952845,-45.593762198952845,6.0,-6.0,0.0,0.0,0.0,0.0,0.0,0.0,0.3333333333333333,0.0
2021-10-06,600010080,shonte barnes,joseph holmes,0,SUB,0.0,0.0,0.0,2.0,0.0,0.0,0.0,0.0,0.0,0.0,0.0,0.0,0.0,0.0,0.0,0.0,0.0,0.0,0.0,0.0,0.0,900.0,1500.0,1476.827614673444,2.0,0.0,0.0,0.0,0.0,0.0,0.0,0.0,900.0,0.0,1476.827614673444,1500.0,23.17238532655597,-23.17238532655597,-2.0,2.0,0.0,0.0,0.0,0.0,0.0,0.0,0.0,0.0
2021-10-06,600010080,genaro valdez,patrik white,1,KO_TKO,0.0,0.0,0.0,0.0,0.0,0.0,0.0,0.0,0.0,0.0,0.0,0.0,0.0,0.0,0.0,0.0,0.0,0.0,0.0,0.0,0.0,0.0,1500.0,1500.0,0.0,0.0,0.0,0.0,0.0,0.0,0.0,0.0,0.0,0.0,1500.0,1500.0,0.0,0.0,0.0,0.0,0.0,0.0,0.0,0.0,0.0,0.0,0.0,0.0
2021-10-13,600010081,lorenzo hood,martin buday,0,KO_TKO,0.0,6.0,3.0,0.0,0.0,1.0,0.0,0.6666666666666666,0.0,0.3333333333333333,0.0,0.0,0.0,1.0,0.0,0.3333333333333333,0.0,0.3333333333333333,0.0,1.0,366.0,375.3333333333333,1470.1090169832355,1572.1500408489514,0.0,3.0,0.0,1.0,0.0,0.0,0.0,1.0,375.3333333333333,366.0,1572.1500408489514,1470.1090169832355,-102.04102386571594,102.04102386571594,-3.0,3.0,0.0,0.0,0.0,0.3333333333333333,0.0,0.0,0.0,1.0
2021-10-13,600010081,maria silva,kathryn paprocki,1,DEC,1.0,2.0,0.0,0.0,0.0,1.0,0.0,0.0,0.0,1.0,1.0,0.0,0.0,1.0,0.0,0.0,0.0,0.0,0.0,0.0,900.0,841.0,1512.414300586377,1523.014792606494,0.0,0.0,0.0,0.0,0.0,0.0,0.0,0.0,841.0,900.0,1523.014792606494,1512.414300586377,-10.600492020116917,10.600492020116917,-1.0,1.0,0.0,0.0,0.0,0.0,1.0,0.0,0.0,0.0
2021-10-13,600010081,jake hadley,mitch raposo,1,SUB,12.0,5.0,0.0,1.0,0.75,0.6,0.25,0.2,0.5,0.4,0.25,0.4,0.6,0.5,0.5,0.6,0.5,0.6,1.0,1.0,606.5454545454545,433.1666666666667,1635.2545221968064,1544.7689086132189,1.0,0.0,1.0,0.0,0.0,0.0,1.0,0.0,433.1666666666667,606.5454545454545,1544.7689086132189,1635.2545221968064,90.48561358358756,-90.48561358358756,6.0,-6.0,0.0,0.0,0.5,0.0,0.0,0.4,0.75,0.0
2021-10-13,600010081,chris duncan,viacheslav borshchev,0,KO_TKO,8.0,6.0,1.0,2.0,1.0,0.6666666666666666,0.875,0.5,0.125,0.16666666666666666,0.0,0.3333333333333333,1.0,1.0,0.375,0.3333333333333333,0.375,0.5,1.0,1.0,367.375,581.875,1572.1354066911829,1548.163361533155,2.0,1.0,0.0,1.0,0.0,1.0,0.0,0.0,581.875,367.375,1548.163361533155,1572.1354066911829,23.972045158027868,-23.972045158027868,1.0,-1.0,0.0,0.5,0.0,0.0,0.0,0.0,0.0,0.6666666666666666
2021-10-13,600010081,christian rodriguez,reyes cortez jr.,1,DEC,10.0,0.0,1.0,1.0,0.9,0.0,0.4,0.0,0.5,0.0,0.1,0.0,0.8,0.0,0.5,0.0,0.6,0.0,1.0,0.0,455.1111111111111,900.0,1592.8726918104514,1490.8365391391412,1.0,1.0,0.0,1.0,0.0,0.0,0.0,1.0,900.0,455.1111111111111,1490.8365391391412,1592.8726918104514,102.03615267131022,-102.03615267131022,10.0,-10.0,0.0,0.0,0.0,0.0,0.1,0.0,0.0,0.0
2021-10-20,600011551,james barnes,pedro falcão,0,KO_TKO,16.0,15.0,8.0,3.0,0.9375,0.6666666666666666,0.125,0.4,0.8125,0.26666666666666666,0.0625,0.3333333333333333,1.0,0.75,0.5625,0.4666666666666667,0.5625,0.5333333333333333,1.0,1.0,360.0,495.3333333333333,1564.7437098202852,1623.6910888908747,3.0,8.0,0.3333333333333333,0.875,0.3333333333333333,0.875,0.0,0.0,495.3333333333333,360.0,1623.6910888908747,1564.7437098202852,-58.94737907058948,58.94737907058948,6.0,-6.0,0.041666666666666664,0.35000000000000003,0.0,0.0,0.04166666666666667,0.041666666666666664,0.3125,0.5833333333333333
2021-10-20,600011551,caio borralho,jesse murray,1,KO_TKO,2.0,8.0,0.0,4.0,1.0,0.625,0.5,0.125,0.5,0.5,0.0,0.375,1.0,0.3333333333333333,1.0,0.5,1.0,0.625,1.0,1.0,162.5,413.0833333333333,1526.3712738481252,1539.5852431650749,4.0,0.0,1.0,0.0,1.0,0.0,0.0,0.0,413.0833333333333,162.5,1539.5852431650749,1526.3712738481252,-13.213969316949715,13.213969316949715,-10.0,10.0,0.5,0.0,0.0,0.0,0.0,0.375,1.0,0.0
2021-10-20,600011551,piera rodriguez,valesca machado,1,DEC,8.0,1.0,0.0,2.0,0.75,0.0,0.75,0.0,0.0,0.0,0.25,1.0,0.6,0.0,0.0,0.0,0.25,0.0,0.0,0.0,830.875,900.0,1590.7210044429776,1493.3885192423354,2.0,0.0,0.0,0.0,0.0,0.0,0.0,0.0,900.0,830.875,1493.3885192423354,1590.7210044429776,97.33248520064217,-97.33248520064217,4.0,-4.0,0.0,0.0,0.0,0.0,0.25,1.0,0.0,0.0
2021-10-20,600011551,kaloyan kolev,armen petrosyan,0,KO_TKO,1.0,0.0,0.0,0.0,1.0,0.0,1.0,0.0,0.0,0.0,0.0,0.0,1.0,0.0,1.0,0.0,1.0,0.0,0.0,0.0,43.0,0.0,1511.629674361109,1500.0,0.0,0.0,0.0,0.0,0.0,0.0,0.0,0.0,0.0,43.0,1500.0,1511.629674361109,11.629674361108982,-11.629674361108982,1.0,-1.0,0.0,0.0,0.0,0.0,0.0,0.0,0.0,0.0
2021-10-20,600011551,solomon renfro,jonny parsons,0,DEC,8.0,3.0,2.0,1.0,0.375,0.3333333333333333,0.25,0.3333333333333333,0.125,0.0,0.625,0.6666666666666666,1.0,0.3333333333333333,0.375,0.3333333333333333,0.375,0.3333333333333333,1.0,0.0,591.6,803.5,1558.4778104351467,1526.9676168270473,1.0,2.0,0.0,0.5,0.0,0.0,0.0,0.5,803.5,591.6,1526.9676168270473,1558.4778104351467,31.51019360809937,-31.51019360809937,6.0,-6.0,0.0,0.0,0.0,0.0,0.625,0.3333333333333333,0.0,0.16666666666666666
2021-10-27,600011552,karine silva,yan qihui,1,SUB,1.0,0.0,0.0,0.0,1.0,0.0,0.0,0.0,1.0,0.0,0.0,0.0,1.0,0.0,1.0,0.0,1.0,0.0,0.0,0.0,187.0,0.0,1515.5953120216693,1500.0,0.0,0.0,0.0,0.0,0.0,0.0,0.0,0.0,0.0,187.0,1500.0,1515.5953120216693,15.595312021669315,-15.595312021669315,1.0,-1.0,0.0,0.0,0.0,0.0,0.0,0.0,0.0,0.0
2021-10-27,600011552,javid basharat,oron kahlon,1,SUB,12.0,13.0,0.0,1.0,1.0,1.0,0.4166666666666667,0.23076923076923078,0.5833333333333334,0.7692307692307693,0.0,0.0,1.0,1.0,0.6666666666666666,0.8461538461538461,0.6666666666666666,0.9230769230769231,1.0,1.0,259.3,201.15384615384616,1627.9744274511947,1616.1574387679873,1.0,0.0,1.0,0.0,0.0,0.0,1.0,0.0,201.15384615384616,259.3,1616.1574387679873,1627.9744274511947,11.816988683207455,-11.816988683207455,-2.0,2.0,0.0,0.0,0.5833333333333334,0.0,0.0,0.0,1.0,0.0
2021-10-27,600011552,kolton englund,manuel torres,0,KO_TKO,3.0,1.0,0.0,0.0,0.0,1.0,0.0,0.0,0.0,1.0,1.0,0.0,0.0,1.0,0.0,1.0,0.0,1.0,0.0,0.0,900.0,141.0,1538.6403145869128,1514.5549095929823,0.0,0.0,0.0,0.0,0.0,0.0,0.0,0.0,141.0,900.0,1514.5549095929823,1538.6403145869128,24.085404993930524,-24.085404993930524,2.0,-2.0,0.0,0.0,0.0,0.0,1.0,0.0,0.0,0.0
2021-10-27,600011552,xiao long,cristian quiñonez,0,DEC,0.0,8.0,0.0,1.0,0.0,0.625,0.0,0.625,0.0,0.0,0.0,0.375,0.0,0.75,0.0,0.125,0.0,0.25,0.0,0.0,0.0,685.25,1500.0,1589.0402286173435,1.0,0.0,1.0,0.0,1.0,0.0,0.0,0.0,685.25,0.0,1589.0402286173435,1500.0,-89.04022861734347,89.04022861734347,-9.0,9.0,0.0,0.0,0.0,0.0,0.0,0.375,0.0,0.0
2021-10-27,600011552,xie bin,olivier murad,0,DEC,0.0,6.0,0.0,0.0,0.0,0.6666666666666666,0.0,0.3333333333333333,0.0,0.3333333333333333,0.0,0.3333333333333333,0.0,0.6,0.0,0.5,0.0,0.5,0.0,1.0,0.0,546.6666666666666,1500.0,1565.4545631471426,0.0,0.0,0.0,0.0,0.0,0.0,0.0,0.0,546.6666666666666,0.0,1565.4545631471426,1500.0,-65.45456314714261,65.45456314714261,-6.0,6.0,0.0,0.0,0.0,0.0,0.0,0.3333333333333333,0.0,0.0
2021-10-27,600011552,jansey silva,gadzhi omargadzhiev,0,SUB,7.0,13.0,2.0,0.0,0.7142857142857143,0.8461538461538461,0.7142857142857143,0.5384615384615384,0.0,0.3076923076923077,0.2857142857142857,0.15384615384615385,1.0,0.8,0.42857142857142855,0.5384615384615384,0.42857142857142855,0.6923076923076923,0.0,1.0,446.875,348.75,1550.7940040149751,1632.6749035922812,0.0,2.0,0.0,1.0,0.0,0.5,0.0,0.5,348.75,446.875,1632.6749035922812,1550.7940040149751,-81.88089957730608,81.88089957730608,-4.0,4.0,0.0,0.2692307692307692,0.0,0.15384615384615385,0.2857142857142857,0.0,0.0,0.8461538461538461
2021-11-03,600011553,juan puerta,shang zhifa,1,DEC,23.0,0.0,7.0,0.0,0.5652173913043478,0.0,0.043478260869565216,0.0,0.5217391304347826,0.0,0.43478260869565216,0.0,0.4,0.0,0.30434782608695654,0.0,0.391304347826087,0.0,1.0,0.0,673.8333333333334,0.0,1657.6243376325747,1500.0,0.0,7.0,0.0,0.42857142857142855,0.0,0.2857142857142857,0.0,0.14285714285714285,0.0,673.8333333333334,1500.0,1657.6243376325747,157.62433763257468,-157.62433763257468,30.0,-30.0,0.0,0.0,0.0,0.0,0.43478260869565216,0.0,0.0,0.0
2021-11-03,600011553,jonas bilharinho,canaan kawaihae,1,KO_TKO,10.0,8.0,1.0,2.0,0.9,0.75,0.8,0.125,0.1,0.625,0.1,0.25,1.0,0.5,0.4,0.75,0.5,0.75,1.0,1.0,526.2727272727273,358.55555555555554,1610.7352666466631,1567.6268287024807,2.0,1.0,0.5,1.0,0.5,1.0,0.0,0.0,358.55555555555554,526.2727272727273,1567.6268287024807,1610.7352666466631,43.10843794418247,-43.10843794418247,1.0,-1.0,0.4,0.125,0.0,0.0,0.05,0.0,0.45,0.75
2021-11-03,600011553,yohan lainesse,justin burlinson,1,KO_TKO,2.0,10.0,0.0,1.0,1.0,1.0,1.0,0.1,0.0,0.9,0.0,0.0,1.0,1.0,0.5,0.9,1.0,0.7,0.0,1.0,267.0,233.0,1530.2715657773522,1593.8764015892093,1.0,0.0,1.0,0.0,1.0,0.0,0.0,0.0,233.0,267.0,1593.8764015892093,1530.2715657773522,-63.60483581185713,63.60483581185713,-9.0,9.0,1.0,0.0,0.0,0.0,0.0,0.0,1.0,0.0
2021-11-03,600011553,maheshate,achilles estremadura,1,DEC,0.0,0.0,0.0,0.0,0.0,0.0,0.0,0.0,0.0,0.0,0.0,0.0,0.0,0.0,0.0,0.0,0.0,0.0,0.0,0.0,0.0,0.0,1500.0,1500.0,0.0,0.0,0.0,0.0,0.0,0.0,0.0,0.0,0.0,0.0,1500.0,1500.0,0.0,0.0,0.0,0.0,0.0,0.0,0.0,0.0,0.0,0.0,0.0,0.0
2021-11-03,600011553,qiulun,erisson ferreira,0,DEC,0.0,12.0,0.0,2.0,0.0,0.9166666666666666,0.0,0.9166666666666666,0.0,0.0,0.0,0.08333333333333333,0.0,0.8,0.0,0.5833333333333334,0.0,0.5833333333333334,0.0,0.0,0.0,400.9230769230769,1500.0,1604.948825979979,2.0,0.0,0.0,0.0,0.0,0.0,0.0,0.0,400.9230769230769,0.0,1604.948825979979,1500.0,-104.94882597997889,104.94882597997889,-14.0,14.0,0.0,0.0,0.0,0.0,0.0,0.08333333333333333,0.0,0.0
2022-07-27,600021770,ozzy diaz,joe pyfer,0,KO_TKO,0.0,2.0,0.0,1.0,0.0,1.0,0.0,1.0,0.0,0.0,0.0,0.0,0.0,1.0,0.0,0.5,0.0,1.0,0.0,0.0,0.0,263.6666666666667,1500.0,1511.1664851415069,1.0,0.0,1.0,0.0,0.0,0.0,1.0,0.0,263.6666666666667,0.0,1511.1664851415069,1500.0,-11.166485141506882,11.166485141506882,-3.0,3.0,0.0,0.0,0.0,0.0,0.0,0.0,0.0,0.0
2022-07-27,600021770,kaleio romero,dennis buzukja,0,DEC,2.0,9.0,2.0,2.0,1.0,0.4444444444444444,0.5,0.4444444444444444,0.5,0.0,0.0,0.5555555555555556,1.0,0.25,1.0,0.4444444444444444,1.0,0.3333333333333333,1.0,0.0,349.75,657.7,1503.7030678211759,1573.0380874094615,2.0,2.0,0.0,0.5,0.0,0.5,0.0,0.0,657.7,349.75,1573.0380874094615,1503.7030678211759,-69.3350195882856,69.3350195882856,-7.0,7.0,0.0,0.2222222222222222,0.0,0.0,0.0,0.2777777777777778,0.0,0.2222222222222222
2022-07-27,600021770,anton turkalj,acácio dos santos,1,DEC,0.0,5.0,0.0,2.0,0.0,0.2,0.0,0.2,0.0,0.0,0.0,0.8,0.0,0.0,0.0,0.0,0.0,0.0,0.0,0.0,0.0,842.4285714285714,1500.0,1546.7461512996776,2.0,0.0,0.5,0.0,0.5,0.0,0.0,0.0,842.4285714285714,0.0,1546.7461512996776,1500.0,-46.74615129967765,46.74615129967765,-7.0,7.0,0.0,0.0,0.0,0.0,0.0,0.8,0.0,0.0
2022-07-27,600021770,alessandro costa,juan andres luna,1,DEC,4.0,0.0,0.0,0.0,0.75,0.0,0.25,0.0,0.5,0.0,0.25,0.0,0.75,0.0,0.75,0.0,0.75,0.0,1.0,0.0,307.75,0.0,1552.570075993143,1500.0,0.0,0.0,0.0,0.0,0.0,0.0,0.0,0.0,0.0,307.75,1500.0,1552.570075993143,52.570075993143064,-52.570075993143064,4.0,-4.0,0.0,0.0,0.0,0.0,0.25,0.0,0.0,0.0
2022-08-03,600021771,shimon smotritsky,billy ray goff,0,KO_TKO,1.0,0.0,2.0,0.0,1.0,0.0,1.0,0.0,0.0,0.0,0.0,0.0,1.0,0.0,1.0,0.0,0.0,0.0,0.0,0.0,128.0,0.0,1491.9685579374113,1500.0,0.0,2.0,0.0,1.0,0.0,0.5,0.0,0.5,0.0,128.0,1500.0,1491.9685579374113,-8.031442062588667,8.031442062588667,3.0,-3.0,0.0,0.0,0.0,0.0,0.0,0.0,0.0,0.0
2022-08-03,600021771,chris duncan,charlie campbell,1,KO_TKO,10.0,3.0,1.0,1.0,0.9,0.6666666666666666,0.8,0.6666666666666666,0.1,0.0,0.1,0.3333333333333333,0.75,0.6666666666666666,0.4,0.0,0.4,0.3333333333333333,1.0,0.0,394.2,468.3333333333333,1591.1596773005394,1526.7164681434501,1.0,1.0,1.0,1.0,1.0,1.0,0.0,0.0,468.3333333333333,394.2,1526.7164681434501,1591.1596773005394,64.44320915708931,-64.44320915708931,7.0,-7.0,0.8,0.6666666666666666,0.0,0.0,0.0,0.0,0.9,0.6666666666666666
2022-08-03,600021771,shannon ross,vinicius salvador,0,KO_TKO,14.0,14.0,6.0,5.0,0.5714285714285714,1.0,0.5,0.9285714285714286,0.07142857142857142,0.07142857142857142,0.42857142857142855,0.0,0.3333333333333333,1.0,0.2857142857142857,0.6428571428571429,0.35714285714285715,0.6428571428571429,1.0,1.0,602.3,332.6470588235294,1578.7107163434243,1596.0360090236352,5.0,6.0,0.8,0.5,0.6,0.3333333333333333,0.2,0.16666666666666666,332.6470588235294,602.3,1596.0360090236352,1578.7107163434243,-17.32529268021085,17.32529268021085,1.0,-1.0,0.3,0.30952380952380953,0.014285714285714285,0.011904761904761904,0.08571428571428569,0.0,0.45714285714285713,0.5
2022-08-03,600021771,danilo suzart,waldo cortes-acosta,0,KO_TKO,0.0,10.0,2.0,0.0,0.0,0.7,0.0,0.6,0.0,0.1,0.0,0.3,0.0,1.0,0.0,0.2,0.0,0.5,0.0,1.0,560.0,558.3333333333334,1480.697786225401,1614.0980462907326,0.0,2.0,0.0,0.5,0.0,0.5,0.0,0.0,558.3333333333334,560.0,1614.0980462907326,1480.697786225401,-133.40026006533162,133.40026006533162,-8.0,8.0,0.0,0.3,0.0,0.0,0.0,0.15,0.0,0.35
2022-08-03,600021771,francis marshall,connor matthews,1,DEC,2.0,5.0,0.0,1.0,0.5,1.0,0.0,0.2,0.5,0.8,0.5,0.0,0.5,1.0,0.0,1.0,0.0,1.0,0.0,1.0,853.0,201.66666666666666,1525.7900926138811,1536.700135955118,1.0,0.0,0.0,0.0,0.0,0.0,0.0,0.0,201.66666666666666,853.0,1536.700135955118,1525.7900926138811,-10.910043341236815,10.910043341236815,-4.0,4.0,0.0,0.0,0.0,0.0,0.5,0.0,0.0,0.0
2022-08-10,600021772,jamal pogues,paulo renato jr.,1,DEC,10.0,0.0,5.0,2.0,0.5,0.0,0.4,0.0,0.1,0.0,0.5,0.0,0.0,0.0,0.5,0.0,0.3,0.0,1.0,0.0,652.9166666666666,519.0,1562.8935657724876,1478.7176420604292,2.0,5.0,0.5,1.0,0.0,0.2,0.5,0.8,519.0,652.9166666666666,1478.7176420604292,1562.8935657724876,84.17592371205842,-84.17592371205842,13.0,-13.0,0.0,0.0,0.05,0.0,0.25,0.0,0.25,0.0
2022-08-10,600021772,karolina wojcik,sandra lavado,1,DEC,11.0,10.0,2.0,3.0,0.18181818181818182,0.4,0.18181818181818182,0.0,0.0,0.4,0.8181818181818182,0.6,0.0,0.0,0.0,0.2,0.0,0.2,0.0,0.0,937.1818181818181,744.0769230769231,1593.782263252874,1566.2500601791219,3.0,2.0,0.0,0.0,0.0,0.0,0.0,0.0,744.0769230769231,937.1818181818181,1566.2500601791219,1593.782263252874,27.532203073752044,-27.532203073752044,0.0,0.0,0.0,0.0,0.0,0.0,0.8181818181818182,0.6,0.0,0.0
2022-08-10,600021772,édgar cháirez,clayton carpenter,0,DEC,8.0,7.0,4.0,0.0,1.0,0.7142857142857143,0.5,0.42857142857142855,0.5,0.2857142857142857,0.0,0.2857142857142857,1.0,0.6,0.75,0.5714285714285714,0.875,0.5714285714285714,1.0,1.0,440.4166666666667,410.7142857142857,1537.0575501706571,1579.1771146349006,0.0,4.0,0.0,0.5,0.0,0.0,0.0,0.5,410.7142857142857,440.4166666666667,1579.1771146349006,1537.0575501706571,-42.11956446424347,42.11956446424347,5.0,-5.0,0.0,0.0,0.0,0.14285714285714285,0.0,0.14285714285714285,0.0,0.35714285714285715
2022-08-10,600021772,erik silva,anvar boynazarov,1,KO_TKO,2.0,4.0,0.0,1.0,1.0,1.0,0.5,1.0,0.5,0.0,0.0,0.0,1.0,1.0,1.0,1.0,1.0,1.0,1.0,0.0,161.0,60.6,1528.8038268303321,1531.3002006028541,1.0,0.0,1.0,0.0,1.0,0.0,0.0,0.0,60.6,161.0,1531.3002006028541,1528.8038268303321,-2.49637377252202,2.49637377252202,-3.0,3.0,0.5,0.0,0.0,0.0,0.0,0.0,1.0,0.0
2022-08-10,600021772,bo nickal,zachary borrego,1,SUB,0.0,1.0,0.0,0.0,0.0,0.0,0.0,0.0,0.0,0.0,0.0,1.0,0.0,0.0,0.0,0.0,0.0,0.0,0.0,0.0,0.0,900.0,1500.0,1510.0739277706518,0.0,0.0,0.0,0.0,0.0,0.0,0.0,0.0,900.0,0.0,1510.0739277706518,1500.0,-10.073927770651835,10.073927770651835,-1.0,1.0,0.0,0.0,0.0,0.0,0.0,1.0,0.0,0.0
2022-08-17,600021773,jose johnson,jack cartwright,1,DEC,16.0,16.0,8.0,1.0,0.6875,0.6875,0.5,0.3125,0.1875,0.375,0.3125,0.1875,0.5,0.5,0.5625,0.6875,0.625,0.6875,1.0,1.0,462.9583333333333,467.4117647058824,1597.1642227357877,1655.4108154860892,1.0,8.0,0.0,0.5,0.0,0.125,0.0,0.375,467.4117647058824,462.9583333333333,1655.4108154860892,1597.1642227357877,-58.24659275030149,58.24659275030149,7.0,-7.0,0.0,0.0390625,0.0,0.140625,0.3125,0.09375,0.0,0.34375
2022-08-17,600021773,hailey cowan,claudia leite,1,DEC,14.0,2.0,4.0,1.0,0.6428571428571429,0.5,0.42857142857142855,0.0,0.21428571428571427,0.5,0.35714285714285715,0.0,0.3333333333333333,0.5,0.14285714285714285,0.0,0.42857142857142855,0.0,1.0,0.0,494.94444444444446,1092.3333333333333,1590.7722140307887,1513.4181212578173,1.0,4.0,0.0,1.0,0.0,0.0,0.0,1.0,1092.3333333333333,494.94444444444446,1513.4181212578173,1590.7722140307887,77.3540927729714,-77.3540927729714,15.0,-15.0,0.0,0.0,0.0,0.5,0.35714285714285715,0.0,0.0,0.5
2022-08-17,600021773,claudio ribeiro,ivan valenzuela,1,KO_TKO,3.0,0.0,2.0,0.0,1.0,0.0,1.0,0.0,0.0,0.0,0.0,0.0,1.0,0.0,0.6666666666666666,0.0,0.6666666666666666,0.0,0.0,0.0,509.4,0.0,1519.0377933216982,1500.0,0.0,2.0,0.0,0.5,0.0,0.0,0.0,0.5,0.0,509.4,1500.0,1519.0377933216982,19.037793321698246,-19.037793321698246,5.0,-5.0,0.0,0.0,0.0,0.0,0.0,0.0,0.0,0.0
2022-08-17,600021773,nazim sadykhov,ahmad hassanzada,1,KO_TKO,1.0,0.0,0.0,0.0,0.0,0.0,0.0,0.0,0.0,0.0,1.0,0.0,0.0,0.0,0.0,0.0,0.0,0.0,0.0,0.0,900.0,0.0,1512.39730899995,1500.0,0.0,0.0,0.0,0.0,0.0,0.0,0.0,0.0,0.0,900.0,1500.0,1512.39730899995,12.397308999949928,-12.397308999949928,1.0,-1.0,0.0,0.0,0.0,0.0,1.0,0.0,0.0,0.0
2022-08-17,600021773,thomas paull,esteban ribovics,0,KO_TKO,11.0,11.0,4.0,0.0,1.0,1.0,1.0,0.5454545454545454,0.0,0.45454545454545453,0.0,0.0,1.0,1.0,0.7272727272727273,0.5454545454545454,0.9090909090909091,0.5454545454545454,0.0,1.0,228.6,367.45454545454544,1569.7190548830727,1617.675145960678,0.0,4.0,0.0,1.0,0.0,0.5,0.0,0.5,367.45454545454544,228.6,1617.675145960678,1569.7190548830727,-47.95609107760538,47.95609107760538,4.0,-4.0,0.0,0.2727272727272727,0.0,0.22727272727272727,0.0,0.0,0.0,1.0
2022-08-24,600022207,amiran gogoladze,darrius flowers,0,SUB,12.0,8.0,3.0,3.0,0.8333333333333334,0.875,0.5,0.75,0.3333333333333333,0.125,0.16666666666666666,0.125,1.0,0.75,0.75,0.875,0.75,0.875,1.0,1.0,307.8,270.3636363636364,1593.0496275228513,1572.2399226185394,3.0,3.0,1.0,0.3333333333333333,0.0,0.0,1.0,0.3333333333333333,270.3636363636364,307.8,1572.2399226185394,1593.0496275228513,20.809704904311957,-20.809704904311957,4.0,-4.0,0.0,0.0,0.3333333333333333,0.041666666666666664,0.0,0.08333333333333334,0.8333333333333334,0.29166666666666663
2022-08-24,600022207,rayanne dos santos,denise gomes,0,DEC,2.0,0.0,2.0,0.0,0.5,0.0,0.5,0.0,0.0,0.0,0.5,0.0,0.5,0.0,0.0,0.0,0.0,0.0,0.0,0.0,591.0,0.0,1502.4544761088346,1500.0,0.0,2.0,0.0,1.0,0.0,0.5,0.0,0.5,0.0,591.0,1500.0,1502.4544761088346,2.4544761088345695,-2.4544761088345695,4.0,-4.0,0.0,0.0,0.0,0.0,0.5,0.0,0.0,0.0
2022-08-24,600022207,erisson ferreira,jesus aguilar,0,SUB,12.0,0.0,3.0,0.0,0.9166666666666666,0.0,0.9166666666666666,0.0,0.0,0.0,0.08333333333333333,0.0,0.75,0.0,0.5833333333333334,0.0,0.5833333333333334,0.0,0.0,0.0,423.42857142857144,0.0,1589.48649376274,1500.0,0.0,3.0,0.0,0.3333333333333333,0.0,0.0,0.0,0.3333333333333333,0.0,423.42857142857144,1500.0,1589.48649376274,89.48649376274011,-89.48649376274011,15.0,-15.0,0.0,0.0,0.0,0.0,0.08333333333333333,0.0,0.0,0.0
2022-08-24,600022207,eduardo neves,mick parkin,0,SUB,8.0,6.0,1.0,0.0,1.0,1.0,1.0,0.8333333333333334,0.0,0.16666666666666666,0.0,0.0,1.0,1.0,0.625,0.6666666666666666,0.625,0.8333333333333334,0.0,1.0,183.0,229.33333333333334,1574.2867185993425,1560.9525787300813,0.0,1.0,0.0,1.0,0.0,0.0,0.0,1.0,229.33333333333334,183.0,1560.9525787300813,1574.2867185993425,13.334139869261207,-13.334139869261207,3.0,-3.0,0.0,0.0,0.0,0.16666666666666666,0.0,0.0,0.0,1.0
2022-08-24,600022207,josh wang-kim,cameron saaiman,0,KO_TKO,3.0,0.0,2.0,0.0,1.0,0.0,0.6666666666666666,0.0,0.3333333333333333,0.0,0.0,0.0,1.0,0.0,0.3333333333333333,0.0,0.3333333333333333,0.0,1.0,0.0,518.8,0.0,1512.0543424598102,1500.0,0.0,2.0,0.0,0.0,0.0,0.0,0.0,0.0,0.0,518.8,1500.0,1512.0543424598102,12.054342459810186,-12.054342459810186,5.0,-5.0,0.0,0.0,0.0,0.0,0.0,0.0,0.0,0.0
2022-08-31,600022208,alexander morgan,blake bilder,0,SUB,0.0,3.0,0.0,0.0,0.0,1.0,0.0,0.3333333333333333,0.0,0.6666666666666666,0.0,0.0,0.0,1.0,0.0,0.3333333333333333,0.0,0.3333333333333333,0.0,1.0,0.0,514.6666666666666,1500.0,1540.4704837832735,0.0,0.0,0.0,0.0,0.0,0.0,0.0,0.0,514.6666666666666,0.0,1540.4704837832735,1500.0,-40.470483783273494,40.470483783273494,-3.0,3.0,0.0,0.0,0.0,0.0,0.0,0.0,0.0,0.0
2022-08-31,600022208,rodrigo lidio,mateusz rębecki,0,SUB,13.0,8.0,3.0,1.0,1.0,0.875,0.8461538461538461,0.625,0.15384615384615385,0.25,0.0,0.125,1.0,0.8,0.5384615384615384,0.5,0.6923076923076923,0.5,1.0,1.0,379.0,574.6666666666666,1604.1340377990214,1596.6715442058546,1.0,3.0,1.0,1.0,1.0,0.3333333333333333,0.0,0.6666666666666666,574.6666666666666,379.0,1596.6715442058546,1604.1340377990214,7.462493593166755,-7.462493593166755,7.0,-7.0,0.8461538461538461,0.20833333333333331,0.0,0.16666666666666666,0.0,0.0,1.0,0.875
2022-08-31,600022208,viktoriia dudakova,maria silva,1,DEC,0.0,2.0,0.0,0.0,0.0,0.5,0.0,0.0,0.0,0.5,0.0,0.5,0.0,0.5,0.0,0.0,0.0,0.0,0.0,0.0,0.0,782.0,1500.0,1527.1314476230311,0.0,0.0,0.0,0.0,0.0,0.0,0.0,0.0,782.0,0.0,1527.1314476230311,1500.0,-27.131447623031136,27.131447623031136,-2.0,2.0,0.0,0.0,0.0,0.0,0.0,0.5,0.0,0.0
2022-08-31,600022208,matej penaz,sedriques dumas,0,SUB,12.0,1.0,1.0,0.0,0.8333333333333334,1.0,0.8333333333333334,0.0,0.0,1.0,0.16666666666666666,0.0,0.5,1.0,0.6666666666666666,1.0,0.3333333333333333,1.0,0.0,0.0,306.14285714285717,47.0,1605.5773314603825,1516.036866217204,0.0,1.0,0.0,1.0,0.0,0.0,0.0,1.0,47.0,306.14285714285717,1516.036866217204,1605.5773314603825,89.54046524317846,-89.54046524317846,12.0,-12.0,0.0,0.0,0.0,1.0,0.16666666666666666,0.0,0.0,1.0
2022-08-31,600022208,yusaku kinoshita,jose henrique,1,KO_TKO,1.0,0.0,2.0,1.0,1.0,0.0,1.0,0.0,0.0,0.0,0.0,0.0,1.0,0.0,0.0,0.0,0.0,0.0,0.0,0.0,548.5,500.0,1498.3783935257802,1488.0,1.0,2.0,1.0,0.0,1.0,0.0,0.0,0.0,500.0,548.5,1488.0,1498.3783935257802,10.378393525780211,-10.378393525780211,2.0,-2.0,1.0,0.0,0.0,0.0,0.0,0.0,1.0,0.0
2022-09-07,600022209,ismael bonfim,nariman abbasov,1,DEC,24.0,6.0,4.0,3.0,0.625,0.3333333333333333,0.4166666666666667,0.16666666666666666,0.20833333333333334,0.16666666666666666,0.375,0.6666666666666666,0.0,0.5,0.25,0.3333333333333333,0.2916666666666667,0.3333333333333333,1.0,1.0,522.6521739130435,552.6666666666666,1701.512499999081,1550.02126821931,3.0,4.0,0.6666666666666666,1.0,0.0,0.0,0.6666666666666666,1.0,552.6666666666666,522.6521739130435,1550.02126821931,1701.512499999081,151.49123177977094,-151.49123177977094,19.0,-19.0,0.0,0.0,0.1388888888888889,0.16666666666666666,0.125,0.0,0.41666666666666663,0.3333333333333333
2022-09-07,600022209,jimmy lawson,karl williams,0,DEC,2.0,3.0,1.0,1.0,1.0,0.3333333333333333,1.0,0.3333333333333333,0.0,0.0,0.0,0.6666666666666666,1.0,0.3333333333333333,1.0,0.3333333333333333,1.0,0.3333333333333333,0.0,0.0,312.0,409.3333333333333,1513.0523770604466,1527.1155189567114,1.0,1.0,1.0,0.0,0.0,0.0,1.0,0.0,409.3333333333333,312.0,1527.1155189567114,1513.0523770604466,-14.063141896264824,14.063141896264824,-1.0,1.0,0.0,0.0,0.0,0.0,0.0,0.6666666666666666,1.0,0.0
2022-09-07,600022209,trey waters,gabriel bonfim,0,SUB,7.0,15.0,1.0,0.0,0.8571428571428571,1.0,0.42857142857142855,0.26666666666666666,0.42857142857142855,0.7333333333333333,0.14285714285714285,0.0,0.75,1.0,0.2857142857142857,0.4666666666666667,0.42857142857142855,0.4666666666666667,1.0,1.0,557.125,381.53333333333336,1567.9042657987895,1651.2805731134135,0.0,1.0,0.0,1.0,0.0,0.0,0.0,1.0,381.53333333333336,557.125,1651.2805731134135,1567.9042657987895,-83.376307314624,83.376307314624,-7.0,7.0,0.0,0.0,0.0,0.7333333333333333,0.14285714285714285,0.0,0.0,1.0
2022-09-07,600022209,nayara maia,tereza bleda,0,DEC,2.0,2.0,0.0,0.0,0.0,0.0,0.0,0.0,0.0,0.0,1.0,1.0,0.0,0.0,0.0,0.0,0.0,0.0,0.0,0.0,1200.0,900.0,1526.024175598133,1525.9367357643278,0.0,0.0,0.0,0.0,0.0,0.0,0.0,0.0,900.0,1200.0,1525.9367357643278,1526.024175598133,0.08743983380531972,-0.08743983380531972,1.0,-1.0,0.0,0.0,0.0,0.0,1.0,1.0,0.0,0.0
2022-09-07,600022209,vitor petrino,rodolfo bellato,1,KO_TKO,2.0,2.0,0.0,0.0,0.5,1.0,0.5,0.0,0.0,1.0,0.5,0.0,0.5,1.0,0.0,1.0,0.0,1.0,0.0,0.0,708.0,298.0,1528.3220155195668,1527.7624145516836,0.0,0.0,0.0,0.0,0.0,0.0,0.0,0.0,298.0,708.0,1527.7624145516836,1528.3220155195668,0.5596009678831706,-0.5596009678831706,0.0,0.0,0.0,0.0,0.0,0.0,0.5,0.0,0.0,0.0
2022-09-14,600022210,bruna brasil,marnic mann,1,KO_TKO,9.0,7.0,2.0,1.0,0.5555555555555556,0.7142857142857143,0.3333333333333333,0.42857142857142855,0.2222222222222222,0.2857142857142857,0.4444444444444444,0.2857142857142857,0.6,0.5,0.1111111111111111,0.2857142857142857,0.2222222222222222,0.14285714285714285,1.0,1.0,642.8333333333334,710.5714285714286,1583.5819504422475,1562.0256408533944,1.0,2.0,1.0,1.0,1.0,1.0,0.0,0.0,710.5714285714286,642.8333333333334,1562.0256408533944,1583.5819504422475,21.556309588853082,-21.556309588853082,4.0,-4.0,0.3333333333333333,0.42857142857142855,0.0,0.0,0.0,0.0,0.5555555555555556,0.7142857142857143
2022-09-14,600022210,ikram aliskerov,mario sousa,1,SUB,6.0,15.0,0.0,3.0,0.6666666666666666,0.9333333333333333,0.16666666666666666,0.6666666666666666,0.5,0.26666666666666666,0.3333333333333333,0.06666666666666667,0.8,1.0,0.16666666666666666,0.8,0.3333333333333333,0.6666666666666666,1.0,1.0,551.3333333333334,311.875,1578.9114397414075,1614.38928925075,3.0,0.0,0.6666666666666666,0.0,0.3333333333333333,0.0,0.3333333333333333,0.0,311.875,551.3333333333334,1614.38928925075,1578.9114397414075,-35.47784950934238,35.47784950934238,-12.0,12.0,0.05555555555555555,0.0,0.16666666666666666,0.0,0.11111111111111112,0.06666666666666667,0.4444444444444444,0.0
2022-09-14,600022210,daniel marcos,brandon lewis,1,DEC,6.0,0.0,0.0,1.0,0.3333333333333333,0.0,0.3333333333333333,0.0,0.0,0.0,0.6666666666666666,0.0,0.4,0.0,0.0,0.0,0.0,0.0,0.0,0.0,780.6666666666666,900.0,1571.559321625975,1490.6939580943856,1.0,0.0,0.0,0.0,0.0,0.0,0.0,0.0,900.0,780.6666666666666,1490.6939580943856,1571.559321625975,80.86536353158931,-80.86536353158931,5.0,-5.0,0.0,0.0,0.0,0.0,0.6666666666666666,0.0,0.0,0.0
2022-09-14,600022210,allan begosso,farid basharat,0,DEC,9.0,10.0,3.0,0.0,0.8888888888888888,0.7,0.4444444444444444,0.1,0.4444444444444444,0.6,0.1111111111111111,0.3,1.0,0.6,0.8888888888888888,0.2,0.8888888888888888,0.2,1.0,1.0,524.3076923076923,575.6666666666666,1566.9340201616035,1605.7177607875933,0.0,3.0,0.0,0.0,0.0,0.0,0.0,0.0,575.6666666666666,524.3076923076923,1605.7177607875933,1566.9340201616035,-38.78374062598982,38.78374062598982,3.0,-3.0,0.0,0.0,0.0,0.0,0.1111111111111111,0.3,0.0,0.0
2022-09-14,600022210,trevor peek,malik lewis,1,KO_TKO,1.0,7.0,0.0,1.0,1.0,0.8571428571428571,1.0,0.7142857142857143,0.0,0.14285714285714285,0.0,0.14285714285714285,1.0,1.0,0.0,0.42857142857142855,0.0,0.7142857142857143,0.0,1.0,457.0,405.25,1514.61596642035,1562.3592269350145,1.0,0.0,1.0,0.0,1.0,0.0,0.0,0.0,405.25,457.0,1562.3592269350145,1514.61596642035,-47.74326051466437,47.74326051466437,-7.0,7.0,1.0,0.0,0.0,0.0,0.0,0.14285714285714285,1.0,0.0
2022-09-21,600022211,richard jacobi,austen lane,0,KO_TKO,6.0,2.0,1.0,3.0,0.8333333333333334,1.0,0.8333333333333334,1.0,0.0,0.0,0.16666666666666666,0.0,1.0,1.0,0.8333333333333334,1.0,0.8333333333333334,1.0,0.0,0.0,417.0,186.0,1542.6156238408266,1498.4626521619473,3.0,1.0,1.0,1.0,1.0,1.0,0.0,0.0,186.0,417.0,1498.4626521619473,1542.6156238408266,44.15297167887934,-44.15297167887934,4.0,-4.0,0.8333333333333334,1.0,0.0,0.0,0.0,0.0,0.8333333333333334,1.0
2022-09-21,600022211,nurullo aliev,josh wick,1,KO_TKO,1.0,12.0,0.0,7.0,1.0,0.8333333333333334,1.0,0.25,0.0,0.5833333333333334,0.0,0.16666666666666666,1.0,1.0,1.0,0.4166666666666667,1.0,0.5833333333333334,0.0,1.0,276.0,605.7222222222222,1513.9785454519342,1543.8339432817406,7.0,0.0,0.14285714285714285,0.0,0.14285714285714285,0.0,0.0,0.0,605.7222222222222,276.0,1543.8339432817406,1513.9785454519342,-29.855397829806407,29.855397829806407,-18.0,18.0,0.14285714285714285,0.0,0.0,0.0,0.0,0.16666666666666666,0.14285714285714285,0.0
2022-09-21,600022211,jafel filho,roybert echeverria,1,KO_TKO,14.0,7.0,2.0,1.0,0.9285714285714286,0.7142857142857143,0.35714285714285715,0.5714285714285714,0.5714285714285714,0.14285714285714285,0.07142857142857142,0.2857142857142857,1.0,0.75,0.42857142857142855,0.7142857142857143,0.5,0.7142857142857143,1.0,1.0,509.3125,384.125,1626.7814856698494,1562.5004990605014,1.0,2.0,1.0,0.5,1.0,0.0,0.0,0.5,384.125,509.3125,1562.5004990605014,1626.7814856698494,64.28098660934802,-64.28098660934802,8.0,-8.0,0.35714285714285715,0.0,0.0,0.07142857142857142,0.0,0.14285714285714285,0.9285714285714286,0.35714285714285715
2022-09-21,600022211,brunno ferreira,leon aliu,1,KO_TKO,3.0,11.0,0.0,2.0,1.0,1.0,0.6666666666666666,0.6363636363636364,0.3333333333333333,0.36363636363636365,0.0,0.0,1.0,1.0,1.0,0.8181818181818182,1.0,0.8181818181818182,1.0,1.0,202.0,323.25,1542.432635682491,1589.5565476499369,2.0,0.0,0.5,0.0,0.5,0.0,0.0,0.0,323.25,202.0,1589.5565476499369,1542.432635682491,-47.12391196744579,47.12391196744579,-10.0,10.0,0.3333333333333333,0.0,0.0,0.0,0.0,0.0,0.5,0.0
2022-09-21,600022211,mando gutierrez,raul rosas jr.,0,DEC,2.0,1.0,2.0,0.0,1.0,1.0,0.0,1.0,1.0,0.0,0.0,0.0,1.0,1.0,1.0,1.0,1.0,1.0,0.0,0.0,341.5,131.0,1502.5534605538235,1511.1363635159103,0.0,2.0,0.0,1.0,0.0,0.0,0.0,1.0,131.0,341.5,1511.1363635159103,1502.5534605538235,-8.582902962086791,8.582902962086791,3.0,-3.0,0.0,0.0,0.0,0.0,0.0,0.0,0.0,1.0
2022-09-28,600022212,mateus mendonca,ashiek ajim,1,KO_TKO,6.0,6.0,0.0,2.0,0.5,0.8333333333333334,0.16666666666666666,0.6666666666666666,0.3333333333333333,0.16666666666666666,0.5,0.16666666666666666,0.4,1.0,0.5,0.8333333333333334,0.5,0.8333333333333334,1.0,1.0,528.6666666666666,230.625,1575.8808661458083,1541.7161017971364,2.0,0.0,1.0,0.0,1.0,0.0,0.0,0.0,230.625,528.6666666666666,1541.7161017971364,1575.8808661458083,34.16476434867195,-34.16476434867195,-2.0,2.0,0.16666666666666666,0.0,0.0,0.0,0.0,0.16666666666666666,0.5,0.0
2022-09-28,600022212,rafael estevam,joao elias,1,KO_TKO,12.0,17.0,0.0,4.0,0.6666666666666666,0.7058823529411765,0.4166666666666667,0.058823529411764705,0.25,0.6470588235294118,0.3333333333333333,0.29411764705882354,0.8,1.0,0.08333333333333333,0.5882352941176471,0.4166666666666667,0.7058823529411765,1.0,1.0,603.1666666666666,407.1304347826087,1633.4797100820006,1619.9243354749703,4.0,0.0,1.0,0.0,0.5,0.0,0.5,0.0,407.1304347826087,603.1666666666666,1619.9243354749703,1633.4797100820006,13.555374607030217,-13.555374607030217,-11.0,11.0,0.20833333333333334,0.0,0.125,0.0,0.0,0.29411764705882354,0.6666666666666666,0.0
2022-09-28,600022212,bo nickal,donovan beard,1,SUB,0.0,1.0,0.0,1.0,0.0,1.0,0.0,0.0,0.0,1.0,0.0,0.0,0.0,1.0,0.0,1.0,0.0,1.0,0.0,0.0,0.0,557.0,1500.0,1500.9580943987091,1.0,0.0,0.0,0.0,0.0,0.0,0.0,0.0,557.0,0.0,1500.9580943987091,1500.0,-0.9580943987091359,0.9580943987091359,-2.0,2.0,0.0,0.0,0.0,0.0,0.0,0.0,0.0,0.0
2022-09-28,600022212,sam patterson,vinicius cenci,1,SUB,3.0,0.0,0.0,0.0,1.0,0.0,0.3333333333333333,0.0,0.6666666666666666,0.0,0.0,0.0,1.0,0.0,0.0,0.0,0.3333333333333333,0.0,1.0,0.0,499.3333333333333,0.0,1536.6410943541912,1500.0,0.0,0.0,0.0,0.0,0.0,0.0,0.0,0.0,0.0,499.3333333333333,1500.0,1536.6410943541912,36.64109435419118,-36.64109435419118,3.0,-3.0,0.0,0.0,0.0,0.0,0.0,0.0,0.0,0.0
2022-09-28,600022212,emiliano linares,jack jenkins,0,KO_TKO,0.0,0.0,0.0,1.0,0.0,0.0,0.0,0.0,0.0,0.0,0.0,0.0,0.0,0.0,0.0,0.0,0.0,0.0,0.0,0.0,0.0,246.0,1500.0,1487.999029197486,1.0,0.0,1.0,0.0,0.0,0.0,1.0,0.0,246.0,0.0,1487.999029197486,1500.0,12.000970802514075,-12.000970802514075,-1.0,1.0,0.0,0.0,0.0,0.0,0.0,0.0,0.0,0.0
2023-08-08,600036332,kevin borjas,victor dias,1,DEC,9.0,11.0,1.0,2.0,1.0,0.6363636363636364,1.0,0.09090909090909091,0.0,0.5454545454545454,0.0,0.2727272727272727,1.0,0.8,0.5555555555555556,0.2727272727272727,0.7777777777777778,0.36363636363636365,0.0,1.0,317.1111111111111,676.3636363636364,1589.507615614153,1599.637931645631,2.0,1.0,0.0,1.0,0.0,0.0,0.0,1.0,676.3636363636364,317.1111111111111,1599.637931645631,1589.507615614153,-10.130316031477832,10.130316031477832,-3.0,3.0,0.0,0.0,0.0,0.5454545454545454,0.0,0.0,0.0,0.6363636363636364
2023-08-08,600036332,payton talbott,reyes cortez jr.,1,DEC,2.0,2.0,0.0,1.0,1.0,0.0,1.0,0.0,0.0,0.0,0.0,1.0,1.0,0.0,0.0,0.0,0.0,0.0,0.0,0.0,578.5,900.0,1524.4382603609038,1516.1629287322444,1.0,0.0,0.0,0.0,0.0,0.0,0.0,0.0,900.0,578.5,1516.1629287322444,1524.4382603609038,8.275331628659387,-8.275331628659387,-1.0,1.0,0.0,0.0,0.0,0.0,0.0,1.0,0.0,0.0
2023-08-08,600036332,kevin szaflarski,caio machado,0,DEC,11.0,24.0,1.0,12.0,0.8181818181818182,0.75,0.36363636363636365,0.5,0.45454545454545453,0.25,0.18181818181818182,0.25,0.6,0.3333333333333333,0.8181818181818182,0.4583333333333333,0.6363636363636364,0.5833333333333334,1.0,1.0,294.3,567.5945945945946,1605.7891211927636,1606.0774930312916,12.0,1.0,0.5,1.0,0.4166666666666667,1.0,0.08333333333333333,0.0,567.5945945945946,294.3,1606.0774930312916,1605.7891211927636,-0.2883718385280645,0.2883718385280645,-25.0,25.0,0.15151515151515152,0.5,0.03787878787878787,0.0,0.09090909090909091,0.0,0.4090909090909091,0.75
2023-08-08,600036332,lucas fernando,cesar almeida,0,DEC,13.0,0.0,1.0,0.0,0.7692307692307693,0.0,0.6153846153846154,0.0,0.15384615384615385,0.0,0.23076923076923078,0.0,0.8,0.0,0.6153846153846154,0.0,0.5384615384615384,0.0,1.0,0.0,533.9230769230769,0.0,1632.1356577951935,1500.0,0.0,1.0,0.0,0.0,0.0,0.0,0.0,0.0,0.0,533.9230769230769,1500.0,1632.1356577951935,132.13565779519354,-132.13565779519354,14.0,-14.0,0.0,0.0,0.0,0.0,0.23076923076923078,0.0,0.0,0.0
2023-08-08,600036332,bogdan grad,tom nolan,0,KO_TKO,11.0,0.0,1.0,0.0,0.8181818181818182,0.0,0.6363636363636364,0.0,0.18181818181818182,0.0,0.18181818181818182,0.0,0.8,0.0,0.6363636363636364,0.0,0.6363636363636364,0.0,1.0,0.0,424.1666666666667,0.0,1603.7437358974391,1500.0,0.0,1.0,0.0,0.0,0.0,0.0,0.0,0.0,0.0,424.1666666666667,1500.0,1603.7437358974391,103.74373589743914,-103.74373589743914,12.0,-12.0,0.0,0.0,0.0,0.0,0.18181818181818182,0.0,0.0,0.0
2023-08-15,600036492,paulo renato jr.,ibo aslan,0,KO_TKO,0.0,0.0,2.0,0.0,0.0,0.0,0.0,0.0,0.0,0.0,0.0,0.0,0.0,0.0,0.0,0.0,0.0,0.0,0.0,0.0,519.0,0.0,1478.7176420604292,1500.0,0.0,2.0,0.0,0.5,0.0,0.0,0.0,0.5,0.0,519.0,1500.0,1478.7176420604292,-21.28235793957083,21.28235793957083,2.0,-2.0,0.0,0.0,0.0,0.0,0.0,0.0,0.0,0.0
2023-08-15,600036492,george hardwick,abdul-kareem al-selwady,0,DEC,21.0,15.0,2.0,3.0,0.7619047619047619,0.7333333333333333,0.47619047619047616,0.5333333333333333,0.2857142857142857,0.2,0.23809523809523808,0.26666666666666666,1.0,0.6,0.14285714285714285,0.4666666666666667,0.19047619047619047,0.6,1.0,1.0,616.3333333333334,466.47058823529414,1690.767208889268,1618.6826339338668,3.0,2.0,1.0,0.0,1.0,0.0,0.0,0.0,466.47058823529414,616.3333333333334,1618.6826339338668,1690.767208889268,72.0845749554012,-72.0845749554012,5.0,-5.0,0.47619047619047616,0.0,0.0,0.0,0.0,0.26666666666666666,0.7619047619047619,0.0
2023-08-15,600036492,cameron smotherman,charalampos grigoriou,0,KO_TKO,1.0,0.0,1.0,1.0,1.0,0.0,1.0,0.0,0.0,0.0,0.0,0.0,1.0,0.0,0.0,0.0,0.0,0.0,0.0,0.0,774.0,761.0,1502.267238887996,1490.5256643534583,1.0,1.0,1.0,0.0,1.0,0.0,0.0,0.0,761.0,774.0,1490.5256643534583,1502.267238887996,11.741574534537676,-11.741574534537676,1.0,-1.0,1.0,0.0,0.0,0.0,0.0,0.0,1.0,0.0
2023-08-15,600036492,emrah sonmez,hyder amil,0,DEC,16.0,13.0,6.0,0.0,0.6875,0.6923076923076923,0.5,0.5384615384615384,0.1875,0.15384615384615385,0.3125,0.3076923076923077,0.5,0.6,0.5,0.15384615384615385,0.5,0.3076923076923077,1.0,1.0,514.952380952381,533.3,1591.6576261872513,1633.4316585267552,0.0,6.0,0.0,0.5,0.0,0.16666666666666666,0.0,0.3333333333333333,533.3,514.952380952381,1633.4316585267552,1591.6576261872513,-41.77403233950395,41.77403233950395,9.0,-9.0,0.0,0.08974358974358973,0.0,0.05128205128205128,0.3125,0.15384615384615385,0.0,0.34615384615384615
2023-08-15,600036492,janaina silva,eduarda moura,0,SUB,3.0,1.0,0.0,0.0,0.3333333333333333,1.0,0.3333333333333333,1.0,0.0,0.0,0.6666666666666666,0.0,0.3333333333333333,1.0,0.0,0.0,0.0,0.0,0.0,0.0,786.3333333333334,500.0,1536.3029787680966,1513.1568308687022,0.0,0.0,0.0,0.0,0.0,0.0,0.0,0.0,500.0,786.3333333333334,1513.1568308687022,1536.3029787680966,23.146147899394464,-23.146147899394464,2.0,-2.0,0.0,0.0,0.0,0.0,0.6666666666666666,0.0,0.0,0.0
2023-08-23,600036493,isis verbeek,josefine knutsson,0,DEC,0.0,0.0,0.0,0.0,0.0,0.0,0.0,0.0,0.0,0.0,0.0,0.0,0.0,0.0,0.0,0.0,0.0,0.0,0.0,0.0,0.0,0.0,1500.0,1500.0,0.0,0.0,0.0,0.0,0.0,0.0,0.0,0.0,0.0,0.0,1500.0,1500.0,0.0,0.0,0.0,0.0,0.0,0.0,0.0,0.0,0.0,0.0,0.0,0.0
2023-08-23,600036493,kaik brito,oban elliott,0,DEC,20.0,22.0,6.0,4.0,1.0,0.6818181818181818,0.85,0.36363636363636365,0.15,0.3181818181818182,0.0,0.3181818181818182,1.0,0.0,0.65,0.5454545454545454,0.7,0.5454545454545454,1.0,1.0,401.95238095238096,472.61538461538464,1649.5786432087946,1666.6937682195894,4.0,6.0,1.0,0.16666666666666666,1.0,0.16666666666666666,0.0,0.0,472.61538461538464,401.95238095238096,1666.6937682195894,1649.5786432087946,-17.115125010794827,17.115125010794827,0.0,0.0,0.85,0.06060606060606061,0.0,0.0,0.0,0.26515151515151514,1.0,0.11363636363636362
2023-08-23,600036493,zachary reese,eli aronov,1,SUB,2.0,7.0,0.0,1.0,1.0,0.42857142857142855,0.5,0.14285714285714285,0.5,0.2857142857142857,0.0,0.5714285714285714,1.0,0.25,1.0,0.2857142857142857,1.0,0.2857142857142857,1.0,1.0,63.0,528.5714285714286,1524.2019642914534,1564.8945732930158,1.0,0.0,1.0,0.0,0.0,0.0,1.0,0.0,528.5714285714286,63.0,1564.8945732930158,1524.2019642914534,-40.69260900156246,40.69260900156246,-6.0,6.0,0.0,0.0,0.5,0.0,0.0,0.5714285714285714,1.0,0.0
2023-08-23,600036493,robbie ring,luis pajuelo,0,KO_TKO,1.0,8.0,1.0,1.0,1.0,0.875,1.0,0.875,0.0,0.0,0.0,0.125,1.0,0.8,0.0,0.5,0.0,0.625,0.0,0.0,382.5,503.0,1502.1362567233284,1578.0329550103447,1.0,1.0,0.0,1.0,0.0,1.0,0.0,0.0,503.0,382.5,1578.0329550103447,1502.1362567233284,-75.8966982870163,75.8966982870163,-7.0,7.0,0.0,0.875,0.0,0.0,0.0,0.0,0.0,0.875
2023-08-30,600036494,mitch ramirez,carlos prates,0,KO_TKO,2.0,19.0,1.0,6.0,1.0,0.8947368421052632,0.5,0.7368421052631579,0.5,0.15789473684210525,0.0,0.10526315789473684,1.0,1.0,0.5,0.47368421052631576,1.0,0.631578947368421,1.0,1.0,276.6666666666667,382.24,1515.2781480020967,1635.7344275469286,6.0,1.0,0.8333333333333334,1.0,0.3333333333333333,1.0,0.5,0.0,382.24,276.6666666666667,1635.7344275469286,1515.2781480020967,-120.45627954483189,120.45627954483189,-22.0,22.0,0.16666666666666666,0.7368421052631579,0.25,0.0,0.0,0.0,0.8333333333333334,0.8947368421052632
2023-08-30,600036494,thomas petersen,chandler cole,1,SUB,19.0,0.0,2.0,2.0,0.9473684210526315,0.0,0.7894736842105263,0.0,0.15789473684210525,0.0,0.05263157894736842,0.0,1.0,0.0,0.6842105263157895,0.0,0.7368421052631579,0.0,1.0,0.0,335.04761904761904,249.0,1644.4757098012483,1481.0640180310143,2.0,2.0,1.0,1.0,0.5,1.0,0.5,0.0,249.0,335.04761904761904,1481.0640180310143,1644.4757098012483,163.41169177023403,-163.41169177023403,19.0,-19.0,0.39473684210526316,0.0,0.07894736842105263,0.0,0.0,0.0,0.9473684210526315,0.0
2023-08-30,600036494,bolaji oki,dylan salvador,1,KO_TKO,1.0,2.0,1.0,1.0,0.0,1.0,0.0,0.5,0.0,0.5,1.0,0.0,0.0,1.0,0.0,0.5,0.0,0.5,0.0,1.0,900.0,596.6666666666666,1500.348009137613,1516.6410986565377,1.0,1.0,0.0,0.0,0.0,0.0,0.0,0.0,596.6666666666666,900.0,1516.6410986565377,1500.348009137613,-16.293089518924717,16.293089518924717,-1.0,1.0,0.0,0.0,0.0,0.0,1.0,0.0,0.0,0.0
2023-08-30,600036494,mateo vogel,timmy cuamba,0,DEC,0.0,0.0,0.0,0.0,0.0,0.0,0.0,0.0,0.0,0.0,0.0,0.0,0.0,0.0,0.0,0.0,0.0,0.0,0.0,0.0,0.0,0.0,1500.0,1500.0,0.0,0.0,0.0,0.0,0.0,0.0,0.0,0.0,0.0,0.0,1500.0,1500.0,0.0,0.0,0.0,0.0,0.0,0.0,0.0,0.0,0.0,0.0,0.0,0.0
2023-08-30,600036494,yousri belgaroui,marco tulio,0,DEC,2.0,4.0,0.0,0.0,0.5,0.75,0.5,0.75,0.0,0.0,0.5,0.25,0.5,0.75,0.5,0.5,0.5,0.75,0.0,0.0,586.0,456.0,1524.8295725268167,1556.8135955324424,0.0,0.0,0.0,0.0,0.0,0.0,0.0,0.0,456.0,586.0,1556.8135955324424,1524.8295725268167,-31.98402300562566,31.98402300562566,-2.0,2.0,0.0,0.0,0.0,0.0,0.5,0.25,0.0,0.0
2023-09-06,600036495,brendson ribeiro,bruno lopes,1,KO_TKO,15.0,14.0,5.0,1.0,1.0,0.7857142857142857,0.6,0.42857142857142855,0.4,0.35714285714285715,0.0,0.21428571428571427,1.0,1.0,0.7333333333333333,0.5714285714285714,0.8,0.6428571428571429,1.0,1.0,279.57142857142856,338.0,1599.5970490700245,1628.8161950907693,1.0,5.0,1.0,0.8,1.0,0.4,0.0,0.4,338.0,279.57142857142856,1628.8161950907693,1599.5970490700245,-29.2191460207448,29.2191460207448,6.0,-6.0,0.6,0.17142857142857143,0.0,0.14285714285714288,0.0,0.042857142857142844,1.0,0.6285714285714286
2023-09-06,600036495,rainn guerrero,dione barbosa,0,SUB,1.0,4.0,0.0,2.0,1.0,0.0,1.0,0.0,0.0,0.0,0.0,1.0,1.0,0.0,0.0,0.0,0.0,0.0,0.0,0.0,746.0,900.0,1511.9994776531169,1524.1789825547205,2.0,0.0,0.0,0.0,0.0,0.0,0.0,0.0,900.0,746.0,1524.1789825547205,1511.9994776531169,-12.17950490160365,12.17950490160365,-5.0,5.0,0.0,0.0,0.0,0.0,0.0,1.0,0.0,0.0
2023-09-06,600036495,dylan budka,chad hanekom,1,DEC,10.0,2.0,3.0,2.0,0.4,0.5,0.1,0.5,0.3,0.0,0.6,0.5,0.3333333333333333,0.5,0.2,0.0,0.2,0.5,1.0,0.0,793.5384615384615,638.0,1581.8144469609426,1506.0451991950983,2.0,3.0,0.5,0.3333333333333333,0.5,0.0,0.0,0.3333333333333333,638.0,793.5384615384615,1506.0451991950983,1581.8144469609426,75.76924776584428,-75.76924776584428,9.0,-9.0,0.05,0.0,0.0,0.0,0.3,0.33333333333333337,0.2,0.16666666666666666
2023-09-06,600036495,kevin vallejos,jean silva,0,DEC,2.0,35.0,1.0,19.0,0.0,0.8857142857142857,0.0,0.34285714285714286,0.0,0.5428571428571428,1.0,0.11428571428571428,0.0,0.8,0.0,0.4857142857142857,0.0,0.5428571428571428,0.0,1.0,900.0,470.75,1517.6389977228928,1598.564814596018,19.0,1.0,0.5789473684210527,0.0,0.21052631578947367,0.0,0.3684210526315789,0.0,470.75,900.0,1598.564814596018,1517.6389977228928,-80.92581687312531,80.92581687312531,-55.0,55.0,0.0,0.0,0.0,0.0,0.42105263157894735,0.11428571428571428,0.0,0.0
2023-09-06,600036495,ramon taveras,serhiy sidey,0,KO_TKO,1.0,0.0,0.0,0.0,1.0,0.0,1.0,0.0,0.0,0.0,0.0,0.0,1.0,0.0,1.0,0.0,1.0,0.0,0.0,0.0,130.0,0.0,1507.7863947866492,1500.0,0.0,0.0,0.0,0.0,0.0,0.0,0.0,0.0,0.0,130.0,1500.0,1507.7863947866492,7.786394786649225,-7.786394786649225,1.0,-1.0,0.0,0.0,0.0,0.0,0.0,0.0,0.0,0.0
2023-09-13,600036496,aj cunningham,steven nguyen,0,KO_TKO,0.0,5.0,0.0,1.0,0.0,0.8,0.0,0.6,0.0,0.2,0.0,0.2,0.0,1.0,0.0,0.6,0.0,0.6,0.0,1.0,0.0,437.8333333333333,1500.0,1549.6566928916136,1.0,0.0,1.0,0.0,1.0,0.0,0.0,0.0,437.8333333333333,0.0,1549.6566928916136,1500.0,-49.6566928916136,49.6566928916136,-6.0,6.0,0.0,0.0,0.0,0.0,0.0,0.2,0.0,0.0
2023-09-13,600036496,patricia alujas,julia polastri,0,SUB,1.0,14.0,1.0,3.0,0.0,0.6428571428571429,0.0,0.35714285714285715,0.0,0.2857142857142857,1.0,0.35714285714285715,0.0,1.0,0.0,0.14285714285714285,0.0,0.21428571428571427,0.0,1.0,722.5,688.9411764705883,1503.01019682012,1617.5885780664885,3.0,1.0,0.0,1.0,0.0,0.0,0.0,1.0,688.9411764705883,722.5,1617.5885780664885,1503.01019682012,-114.57838124636851,114.57838124636851,-15.0,15.0,0.0,0.0,0.0,0.2857142857142857,1.0,0.0,0.0,0.6428571428571429
2023-09-13,600036496,eduardo neves,jhonata diniz,0,KO_TKO,11.0,1.0,2.0,0.0,1.0,1.0,1.0,1.0,0.0,0.0,0.0,0.0,1.0,1.0,0.6363636363636364,1.0,0.6363636363636364,1.0,0.0,0.0,223.75,195.0,1588.434898523258,1515.485956072944,0.0,2.0,0.0,1.0,0.0,0.5,0.0,0.5,195.0,223.75,1515.485956072944,1588.434898523258,72.94894245031401,-72.94894245031401,12.0,-12.0,0.0,0.5,0.0,0.0,0.0,0.0,0.0,1.0
2023-09-13,600036496,malik lewis,james llontop,0,DEC,8.0,5.0,2.0,1.0,0.875,0.6,0.75,0.6,0.125,0.0,0.125,0.4,1.0,0.6,0.375,0.2,0.625,0.2,1.0,0.0,503.5,650.8333333333334,1556.805377407705,1556.006807237557,1.0,2.0,1.0,0.5,0.0,0.5,1.0,0.0,650.8333333333334,503.5,1556.006807237557,1556.805377407705,0.7985701701479684,-0.7985701701479684,4.0,-4.0,0.0,0.3,0.125,0.0,0.0,0.2,0.875,0.3
2023-09-13,600036496,kasey tanner,jean matsumoto,0,DEC,7.0,16.0,1.0,0.0,0.7142857142857143,0.5625,0.42857142857142855,0.1875,0.2857142857142857,0.375,0.2857142857142857,0.4375,0.75,0.4,0.2857142857142857,0.125,0.2857142857142857,0.125,1.0,1.0,597.875,790.75,1564.7232686682967,1672.7402175165698,0.0,1.0,0.0,0.0,0.0,0.0,0.0,0.0,790.75,597.875,1672.7402175165698,1564.7232686682967,-108.01694884827316,108.01694884827316,-8.0,8.0,0.0,0.0,0.0,0.0,0.2857142857142857,0.4375,0.0,0.0
2023-09-20,600036497,dylan mantello,kaynan kruschewsky,0,SUB,7.0,19.0,3.0,1.0,0.8571428571428571,0.8947368421052632,0.5714285714285714,0.3157894736842105,0.2857142857142857,0.5789473684210527,0.14285714285714285,0.10526315789473684,1.0,1.0,0.42857142857142855,0.3157894736842105,0.5714285714285714,0.42105263157894735,1.0,1.0,479.6,527.9444444444445,1542.9864677627347,1678.250647815269,1.0,3.0,1.0,0.3333333333333333,1.0,0.0,0.0,0.3333333333333333,527.9444444444445,479.6,1678.250647815269,1542.9864677627347,-135.26418005253436,135.26418005253436,-11.0,11.0,0.5714285714285714,0.0,0.0,0.19298245614035087,0.0,0.07017543859649124,0.8571428571428571,0.2982456140350877
2023-09-20,600036497,jacobi jones,daniel allen,0,DEC,8.0,0.0,2.0,0.0,0.5,0.0,0.25,0.0,0.25,0.0,0.5,0.0,1.0,0.0,0.0,0.0,0.5,0.0,1.0,0.0,552.2,0.0,1573.0870715077078,1500.0,0.0,2.0,0.0,1.0,0.0,0.0,0.0,1.0,0.0,552.2,1500.0,1573.0870715077078,73.08707150770783,-73.08707150770783,10.0,-10.0,0.0,0.0,0.0,0.0,0.5,0.0,0.0,0.0
2023-09-20,600036497,greg velasco,shamil gaziev,0,SUB,1.0,6.0,0.0,0.0,1.0,0.5,1.0,0.5,0.0,0.0,0.0,0.5,1.0,0.4,0.0,0.16666666666666666,0.0,0.3333333333333333,0.0,0.0,570.0,664.3333333333334,1511.539700290705,1578.4315605880543,0.0,0.0,0.0,0.0,0.0,0.0,0.0,0.0,664.3333333333334,570.0,1578.4315605880543,1511.539700290705,-66.89186029734924,66.89186029734924,-5.0,5.0,0.0,0.0,0.0,0.0,0.0,0.5,0.0,0.0
2023-09-20,600036497,jhonata silva,igor severino,0,KO_TKO,9.0,11.0,2.0,0.0,0.7777777777777778,1.0,0.6666666666666666,0.5454545454545454,0.1111111111111111,0.45454545454545453,0.2222222222222222,0.0,0.5,1.0,0.2222222222222222,0.36363636363636365,0.2222222222222222,0.45454545454545453,1.0,1.0,621.8181818181819,376.375,1579.9415464784022,1625.3310638694234,0.0,2.0,0.0,0.5,0.0,0.5,0.0,0.0,376.375,621.8181818181819,1625.3310638694234,1579.9415464784022,-45.38951739102117,45.38951739102117,0.0,0.0,0.0,0.2727272727272727,0.0,0.0,0.2222222222222222,0.0,0.0,0.5
2023-09-27,600036498,victor madrigal,vinicius oliveira,0,KO_TKO,5.0,19.0,2.0,4.0,0.8,0.8947368421052632,0.6,0.7894736842105263,0.2,0.10526315789473684,0.2,0.10526315789473684,1.0,1.0,0.2,0.7368421052631579,0.6,0.7368421052631579,1.0,1.0,402.14285714285717,296.1818181818182,1550.0258341764497,1639.5473668965565,4.0,2.0,1.0,1.0,1.0,1.0,0.0,0.0,296.1818181818182,402.14285714285717,1639.5473668965565,1550.0258341764497,-89.52153272010673,89.52153272010673,-16.0,16.0,0.6,0.7894736842105263,0.0,0.0,0.0,0.0,0.8,0.8947368421052632
2023-09-27,600036498,angel pacheco,danny silva,0,DEC,3.0,10.0,2.0,2.0,1.0,0.6,0.6666666666666666,0.6,0.3333333333333333,0.0,0.0,0.4,1.0,0.6666666666666666,0.0,0.2,0.6666666666666666,0.2,1.0,0.0,621.4,707.8333333333334,1514.9123637553444,1584.0015906355095,2.0,2.0,0.0,0.0,0.0,0.0,0.0,0.0,707.8333333333334,621.4,1584.0015906355095,1514.9123637553444,-69.08922688016514,69.08922688016514,-7.0,7.0,0.0,0.0,0.0,0.0,0.0,0.4,0.0,0.0
2023-09-27,600036498,raheam forest,danny barlow,0,KO_TKO,8.0,1.0,2.0,0.0,0.75,1.0,0.625,1.0,0.125,0.0,0.25,0.0,0.6666666666666666,1.0,0.75,1.0,0.75,1.0,1.0,0.0,316.8,79.0,1554.3259464095108,1514.3412762511211,0.0,2.0,0.0,1.0,0.0,0.5,0.0,0.5,79.0,316.8,1514.3412762511211,1554.3259464095108,39.98467015838969,-39.98467015838969,9.0,-9.0,0.0,0.5,0.0,0.0,0.25,0.0,0.0,1.0
2023-09-27,600036498,carli judice,ernesta kareckaite,0,DEC,0.0,0.0,0.0,0.0,0.0,0.0,0.0,0.0,0.0,0.0,0.0,0.0,0.0,0.0,0.0,0.0,0.0,0.0,0.0,0.0,0.0,0.0,1500.0,1500.0,0.0,0.0,0.0,0.0,0.0,0.0,0.0,0.0,0.0,0.0,1500.0,1500.0,0.0,0.0,0.0,0.0,0.0,0.0,0.0,0.0,0.0,0.0,0.0,0.0
2023-10-04,600036499,victor hugo,eduardo torres caut,1,SUB,25.0,0.0,5.0,0.0,0.72,0.0,0.32,0.0,0.4,0.0,0.28,0.0,1.0,0.0,0.52,0.0,0.64,0.0,1.0,0.0,407.3703703703704,0.0,1679.6798950214652,1500.0,0.0,5.0,0.0,0.6,0.0,0.4,0.0,0.2,0.0,407.3703703703704,1500.0,1679.6798950214652,179.6798950214652,-179.6798950214652,30.0,-30.0,0.0,0.0,0.0,0.0,0.28,0.0,0.0,0.0
2023-10-04,600036499,raimond magomedaliev,mauricio ruffy,0,KO_TKO,2.0,2.0,0.0,1.0,0.5,1.0,0.5,1.0,0.0,0.0,0.5,0.0,0.5,1.0,0.5,0.0,0.5,0.5,0.0,0.0,458.5,463.3333333333333,1529.5895759624475,1520.7075565798486,1.0,0.0,1.0,0.0,1.0,0.0,0.0,0.0,463.3333333333333,458.5,1520.7075565798486,1529.5895759624475,8.882019382598855,-8.882019382598855,-1.0,1.0,0.5,0.0,0.0,0.0,0.0,0.0,0.5,0.0
2023-10-04,600036499,murtaza talha,rodolfo bellato,0,KO_TKO,0.0,4.0,0.0,0.0,0.0,1.0,0.0,0.5,0.0,0.5,0.0,0.0,0.0,1.0,0.0,1.0,0.0,1.0,0.0,1.0,0.0,197.5,1500.0,1550.4960555493426,0.0,0.0,0.0,0.0,0.0,0.0,0.0,0.0,197.5,0.0,1550.4960555493426,1500.0,-50.4960555493426,50.4960555493426,-4.0,4.0,0.0,0.0,0.0,0.0,0.0,0.0,0.0,0.0
2023-10-04,600036499,magomed gadzhiyasulov,jose daniel medina,1,DEC,8.0,0.0,0.0,0.0,0.75,0.0,0.625,0.0,0.125,0.0,0.25,0.0,0.6,0.0,0.75,0.0,0.75,0.0,1.0,0.0,311.75,0.0,1586.69832869313,1500.0,0.0,0.0,0.0,0.0,0.0,0.0,0.0,0.0,0.0,311.75,1500.0,1586.69832869313,86.69832869312995,-86.69832869312995,8.0,-8.0,0.0,0.0,0.0,0.0,0.25,0.0,0.0,0.0
2023-10-11,600036500,yuri panferov,torrez finney,0,SUB,1.0,0.0,0.0,0.0,1.0,0.0,1.0,0.0,0.0,0.0,0.0,0.0,1.0,0.0,1.0,0.0,1.0,0.0,0.0,0.0,141.0,0.0,1510.4468687312947,1500.0,0.0,0.0,0.0,0.0,0.0,0.0,0.0,0.0,0.0,141.0,1500.0,1510.4468687312947,10.446868731294671,-10.446868731294671,1.0,-1.0,0.0,0.0,0.0,0.0,0.0,0.0,0.0,0.0
2023-10-11,600036500,marquel mederos,issa isakov,1,KO_TKO,1.0,2.0,0.0,1.0,1.0,0.5,1.0,0.0,0.0,0.5,0.0,0.5,1.0,0.5,1.0,0.5,1.0,0.5,0.0,0.0,162.0,415.0,1511.6053414447993,1516.0193278201846,1.0,0.0,1.0,0.0,1.0,0.0,0.0,0.0,415.0,162.0,1516.0193278201846,1511.6053414447993,-4.413986375385321,4.413986375385321,-2.0,2.0,1.0,0.0,0.0,0.0,0.0,0.5,1.0,0.0
2023-10-11,600036500,ramon taveras,cortavious romious,1,KO_TKO,2.0,8.0,0.0,2.0,1.0,0.875,1.0,0.25,0.0,0.625,0.0,0.125,1.0,1.0,1.0,0.75,1.0,0.875,0.0,1.0,79.5,312.7,1522.0821008509786,1560.7873557236876,2.0,0.0,0.5,0.0,0.5,0.0,0.0,0.0,312.7,79.5,1560.7873557236876,1522.0821008509786,-38.70525487270902,38.70525487270902,-8.0,8.0,0.5,0.0,0.0,0.0,0.0,0.125,0.5,0.0
2023-10-11,600036500,connor matthews,jair farias,1,DEC,7.0,11.0,1.0,2.0,0.8571428571428571,0.8181818181818182,0.14285714285714285,0.7272727272727273,0.7142857142857143,0.09090909090909091,0.14285714285714285,0.18181818181818182,0.75,1.0,0.8571428571428571,0.45454545454545453,0.8571428571428571,0.5454545454545454,1.0,1.0,293.375,501.9166666666667,1562.9151496172733,1592.1194996938043,2.0,1.0,0.5,0.0,0.5,0.0,0.0,0.0,501.9166666666667,293.375,1592.1194996938043,1562.9151496172733,-29.204350076531,29.204350076531,-5.0,5.0,0.07142857142857142,0.0,0.0,0.0,0.07142857142857142,0.18181818181818182,0.42857142857142855,0.0
2023-10-11,600036500,lucas rocha,davi bittencourt,1,KO_TKO,18.0,15.0,3.0,5.0,0.7777777777777778,0.8,0.5555555555555556,0.4,0.2222222222222222,0.4,0.2222222222222222,0.2,0.6,0.5,0.3888888888888889,0.6666666666666666,0.5555555555555556,0.7333333333333333,1.0,1.0,516.3636363636364,328.44444444444446,1655.8655753998398,1606.2190727064597,5.0,3.0,1.0,1.0,0.4,1.0,0.6,0.0,328.44444444444446,516.3636363636364,1606.2190727064597,1655.8655753998398,49.64650269338017,-49.64650269338017,2.0,-2.0,0.22222222222222224,0.4,0.13333333333333333,0.0,0.0,0.0,0.7777777777777778,0.8
2023-10-11,600036500,andre lima,rickson zenidim,1,DEC,8.0,0.0,0.0,0.0,0.75,0.0,0.75,0.0,0.0,0.0,0.25,0.0,0.8,0.0,0.5,0.0,0.5,0.0,0.0,0.0,431.875,0.0,1594.3960527513068,1500.0,0.0,0.0,0.0,0.0,0.0,0.0,0.0,0.0,0.0,431.875,1500.0,1594.3960527513068,94.3960527513068,-94.3960527513068,8.0,-8.0,0.0,0.0,0.0,0.0,0.25,0.0,0.0,0.0
2024-08-13,600047624,rami hamed,ding meng,1,DEC,1.0,0.0,1.0,0.0,0.0,0.0,0.0,0.0,0.0,0.0,1.0,0.0,0.0,0.0,0.0,0.0,0.0,0.0,0.0,0.0,493.0,0.0,1505.7775190047723,1500.0,0.0,1.0,0.0,1.0,0.0,0.0,0.0,1.0,0.0,493.0,1500.0,1505.7775190047723,5.77751900477233,-5.77751900477233,2.0,-2.0,0.0,0.0,0.0,0.0,1.0,0.0,0.0,0.0
2024-08-13,600047624,mikheil sazhiniani,bruno lopes,0,KO_TKO,2.0,16.0,0.0,1.0,1.0,0.8125,1.0,0.375,0.0,0.4375,0.0,0.1875,1.0,1.0,1.0,0.5,1.0,0.5625,0.0,1.0,49.0,372.6666666666667,1520.2348470449335,1648.393393357937,1.0,0.0,1.0,0.0,1.0,0.0,0.0,0.0,372.6666666666667,49.0,1648.393393357937,1520.2348470449335,-128.1585463130034,128.1585463130034,-15.0,15.0,1.0,0.0,0.0,0.0,0.0,0.1875,1.0,0.0
2024-08-13,600047624,wes schultz,mansur abdul-malik,0,KO_TKO,0.0,6.0,0.0,0.0,0.0,1.0,0.0,0.8333333333333334,0.0,0.16666666666666666,0.0,0.0,0.0,1.0,0.0,1.0,0.0,1.0,0.0,1.0,0.0,113.83333333333333,1500.0,1565.7428236934954,0.0,0.0,0.0,0.0,0.0,0.0,0.0,0.0,113.83333333333333,0.0,1565.7428236934954,1500.0,-65.74282369349544,65.74282369349544,-6.0,6.0,0.0,0.0,0.0,0.0,0.0,0.0,0.0,0.0
2024-08-13,600047624,an tuan ho,lone'er kavanagh,0,KO_TKO,4.0,10.0,0.0,0.0,1.0,0.6,0.5,0.5,0.5,0.1,0.0,0.4,1.0,0.4,0.0,0.1,1.0,0.1,1.0,1.0,372.5,686.3,1543.0012028893461,1609.4564992256576,0.0,0.0,0.0,0.0,0.0,0.0,0.0,0.0,686.3,372.5,1609.4564992256576,1543.0012028893461,-66.45529633631145,66.45529633631145,-6.0,6.0,0.0,0.0,0.0,0.0,0.0,0.4,0.0,0.0
2024-08-13,600047624,jose miguel delgado,ernie juarez,1,KO_TKO,0.0,7.0,0.0,0.0,0.0,0.5714285714285714,0.0,0.2857142857142857,0.0,0.2857142857142857,0.0,0.42857142857142855,0.0,0.4,0.0,0.14285714285714285,0.0,0.2857142857142857,0.0,1.0,0.0,653.8571428571429,1500.0,1576.3242642948621,0.0,0.0,0.0,0.0,0.0,0.0,0.0,0.0,653.8571428571429,0.0,1576.3242642948621,1500.0,-76.32426429486213,76.32426429486213,-7.0,7.0,0.0,0.0,0.0,0.0,0.0,0.42857142857142855,0.0,0.0
2024-08-20,600047773,rizvan kuniev,hugo cunha,1,KO_TKO,4.0,10.0,1.0,1.0,0.25,1.0,0.25,0.5,0.0,0.5,0.5,0.0,0.25,1.0,0.0,0.7,0.0,0.7,0.0,1.0,900.0,337.1818181818182,1537.6773508676179,1599.9323155541067,1.0,1.0,0.0,0.0,0.0,0.0,0.0,0.0,337.1818181818182,900.0,1599.9323155541067,1537.6773508676179,-62.25496468648885,62.25496468648885,-6.0,6.0,0.0,0.0,0.0,0.0,0.5,0.0,0.0,0.0
2024-08-20,600047773,torrez finney,cam rowston,1,DEC,1.0,0.0,0.0,0.0,1.0,0.0,1.0,0.0,0.0,0.0,0.0,0.0,1.0,0.0,1.0,0.0,1.0,0.0,0.0,0.0,93.0,0.0,1512.1012142795405,1500.0,0.0,0.0,0.0,0.0,0.0,0.0,0.0,0.0,0.0,93.0,1500.0,1512.1012142795405,12.1012142795405,-12.1012142795405,1.0,-1.0,0.0,0.0,0.0,0.0,0.0,0.0,0.0,0.0
2024-08-20,600047773,michael imperato,cortavious romious,0,DEC,5.0,9.0,3.0,2.0,0.6,0.8888888888888888,0.0,0.2222222222222222,0.6,0.6666666666666666,0.4,0.1111111111111111,0.6666666666666666,1.0,0.6,0.7777777777777778,0.6,0.8888888888888888,0.0,1.0,421.875,288.8181818181818,1526.7413722472868,1567.640521095079,2.0,3.0,0.5,0.6666666666666666,0.5,0.3333333333333333,0.0,0.3333333333333333,288.8181818181818,421.875,1567.640521095079,1526.7413722472868,-40.899148847792276,40.899148847792276,-3.0,3.0,0.0,0.07407407407407407,0.0,0.2222222222222222,0.2,0.03703703703703704,0.3,0.5925925925925926
2024-08-20,600047773,andreas gustafsson,pat pytlik,1,KO_TKO,4.0,0.0,1.0,1.0,1.0,0.0,0.75,0.0,0.25,0.0,0.0,0.0,1.0,0.0,0.25,0.0,0.75,0.0,1.0,0.0,472.0,505.0,1535.4147371969038,1488.4281597061968,1.0,1.0,1.0,0.0,0.0,0.0,1.0,0.0,505.0,472.0,1488.4281597061968,1535.4147371969038,46.98657749070708,-46.98657749070708,4.0,-4.0,0.0,0.0,0.25,0.0,0.0,0.0,1.0,0.0
2024-08-20,600047773,cody haddon,billy brand,1,SUB,0.0,1.0,1.0,0.0,0.0,1.0,0.0,1.0,0.0,0.0,0.0,0.0,0.0,1.0,0.0,0.0,0.0,0.0,0.0,0.0,900.0,865.0,1490.0100963901543,1511.5723487667333,0.0,1.0,0.0,0.0,0.0,0.0,0.0,0.0,865.0,900.0,1511.5723487667333,1490.0100963901543,-21.562252376578954,21.562252376578954,0.0,0.0,0.0,0.0,0.0,0.0,0.0,0.0,0.0,0.0
2024-08-28,600047774,malcolm wellmaker,adam bramhald,1,KO_TKO,1.0,13.0,0.0,3.0,1.0,0.7692307692307693,1.0,0.46153846153846156,0.0,0.3076923076923077,0.0,0.23076923076923078,1.0,0.75,1.0,0.5384615384615384,1.0,0.5384615384615384,0.0,1.0,149.0,326.5,1515.5732832146784,1591.1154303120013,3.0,0.0,1.0,0.0,0.6666666666666666,0.0,0.3333333333333333,0.0,326.5,149.0,1591.1154303120013,1515.5732832146784,-75.54214709732287,75.54214709732287,-15.0,15.0,0.6666666666666666,0.0,0.0,0.0,0.0,0.23076923076923078,1.0,0.0
2024-08-28,600047774,andrey pulyaev,liam anderson,1,DEC,2.0,9.0,1.0,3.0,0.5,1.0,0.5,0.4444444444444444,0.0,0.5555555555555556,0.5,0.0,0.5,1.0,0.5,0.6666666666666666,0.5,0.6666666666666666,0.0,1.0,625.6666666666666,381.5,1519.268845626085,1559.923142921552,3.0,1.0,0.3333333333333333,0.0,0.3333333333333333,0.0,0.0,0.0,381.5,625.6666666666666,1559.923142921552,1519.268845626085,-40.654297295466904,40.654297295466904,-9.0,9.0,0.16666666666666666,0.0,0.0,0.0,0.33333333333333337,0.0,0.16666666666666666,0.0
2024-08-28,600047774,matthieu duclos,marco tulio,0,KO_TKO,0.0,6.0,0.0,0.0,0.0,0.8333333333333334,0.0,0.8333333333333334,0.0,0.0,0.0,0.16666666666666666,0.0,0.8,0.0,0.3333333333333333,0.0,0.8333333333333334,0.0,0.0,0.0,450.6666666666667,1500.0,1578.7068639408621,0.0,0.0,0.0,0.0,0.0,0.0,0.0,0.0,450.6666666666667,0.0,1578.7068639408621,1500.0,-78.70686394086215,78.70686394086215,-6.0,6.0,0.0,0.0,0.0,0.0,0.0,0.16666666666666666,0.0,0.0
2024-08-28,600047774,michael aswell jr.,bogdan grad,0,DEC,0.0,14.0,0.0,2.0,0.0,0.7857142857142857,0.0,0.5714285714285714,0.0,0.21428571428571427,0.0,0.21428571428571427,0.0,0.5,0.0,0.5714285714285714,0.0,0.6428571428571429,0.0,1.0,0.0,404.625,1500.0,1618.4424919436153,2.0,0.0,0.5,0.0,0.5,0.0,0.0,0.0,404.625,0.0,1618.4424919436153,1500.0,-118.44249194361532,118.44249194361532,-16.0,16.0,0.0,0.0,0.0,0.0,0.0,0.21428571428571427,0.0,0.0
2024-08-28,600047774,nick piccininni,jack duffy,1,DEC,0.0,2.0,0.0,0.0,0.0,1.0,0.0,0.0,0.0,1.0,0.0,0.0,0.0,1.0,0.0,0.5,0.0,0.5,0.0,0.0,0.0,288.0,1500.0,1525.6456861927793,0.0,0.0,0.0,0.0,0.0,0.0,0.0,0.0,288.0,0.0,1525.6456861927793,1500.0,-25.645686192779294,25.645686192779294,-2.0,2.0,0.0,0.0,0.0,0.0,0.0,0.0,0.0,0.0
2024-09-04,600047775,igor cavalcanti,seokhyeon ko,0,DEC,0.0,0.0,0.0,0.0,0.0,0.0,0.0,0.0,0.0,0.0,0.0,0.0,0.0,0.0,0.0,0.0,0.0,0.0,0.0,0.0,0.0,0.0,1500.0,1500.0,0.0,0.0,0.0,0.0,0.0,0.0,0.0,0.0,0.0,0.0,1500.0,1500.0,0.0,0.0,0.0,0.0,0.0,0.0,0.0,0.0,0.0,0.0,0.0,0.0
2024-09-04,600047775,will currie,djorden santos,0,DEC,14.0,1.0,6.0,1.0,0.7142857142857143,0.0,0.5714285714285714,0.0,0.14285714285714285,0.0,0.2857142857142857,1.0,1.0,0.0,0.5714285714285714,0.0,0.5714285714285714,0.0,1.0,0.0,586.2,900.0,1606.7170515886735,1502.3655200467124,1.0,6.0,0.0,0.3333333333333333,0.0,0.3333333333333333,0.0,0.0,900.0,586.2,1502.3655200467124,1606.7170515886735,104.3515315419611,-104.3515315419611,18.0,-18.0,0.0,0.0,0.0,0.0,0.2857142857142857,0.6666666666666667,0.0,0.0
2024-09-04,600047775,gauge young,quillan salkilld,0,DEC,3.0,0.0,1.0,0.0,0.6666666666666666,0.0,0.3333333333333333,0.0,0.3333333333333333,0.0,0.3333333333333333,0.0,0.6666666666666666,0.0,0.3333333333333333,0.0,0.6666666666666666,0.0,1.0,0.0,560.75,0.0,1523.5433191013342,1500.0,0.0,1.0,0.0,1.0,0.0,0.0,0.0,1.0,0.0,560.75,1500.0,1523.5433191013342,23.54331910133419,-23.54331910133419,4.0,-4.0,0.0,0.0,0.0,0.0,0.3333333333333333,0.0,0.0,0.0
2024-09-04,600047775,dorian ramos,austin bashi,0,SUB,3.0,4.0,0.0,0.0,1.0,0.75,1.0,0.5,0.0,0.25,0.0,0.25,1.0,0.75,0.3333333333333333,0.25,1.0,0.5,0.0,1.0,372.0,661.0,1533.5349235161227,1554.4520640669693,0.0,0.0,0.0,0.0,0.0,0.0,0.0,0.0,661.0,372.0,1554.4520640669693,1533.5349235161227,-20.917140550846625,20.917140550846625,-1.0,1.0,0.0,0.0,0.0,0.0,0.0,0.25,0.0,0.0
2024-09-04,600047775,yuneisy duben,shannon clark,1,KO_TKO,1.0,7.0,0.0,1.0,1.0,0.7142857142857143,1.0,0.42857142857142855,0.0,0.2857142857142857,0.0,0.2857142857142857,1.0,0.5,1.0,0.14285714285714285,1.0,0.42857142857142855,0.0,1.0,73.0,538.75,1514.7452037320122,1566.1683621575155,1.0,0.0,1.0,0.0,1.0,0.0,0.0,0.0,538.75,73.0,1566.1683621575155,1514.7452037320122,-51.42315842550329,51.42315842550329,-7.0,7.0,1.0,0.0,0.0,0.0,0.0,0.2857142857142857,1.0,0.0
2024-09-11,600047776,corinne laframboise,nicolle caliari,0,SUB,3.0,1.0,0.0,0.0,0.6666666666666666,1.0,0.3333333333333333,0.0,0.3333333333333333,1.0,0.3333333333333333,0.0,0.6666666666666666,1.0,0.0,0.0,0.0,0.0,1.0,0.0,714.0,514.0,1536.0744006666741,1513.1220843624264,0.0,0.0,0.0,0.0,0.0,0.0,0.0,0.0,514.0,714.0,1513.1220843624264,1536.0744006666741,22.952316304247688,-22.952316304247688,2.0,-2.0,0.0,0.0,0.0,0.0,0.3333333333333333,0.0,0.0,0.0
2024-09-11,600047776,taiga iwasaki,yousri belgaroui,0,KO_TKO,0.0,3.0,0.0,0.0,0.0,0.6666666666666666,0.0,0.6666666666666666,0.0,0.0,0.0,0.3333333333333333,0.0,0.6666666666666666,0.0,0.6666666666666666,0.0,0.6666666666666666,0.0,0.0,0.0,490.3333333333333,1500.0,1537.2336496071964,0.0,0.0,0.0,0.0,0.0,0.0,0.0,0.0,490.3333333333333,0.0,1537.2336496071964,1500.0,-37.23364960719641,37.23364960719641,-3.0,3.0,0.0,0.0,0.0,0.0,0.0,0.3333333333333333,0.0,0.0
2024-09-11,600047776,otari tanzilovi,josias musasa,0,DEC,9.0,1.0,1.0,0.0,0.7777777777777778,0.0,0.7777777777777778,0.0,0.0,0.0,0.2222222222222222,1.0,0.75,0.0,0.5555555555555556,0.0,0.6666666666666666,0.0,0.0,0.0,447.4,900.0,1580.5613046488545,1515.2270601555128,0.0,1.0,0.0,0.0,0.0,0.0,0.0,0.0,900.0,447.4,1515.2270601555128,1580.5613046488545,65.33424449334166,-65.33424449334166,9.0,-9.0,0.0,0.0,0.0,0.0,0.2222222222222222,1.0,0.0,0.0
2024-09-11,600047776,phil latu,navajo stirling,0,KO_TKO,0.0,1.0,0.0,0.0,0.0,1.0,0.0,1.0,0.0,0.0,0.0,0.0,0.0,1.0,0.0,0.0,0.0,0.0,0.0,0.0,0.0,708.0,1500.0,1511.2292951422494,0.0,0.0,0.0,0.0,0.0,0.0,0.0,0.0,708.0,0.0,1511.2292951422494,1500.0,-11.229295142249384,11.229295142249384,-1.0,1.0,0.0,0.0,0.0,0.0,0.0,0.0,0.0,0.0
2024-09-18,600047777,dylan mantello,ahmad hassanzada,0,SUB,8.0,0.0,4.0,0.0,0.875,0.0,0.625,0.0,0.25,0.0,0.125,0.0,1.0,0.0,0.375,0.0,0.5,0.0,1.0,0.0,504.5,0.0,1539.7213404025392,1500.0,0.0,4.0,0.0,0.5,0.0,0.0,0.0,0.5,0.0,504.5,1500.0,1539.7213404025392,39.72134040253923,-39.72134040253923,12.0,-12.0,0.0,0.0,0.0,0.0,0.125,0.0,0.0,0.0
2024-09-18,600047777,aaron tau,elijah smith,0,DEC,0.0,0.0,0.0,0.0,0.0,0.0,0.0,0.0,0.0,0.0,0.0,0.0,0.0,0.0,0.0,0.0,0.0,0.0,0.0,0.0,0.0,0.0,1500.0,1500.0,0.0,0.0,0.0,0.0,0.0,0.0,0.0,0.0,0.0,0.0,1500.0,1500.0,0.0,0.0,0.0,0.0,0.0,0.0,0.0,0.0,0.0,0.0,0.0,0.0
2024-09-18,600047777,arthur lopes,tallison teixeira,0,KO_TKO,2.0,9.0,1.0,0.0,0.5,1.0,0.5,0.8888888888888888,0.0,0.1111111111111111,0.0,0.0,0.5,1.0,0.5,1.0,0.5,1.0,0.0,1.0,115.33333333333333,122.55555555555556,1514.6015745185844,1595.0896288722588,0.0,1.0,0.0,1.0,0.0,1.0,0.0,0.0,122.55555555555556,115.33333333333333,1595.0896288722588,1514.6015745185844,-80.48805435367444,80.48805435367444,-6.0,6.0,0.0,0.8888888888888888,0.0,0.0,0.0,0.0,0.0,1.0
2024-09-18,600047777,ateba gautier,yura naito,1,KO_TKO,0.0,0.0,0.0,0.0,0.0,0.0,0.0,0.0,0.0,0.0,0.0,0.0,0.0,0.0,0.0,0.0,0.0,0.0,0.0,0.0,0.0,0.0,1500.0,1500.0,0.0,0.0,0.0,0.0,0.0,0.0,0.0,0.0,0.0,0.0,1500.0,1500.0,0.0,0.0,0.0,0.0,0.0,0.0,0.0,0.0,0.0,0.0,0.0,0.0
2024-09-18,600047777,benjamin bennett,joey hart,1,DEC,9.0,14.0,2.0,4.0,0.6666666666666666,0.7857142857142857,0.5555555555555556,0.7857142857142857,0.1111111111111111,0.0,0.3333333333333333,0.21428571428571427,0.4,1.0,0.3333333333333333,0.42857142857142855,0.5555555555555556,0.5714285714285714,1.0,0.0,605.3636363636364,496.8333333333333,1576.3137006293048,1590.7878144996296,4.0,2.0,0.25,1.0,0.0,1.0,0.25,0.0,496.8333333333333,605.3636363636364,1590.7878144996296,1576.3137006293048,-14.4741138703248,14.4741138703248,-7.0,7.0,0.0,0.7857142857142857,0.027777777777777776,0.0,0.25,0.0,0.16666666666666666,0.7857142857142857
2024-09-25,600047778,danylo voievodkin,bailey schoenfelder,1,SUB,1.0,9.0,0.0,1.0,1.0,1.0,0.0,0.7777777777777778,1.0,0.2222222222222222,0.0,0.0,1.0,1.0,1.0,0.6666666666666666,1.0,0.5555555555555556,0.0,1.0,73.0,226.625,1515.132039843907,1577.6974573567127,1.0,0.0,1.0,0.0,0.0,0.0,1.0,0.0,226.625,73.0,1577.6974573567127,1515.132039843907,-62.56541751280565,62.56541751280565,-9.0,9.0,0.0,0.0,1.0,0.0,0.0,0.0,1.0,0.0
2024-09-25,600047778,daniel frunza,vadym kutsyi,1,KO_TKO,11.0,6.0,2.0,1.0,0.9090909090909091,0.6666666666666666,0.9090909090909091,0.16666666666666666,0.0,0.5,0.09090909090909091,0.3333333333333333,1.0,0.75,0.36363636363636365,0.5,0.5454545454545454,0.6666666666666666,0.0,1.0,444.2307692307692,441.85714285714283,1605.712230205783,1563.3477947228903,1.0,2.0,1.0,1.0,1.0,0.0,0.0,1.0,441.85714285714283,444.2307692307692,1563.3477947228903,1605.712230205783,42.36443548289276,-42.36443548289276,6.0,-6.0,0.9090909090909091,0.0,0.0,0.5,0.0,0.0,0.9090909090909091,0.6666666666666666
2024-09-25,600047778,rose conceição,alexia thainara,0,DEC,2.0,12.0,1.0,1.0,0.0,0.5833333333333334,0.0,0.0,0.0,0.5833333333333334,1.0,0.4166666666666667,0.0,0.4,0.0,0.25,0.0,0.25,0.0,0.0,1300.0,541.3333333333334,1516.7246591943062,1612.9517719094026,1.0,1.0,1.0,0.0,0.0,0.0,1.0,0.0,541.3333333333334,1300.0,1612.9517719094026,1516.7246591943062,-96.22711271509638,96.22711271509638,-10.0,10.0,0.0,0.0,0.0,0.0,0.0,0.4166666666666667,0.0,0.0
2024-09-25,600047778,kevin vallejos,cam teague,1,KO_TKO,3.0,1.0,1.0,0.0,0.3333333333333333,1.0,0.0,1.0,0.3333333333333333,0.0,0.6666666666666666,0.0,0.3333333333333333,1.0,0.0,0.0,0.0,0.0,0.0,0.0,847.5,597.0,1530.1091410713877,1515.3881678037358,0.0,1.0,0.0,0.0,0.0,0.0,0.0,0.0,597.0,847.5,1515.3881678037358,1530.1091410713877,14.72097326765197,-14.72097326765197,3.0,-3.0,0.0,0.0,0.0,0.0,0.6666666666666666,0.0,0.0,0.0
2024-09-25,600047778,francesco mazzeo,kevin christian,0,SUB,4.0,10.0,1.0,2.0,0.5,1.0,0.5,0.5,0.0,0.5,0.0,0.0,0.5,1.0,0.5,0.7,0.5,0.9,0.0,1.0,292.2,298.1666666666667,1534.4610733521906,1590.1510111650555,2.0,1.0,1.0,1.0,0.5,0.0,0.5,1.0,298.1666666666667,292.2,1590.1510111650555,1534.4610733521906,-55.689937812864855,55.689937812864855,-7.0,7.0,0.25,0.0,0.0,0.5,0.0,0.0,0.5,1.0
2024-10-02,600047779,torrez finney,abdellah er-ramy,1,KO_TKO,1.0,0.0,0.0,0.0,1.0,0.0,1.0,0.0,0.0,0.0,0.0,0.0,1.0,0.0,1.0,0.0,1.0,0.0,0.0,0.0,93.0,0.0,1512.1012142795405,1500.0,0.0,0.0,0.0,0.0,0.0,0.0,0.0,0.0,0.0,93.0,1500.0,1512.1012142795405,12.1012142795405,-12.1012142795405,1.0,-1.0,0.0,0.0,0.0,0.0,0.0,0.0,0.0,0.0
2024-10-02,600047779,xavier franklin,david martinez,0,DEC,11.0,4.0,1.0,2.0,0.6363636363636364,0.5,0.5454545454545454,0.25,0.09090909090909091,0.25,0.36363636363636365,0.5,0.75,0.5,0.45454545454545453,0.0,0.5454545454545454,0.0,1.0,1.0,596.6153846153846,816.8,1595.9546186528655,1534.962393990668,2.0,1.0,0.5,0.0,0.0,0.0,0.5,0.0,816.8,596.6153846153846,1534.962393990668,1595.9546186528655,60.992224662197486,-60.992224662197486,7.0,-7.0,0.0,0.0,0.045454545454545456,0.0,0.18181818181818182,0.5,0.3181818181818182,0.0
2024-10-02,600047779,alberto montes,carlos calderon,1,SUB,1.0,2.0,0.0,1.0,0.0,0.5,0.0,0.0,0.0,0.5,1.0,0.5,0.0,0.5,0.0,0.0,0.0,0.5,0.0,0.0,900.0,503.6666666666667,1511.6555085952912,1512.9141565262864,1.0,0.0,1.0,0.0,0.0,0.0,1.0,0.0,503.6666666666667,900.0,1512.9141565262864,1511.6555085952912,-1.2586479309952665,1.2586479309952665,-2.0,2.0,0.0,0.0,0.0,0.0,0.0,0.5,0.0,0.0
2024-10-02,600047779,diyar nurgozhay,bartosz szewczyk,1,KO_TKO,10.0,8.0,0.0,3.0,0.8,0.875,0.6,0.625,0.2,0.25,0.2,0.125,0.6,1.0,0.7,0.5,0.7,0.5,1.0,1.0,354.3,531.5833333333334,1608.7646938027024,1558.17243556891,3.0,0.0,0.6666666666666666,0.0,0.3333333333333333,0.0,0.3333333333333333,0.0,531.5833333333334,354.3,1558.17243556891,1608.7646938027024,50.592258233792336,-50.592258233792336,-2.0,2.0,0.19999999999999998,0.0,0.06666666666666667,0.0,0.06666666666666668,0.125,0.5333333333333333,0.0
2024-10-02,600047779,christien savoie,jacobe smith,0,KO_TKO,0.0,5.0,0.0,0.0,0.0,0.8,0.0,0.8,0.0,0.0,0.0,0.2,0.0,0.8,0.0,0.8,0.0,0.8,0.0,0.0,0.0,242.0,1500.0,1551.4460758609212,0.0,0.0,0.0,0.0,0.0,0.0,0.0,0.0,242.0,0.0,1551.4460758609212,1500.0,-51.446075860921155,51.446075860921155,-5.0,5.0,0.0,0.0,0.0,0.0,0.0,0.2,0.0,0.0
2024-10-09,600047780,vanilto antunes,islam dulatov,0,KO_TKO,0.0,3.0,0.0,0.0,0.0,1.0,0.0,0.3333333333333333,0.0,0.6666666666666666,0.0,0.0,0.0,1.0,0.0,1.0,0.0,1.0,0.0,1.0,0.0,87.33333333333333,1500.0,1538.6204824237923,0.0,0.0,0.0,0.0,0.0,0.0,0.0,0.0,87.33333333333333,0.0,1538.6204824237923,1500.0,-38.62048242379228,38.62048242379228,-3.0,3.0,0.0,0.0,0.0,0.0,0.0,0.0,0.0,0.0
2024-10-09,600047780,anthony drilich,sean gauci,0,DEC,1.0,10.0,2.0,1.0,1.0,0.5,1.0,0.5,0.0,0.0,0.0,0.5,1.0,0.6,1.0,0.4,1.0,0.4,0.0,0.0,699.0,607.1,1492.8190558354331,1594.6584099206266,1.0,2.0,0.0,0.0,0.0,0.0,0.0,0.0,607.1,699.0,1594.6584099206266,1492.8190558354331,-101.83935408519346,101.83935408519346,-8.0,8.0,0.0,0.0,0.0,0.0,0.0,0.5,0.0,0.0
2024-10-09,600047780,chasen blair,kody steele,0,KO_TKO,12.0,2.0,5.0,0.0,1.0,1.0,0.6666666666666666,1.0,0.3333333333333333,0.0,0.0,0.0,1.0,1.0,0.8333333333333334,0.0,1.0,0.0,1.0,0.0,288.4117647058824,529.5,1569.142016975023,1528.2150234754804,0.0,5.0,0.0,0.6,0.0,0.2,0.0,0.4,529.5,288.4117647058824,1528.2150234754804,1569.142016975023,40.926993499542505,-40.926993499542505,15.0,-15.0,0.0,0.2,0.0,0.0,0.0,0.0,0.0,0.6
2024-10-09,600047780,islem masraf,artem vakhitov,0,KO_TKO,2.0,0.0,0.0,0.0,1.0,0.0,1.0,0.0,0.0,0.0,0.0,0.0,1.0,0.0,1.0,0.0,0.5,0.0,0.0,0.0,10.0,0.0,1524.746710615113,1500.0,0.0,0.0,0.0,0.0,0.0,0.0,0.0,0.0,0.0,10.0,1500.0,1524.746710615113,24.74671061511299,-24.74671061511299,2.0,-2.0,0.0,0.0,0.0,0.0,0.0,0.0,0.0,0.0
2024-10-09,600047780,lucas camacho,mario pinto,0,KO_TKO,0.0,3.0,0.0,0.0,0.0,1.0,0.0,0.6666666666666666,0.0,0.3333333333333333,0.0,0.0,0.0,1.0,0.0,1.0,0.0,1.0,0.0,1.0,0.0,29.333333333333332,1500.0,1535.0324435910911,0.0,0.0,0.0,0.0,0.0,0.0,0.0,0.0,29.333333333333332,0.0,1535.0324435910911,1500.0,-35.03244359109112,35.03244359109112,-3.0,3.0,0.0,0.0,0.0,0.0,0.0,0.0,0.0,0.0
2024-10-16,600047781,yadier del valle,antonio monteiro,1,DEC,1.0,17.0,0.0,5.0,0.0,0.47058823529411764,0.0,0.17647058823529413,0.0,0.29411764705882354,1.0,0.47058823529411764,0.0,0.5,0.0,0.17647058823529413,0.0,0.29411764705882354,0.0,1.0,900.0,743.7826086956521,1516.3262215840032,1614.8243512099625,5.0,0.0,0.2,0.0,0.0,0.0,0.2,0.0,743.7826086956521,900.0,1614.8243512099625,1516.3262215840032,-98.49812962595934,98.49812962595934,-23.0,23.0,0.0,0.0,0.0,0.0,0.8,0.47058823529411764,0.0,0.0
2024-10-16,600047781,heraldo souza,nick klein,0,SUB,3.0,1.0,0.0,0.0,1.0,1.0,0.6666666666666666,0.0,0.3333333333333333,1.0,0.0,0.0,1.0,1.0,0.6666666666666666,0.0,0.6666666666666666,0.0,1.0,0.0,283.3333333333333,891.0,1538.4635609669483,1514.479009961062,0.0,0.0,0.0,0.0,0.0,0.0,0.0,0.0,891.0,283.3333333333333,1514.479009961062,1538.4635609669483,23.98455100588626,-23.98455100588626,2.0,-2.0,0.0,0.0,0.0,0.0,0.0,0.0,0.0,0.0
2024-10-16,600047781,nick piccininni,luis gurule,0,DEC,0.0,3.0,0.0,0.0,0.0,0.3333333333333333,0.0,0.0,0.0,0.3333333333333333,0.0,0.6666666666666666,0.0,0.3333333333333333,0.0,0.0,0.0,0.0,0.0,0.0,0.0,950.6666666666666,1500.0,1540.2159973268663,0.0,0.0,0.0,0.0,0.0,0.0,0.0,0.0,950.6666666666666,0.0,1540.2159973268663,1500.0,-40.21599732686627,40.21599732686627,-3.0,3.0,0.0,0.0,0.0,0.0,0.0,0.6666666666666666,0.0,0.0
2024-10-16,600047781,jonathan micallef,mohamed ado,1,SUB,0.0,0.0,0.0,0.0,0.0,0.0,0.0,0.0,0.0,0.0,0.0,0.0,0.0,0.0,0.0,0.0,0.0,0.0,0.0,0.0,0.0,0.0,1500.0,1500.0,0.0,0.0,0.0,0.0,0.0,0.0,0.0,0.0,0.0,0.0,1500.0,1500.0,0.0,0.0,0.0,0.0,0.0,0.0,0.0,0.0,0.0,0.0,0.0,0.0
2024-10-16,600047781,leslie hernandez,julieta martinez,0,DEC,8.0,2.0,3.0,0.0,0.5,0.0,0.5,0.0,0.0,0.0,0.5,1.0,0.5,0.0,0.5,0.0,0.5,0.0,0.0,0.0,635.4545454545455,900.0,1550.6270618369877,1526.210183513507,0.0,3.0,0.0,0.0,0.0,0.0,0.0,0.0,900.0,635.4545454545455,1526.210183513507,1550.6270618369877,24.41687832348066,-24.41687832348066,9.0,-9.0,0.0,0.0,0.0,0.0,0.5,1.0,0.0,0.0
2025-08-12,600055020,chris ewert,yuri panferov,0,DEC,0.0,1.0,0.0,0.0,0.0,1.0,0.0,1.0,0.0,0.0,0.0,0.0,0.0,1.0,0.0,1.0,0.0,1.0,0.0,0.0,0.0,141.0,1500.0,1510.4468687312947,0.0,0.0,0.0,0.0,0.0,0.0,0.0,0.0,141.0,0.0,1510.4468687312947,1500.0,-10.446868731294671,10.446868731294671,-1.0,1.0,0.0,0.0,0.0,0.0,0.0,0.0,0.0,0.0
2025-08-12,600055020,murtaza talha,baisangur susurkaev,0,KO_TKO,0.0,12.0,0.0,0.0,0.0,0.9166666666666666,0.0,0.75,0.0,0.16666666666666666,0.0,0.08333333333333333,0.0,0.8,0.0,0.8333333333333334,0.0,0.9166666666666666,0.0,1.0,0.0,197.75,1500.0,1613.9472118800807,0.0,0.0,0.0,0.0,0.0,0.0,0.0,0.0,197.75,0.0,1613.9472118800807,1500.0,-113.94721188008066,113.94721188008066,-12.0,12.0,0.0,0.0,0.0,0.0,0.0,0.08333333333333333,0.0,0.0
2025-08-12,600055020,ty miller,jimmy drago,1,DEC,0.0,1.0,0.0,0.0,0.0,0.0,0.0,0.0,0.0,0.0,0.0,1.0,0.0,0.0,0.0,0.0,0.0,0.0,0.0,0.0,0.0,713.5,1500.0,1515.4591702880903,0.0,0.0,0.0,0.0,0.0,0.0,0.0,0.0,713.5,0.0,1515.4591702880903,1500.0,-15.459170288090263,15.459170288090263,-2.0,2.0,0.0,0.0,0.0,0.0,0.0,1.0,0.0,0.0
2025-08-12,600055020,radley da silva,george mangos,1,DEC,2.0,0.0,0.0,0.0,1.0,0.0,0.0,0.0,1.0,0.0,0.0,0.0,1.0,0.0,0.0,0.0,0.0,0.0,0.0,0.0,632.5,0.0,1526.099455880242,1500.0,0.0,0.0,0.0,0.0,0.0,0.0,0.0,0.0,0.0,632.5,1500.0,1526.099455880242,26.099455880241976,-26.099455880241976,2.0,-2.0,0.0,0.0,0.0,0.0,0.0,0.0,0.0,0.0
2025-08-12,600055020,ilian bouafia,neemias santana,1,DEC,2.0,0.0,0.0,0.0,1.0,0.0,1.0,0.0,0.0,0.0,0.0,0.0,1.0,0.0,0.5,0.0,0.5,0.0,0.0,0.0,336.5,0.0,1525.147345825056,1500.0,0.0,0.0,0.0,0.0,0.0,0.0,0.0,0.0,0.0,336.5,1500.0,1525.147345825056,25.147345825055936,-25.147345825055936,2.0,-2.0,0.0,0.0,0.0,0.0,0.0,0.0,0.0,0.0
2025-08-20,600055021,josh hokit,guilherme uriel,1,KO_TKO,11.0,10.0,0.0,3.0,1.0,1.0,0.45454545454545453,0.5,0.5454545454545454,0.5,0.0,0.0,1.0,1.0,0.7272727272727273,1.0,0.7272727272727273,1.0,1.0,1.0,240.22222222222223,147.84615384615384,1614.0888203681468,1566.9601899800732,3.0,0.0,1.0,0.0,1.0,0.0,0.0,0.0,147.84615384615384,240.22222222222223,1566.9601899800732,1614.0888203681468,47.12863038807359,-47.12863038807359,-2.0,2.0,0.45454545454545453,0.0,0.0,0.0,0.0,0.0,1.0,0.0
2025-08-20,600055021,brandon holmes,cam rowston,0,KO_TKO,0.0,0.0,0.0,0.0,0.0,0.0,0.0,0.0,0.0,0.0,0.0,0.0,0.0,0.0,0.0,0.0,0.0,0.0,0.0,0.0,0.0,0.0,1500.0,1500.0,0.0,0.0,0.0,0.0,0.0,0.0,0.0,0.0,0.0,0.0,1500.0,1500.0,0.0,0.0,0.0,0.0,0.0,0.0,0.0,0.0,0.0,0.0,0.0,0.0
2025-08-20,600055021,jose delano,manuel exposito,1,DEC,0.0,3.0,0.0,2.0,0.0,1.0,0.0,0.3333333333333333,0.0,0.6666666666666666,0.0,0.0,0.0,1.0,0.0,0.6666666666666666,0.0,1.0,0.0,1.0,0.0,493.8,1500.0,1519.8696614293228,2.0,0.0,0.0,0.0,0.0,0.0,0.0,0.0,493.8,0.0,1519.8696614293228,1500.0,-19.869661429322832,19.869661429322832,-5.0,5.0,0.0,0.0,0.0,0.0,0.0,0.0,0.0,0.0
2025-08-20,600055021,kaushik saikumar,louis lee scott,0,KO_TKO,1.0,11.0,1.0,0.0,1.0,0.8181818181818182,1.0,0.6363636363636364,0.0,0.18181818181818182,0.0,0.18181818181818182,1.0,0.6,0.0,0.5454545454545454,1.0,0.5454545454545454,0.0,1.0,581.0,531.5,1505.5991688817671,1615.7300075495236,0.0,1.0,0.0,1.0,0.0,1.0,0.0,0.0,531.5,581.0,1615.7300075495236,1505.5991688817671,-110.1308386677565,110.1308386677565,-9.0,9.0,0.0,0.6363636363636364,0.0,0.0,0.0,0.0,0.0,0.8181818181818182
2025-08-20,600055021,ramiro jimenez,tommy cuozzi,1,KO_TKO,2.0,0.0,0.0,0.0,1.0,0.0,1.0,0.0,0.0,0.0,0.0,0.0,1.0,0.0,1.0,0.0,1.0,0.0,0.0,0.0,245.0,0.0,1525.7131287059597,1500.0,0.0,0.0,0.0,0.0,0.0,0.0,0.0,0.0,0.0,245.0,1500.0,1525.7131287059597,25.71312870595966,-25.71312870595966,2.0,-2.0,0.0,0.0,0.0,0.0,0.0,0.0,0.0,0.0
2025-08-27,600055005,donte johnson,darion abbey,1,KO_TKO,1.0,9.0,0.0,7.0,1.0,0.7777777777777778,1.0,0.5555555555555556,0.0,0.2222222222222222,0.0,0.2222222222222222,1.0,0.6666666666666666,1.0,0.6666666666666666,1.0,0.6666666666666666,0.0,1.0,64.0,319.26666666666665,1513.5309097841298,1531.0363126761156,7.0,0.0,1.0,0.0,0.7142857142857143,0.0,0.2857142857142857,0.0,319.26666666666665,64.0,1531.0363126761156,1513.5309097841298,-17.505402891985796,17.505402891985796,-15.0,15.0,0.7142857142857143,0.0,0.0,0.0,0.0,0.2222222222222222,1.0,0.0
2025-08-27,600055005,damon wilson,marcio barbosa,0,KO_TKO,6.0,20.0,5.0,3.0,1.0,0.95,1.0,0.8,0.0,0.15,0.0,0.05,1.0,1.0,1.0,0.95,1.0,0.9,0.0,1.0,407.27272727272725,220.5,1519.8194050322804,1669.4927011044824,3.0,5.0,1.0,0.6,1.0,0.6,0.0,0.0,220.5,407.27272727272725,1669.4927011044824,1519.8194050322804,-149.673296072202,149.673296072202,-12.0,12.0,1.0,0.48,0.0,0.0,0.0,0.020000000000000004,1.0,0.57
2025-08-27,600055005,manoel sousa,cristian perez,1,KO_TKO,16.0,5.0,2.0,2.0,0.75,0.6,0.5625,0.0,0.1875,0.6,0.25,0.4,0.3333333333333333,0.5,0.375,0.4,0.4375,0.4,1.0,0.0,516.4666666666667,537.8571428571429,1658.0986594544652,1543.0426539157456,2.0,2.0,0.5,0.0,0.5,0.0,0.0,0.0,537.8571428571429,516.4666666666667,1543.0426539157456,1658.0986594544652,115.05600553871955,-115.05600553871955,11.0,-11.0,0.28125,0.0,0.0,0.0,0.125,0.4,0.375,0.0
2025-08-27,600055005,ryan gandra,trent miller,1,KO_TKO,10.0,9.0,1.0,3.0,0.8,0.8888888888888888,0.7,0.6666666666666666,0.1,0.2222222222222222,0.2,0.1111111111111111,1.0,0.6666666666666666,0.6,0.7777777777777778,0.6,0.7777777777777778,1.0,1.0,411.6363636363636,304.3333333333333,1606.3848158905494,1560.2295842348549,3.0,1.0,1.0,1.0,0.3333333333333333,1.0,0.6666666666666666,0.0,304.3333333333333,411.6363636363636,1560.2295842348549,1606.3848158905494,46.15523165569448,-46.15523165569448,-1.0,1.0,0.2333333333333333,0.6666666666666666,0.06666666666666667,0.0,0.0,0.0,0.8,0.8888888888888888
2025-08-27,600055005,alik lorenz,abdul-rakhman yakhyaev,0,KO_TKO,10.0,7.0,2.0,0.0,1.0,0.8571428571428571,0.8,0.42857142857142855,0.2,0.42857142857142855,0.0,0.14285714285714285,1.0,0.8,0.8,0.7142857142857143,0.8,0.7142857142857143,1.0,1.0,305.0833333333333,351.14285714285717,1574.0495199203672,1580.0254148771871,0.0,2.0,0.0,1.0,0.0,1.0,0.0,0.0,351.14285714285717,305.0833333333333,1580.0254148771871,1574.0495199203672,-5.975894956819957,5.975894956819957,5.0,-5.0,0.0,0.42857142857142855,0.0,0.0,0.0,0.0,0.0,0.8571428571428571
2025-09-03,600055006,mandel nallo,samuel silva,1,KO_TKO,8.0,16.0,4.0,11.0,1.0,0.75,1.0,0.375,0.0,0.375,0.0,0.25,1.0,0.5,0.75,0.5,0.625,0.5625,0.0,1.0,289.375,520.3571428571429,1579.3759934194516,1603.5831457340958,11.0,4.0,0.6363636363636364,1.0,0.5454545454545454,1.0,0.09090909090909091,0.0,520.3571428571429,289.375,1603.5831457340958,1579.3759934194516,-24.20715231464419,24.20715231464419,-14.0,14.0,0.5454545454545454,0.375,0.0,0.0,0.0,0.0,0.6363636363636364,0.75
2025-09-03,600055006,jean-paul lebosnoyani,jack congdon,1,KO_TKO,17.0,3.0,3.0,2.0,0.8823529411764706,1.0,0.29411764705882354,0.6666666666666666,0.5882352941176471,0.3333333333333333,0.11764705882352941,0.0,0.6,1.0,0.7058823529411765,1.0,0.7058823529411765,1.0,1.0,1.0,290.1578947368421,278.6,1631.372818884702,1516.469049839474,2.0,3.0,1.0,1.0,0.5,1.0,0.5,0.0,278.6,290.1578947368421,1516.469049839474,1631.372818884702,114.90376904522782,-114.90376904522782,15.0,-15.0,0.14705882352941177,0.6666666666666666,0.29411764705882354,0.0,0.0,0.0,0.8823529411764706,1.0
2025-09-03,600055006,theo haig,cezary oleksiejczuk,0,KO_TKO,10.0,6.0,1.0,1.0,1.0,1.0,0.0,1.0,1.0,0.0,0.0,0.0,1.0,1.0,0.8,1.0,0.6,1.0,0.0,0.0,214.66666666666666,238.85714285714286,1588.9815953911955,1577.1755516490928,1.0,1.0,0.0,1.0,0.0,1.0,0.0,0.0,238.85714285714286,214.66666666666666,1577.1755516490928,1588.9815953911955,11.806043742102702,-11.806043742102702,4.0,-4.0,0.0,1.0,0.0,0.0,0.0,0.0,0.0,1.0
2025-09-03,600055006,eduardo chapolin,an tuan ho,1,DEC,0.0,4.0,0.0,2.0,0.0,1.0,0.0,0.5,0.0,0.5,0.0,0.0,0.0,1.0,0.0,0.0,0.0,1.0,0.0,1.0,0.0,424.1666666666667,1500.0,1525.4946613723255,2.0,0.0,0.5,0.0,0.5,0.0,0.0,0.0,424.1666666666667,0.0,1525.4946613723255,1500.0,-25.49466137232548,25.49466137232548,-6.0,6.0,0.0,0.0,0.0,0.0,0.0,0.0,0.0,0.0
2025-09-03,600055006,tommy mcmillen,david mgoyan,1,DEC,1.0,3.0,0.0,0.0,1.0,0.6666666666666666,0.0,0.6666666666666666,1.0,0.0,0.0,0.3333333333333333,1.0,0.6666666666666666,1.0,0.6666666666666666,1.0,0.6666666666666666,0.0,0.0,118.0,480.0,1511.7538958620855,1538.6686111645572,0.0,0.0,0.0,0.0,0.0,0.0,0.0,0.0,480.0,118.0,1538.6686111645572,1511.7538958620855,-26.914715302471677,26.914715302471677,-2.0,2.0,0.0,0.0,0.0,0.0,0.0,0.3333333333333333,0.0,0.0
2025-09-10,600055007,cam teague,lerryan douglas,0,KO_TKO,1.0,17.0,1.0,7.0,1.0,0.8235294117647058,1.0,0.6470588235294118,0.0,0.17647058823529413,0.0,0.17647058823529413,1.0,1.0,0.0,0.4117647058823529,0.0,0.5294117647058824,0.0,1.0,316.5,387.9583333333333,1506.7806384841335,1624.9676268490653,7.0,1.0,0.8571428571428571,1.0,0.5714285714285714,1.0,0.2857142857142857,0.0,387.9583333333333,316.5,1624.9676268490653,1506.7806384841335,-118.18698836493172,118.18698836493172,-22.0,22.0,0.5714285714285714,0.6470588235294118,0.0,0.0,0.0,0.0,0.8571428571428571,0.8235294117647058
2025-09-10,600055007,carol foro,shanelle dyer,1,DEC,1.0,9.0,2.0,1.0,0.0,0.5555555555555556,0.0,0.5555555555555556,0.0,0.0,1.0,0.4444444444444444,0.0,0.5,0.0,0.4444444444444444,0.0,0.3333333333333333,0.0,0.0,900.0,556.7142857142857,1495.0179390599926,1581.4164523635973,1.0,2.0,0.0,0.0,0.0,0.0,0.0,0.0,556.7142857142857,900.0,1581.4164523635973,1495.0179390599926,-86.39851330360466,86.39851330360466,-7.0,7.0,0.0,0.0,0.0,0.0,1.0,0.4444444444444444,0.0,0.0
2025-09-10,600055007,chasen blair,samuel sanches,0,KO_TKO,14.0,11.0,6.0,1.0,1.0,0.8181818181818182,0.5714285714285714,0.7272727272727273,0.42857142857142855,0.09090909090909091,0.0,0.18181818181818182,1.0,0.8,0.8571428571428571,0.6363636363636364,1.0,0.7272727272727273,1.0,1.0,269.2,328.0,1577.6667955894388,1600.1047133836332,1.0,6.0,1.0,0.6666666666666666,0.0,0.3333333333333333,1.0,0.3333333333333333,328.0,269.2,1600.1047133836332,1577.6667955894388,-22.43791779419439,22.43791779419439,8.0,-8.0,0.0,0.24242424242424243,0.42857142857142855,0.030303030303030304,0.0,0.060606060606060615,1.0,0.5454545454545454
2025-09-10,600055007,anthony guarascio,steven asplund,0,KO_TKO,1.0,11.0,1.0,2.0,1.0,0.7272727272727273,1.0,0.7272727272727273,0.0,0.0,0.0,0.2727272727272727,1.0,1.0,1.0,0.36363636363636365,1.0,0.5454545454545454,0.0,0.0,54.0,472.38461538461536,1504.8318277025892,1588.6362017795407,2.0,1.0,1.0,1.0,0.0,1.0,1.0,0.0,472.38461538461536,54.0,1588.6362017795407,1504.8318277025892,-83.80437407695149,83.80437407695149,-11.0,11.0,0.0,0.7272727272727273,0.0,0.0,0.0,0.0,1.0,0.7272727272727273
2025-09-10,600055007,freddy vidal,felipe franco,1,SUB,0.0,1.0,0.0,0.0,0.0,1.0,0.0,0.0,0.0,1.0,0.0,0.0,0.0,1.0,0.0,1.0,0.0,1.0,0.0,0.0,0.0,150.0,1500.0,1511.1770830510673,0.0,0.0,0.0,0.0,0.0,0.0,0.0,0.0,150.0,0.0,1511.1770830510673,1500.0,-11.177083051067257,11.177083051067257,-1.0,1.0,0.0,0.0,0.0,0.0,0.0,0.0,0.0,0.0
2025-09-17,600055031,raphael uchegbu,cody chovancek,0,KO_TKO,11.0,3.0,3.0,0.0,0.9090909090909091,0.6666666666666666,0.36363636363636365,0.6666666666666666,0.5454545454545454,0.0,0.09090909090909091,0.3333333333333333,1.0,0.6666666666666666,0.36363636363636365,0.0,0.45454545454545453,0.3333333333333333,1.0,0.0,602.5,812.3333333333334,1581.2465634747432,1540.5567666302854,0.0,3.0,0.0,0.3333333333333333,0.0,0.3333333333333333,0.0,0.0,812.3333333333334,602.5,1540.5567666302854,1581.2465634747432,40.68979684445776,-40.68979684445776,11.0,-11.0,0.0,0.2222222222222222,0.0,0.0,0.09090909090909091,0.22222222222222224,0.0,0.2222222222222222
2025-09-17,600055031,in soo hwang,paddy mccorry,0,DEC,0.0,4.0,0.0,2.0,0.0,1.0,0.0,1.0,0.0,0.0,0.0,0.0,0.0,1.0,0.0,1.0,0.0,1.0,0.0,0.0,0.0,355.0,1500.0,1526.538097618837,2.0,0.0,0.0,0.0,0.0,0.0,0.0,0.0,355.0,0.0,1526.538097618837,1500.0,-26.5380976188369,26.5380976188369,-6.0,6.0,0.0,0.0,0.0,0.0,0.0,0.0,0.0,0.0
2025-09-17,600055031,hecher sosa,mackson lee,1,DEC,7.0,0.0,1.0,0.0,0.5714285714285714,0.0,0.42857142857142855,0.0,0.14285714285714285,0.0,0.42857142857142855,0.0,0.4,0.0,0.2857142857142857,0.0,0.2857142857142857,0.0,1.0,0.0,488.125,0.0,1573.771115899618,1500.0,0.0,1.0,0.0,1.0,0.0,1.0,0.0,0.0,0.0,488.125,1500.0,1573.771115899618,73.77111589961805,-73.77111589961805,8.0,-8.0,0.0,0.0,0.0,0.0,0.42857142857142855,0.0,0.0,0.0
2025-09-17,600055031,mahamed aly,iwo baraniewski,0,KO_TKO,0.0,2.0,0.0,0.0,0.0,1.0,0.0,1.0,0.0,0.0,0.0,0.0,0.0,1.0,0.0,1.0,0.0,1.0,0.0,0.0,0.0,126.0,1500.0,1524.6700262924312,0.0,0.0,0.0,0.0,0.0,0.0,0.0,0.0,126.0,0.0,1524.6700262924312,1500.0,-24.670026292431203,24.670026292431203,-2.0,2.0,0.0,0.0,0.0,0.0,0.0,0.0,0.0,0.0
2025-09-17,600055031,tommy gantt,adam livingston,1,SUB,0.0,2.0,0.0,0.0,0.0,1.0,0.0,1.0,0.0,0.0,0.0,0.0,0.0,1.0,0.0,1.0,0.0,1.0,0.0,0.0,0.0,110.0,1500.0,1523.888454733708,0.0,0.0,0.0,0.0,0.0,0.0,0.0,0.0,110.0,0.0,1523.888454733708,1500.0,-23.88845473370793,23.88845473370793,-2.0,2.0,0.0,0.0,0.0,0.0,0.0,0.0,0.0,0.0
2025-09-24,600055032,justice torres,javier reyes,0,KO_TKO,3.0,23.0,3.0,7.0,0.6666666666666666,0.8260869565217391,0.6666666666666666,0.4782608695652174,0.0,0.34782608695652173,0.3333333333333333,0.17391304347826086,0.6666666666666666,1.0,0.0,0.34782608695652173,0.0,0.34782608695652173,0.0,1.0,858.5,573.0,1510.3803096149366,1632.6371441380943,7.0,3.0,0.5714285714285714,0.3333333333333333,0.42857142857142855,0.3333333333333333,0.14285714285714285,0.0,573.0,858.5,1632.6371441380943,1510.3803096149366,-122.25683452315775,122.25683452315775,-24.0,24.0,0.2857142857142857,0.15942028985507245,0.0,0.0,0.14285714285714285,0.11594202898550726,0.38095238095238093,0.2753623188405797
2025-09-24,600055032,murtazali magomedov,brahyam zurcher,1,KO_TKO,10.0,14.0,2.0,1.0,1.0,0.7142857142857143,0.5,0.42857142857142855,0.5,0.2857142857142857,0.0,0.2857142857142857,1.0,1.0,0.6,0.21428571428571427,0.6,0.42857142857142855,1.0,1.0,426.0833333333333,417.2,1584.540030863252,1621.3728050358675,1.0,2.0,1.0,0.0,1.0,0.0,0.0,0.0,417.2,426.0833333333333,1621.3728050358675,1584.540030863252,-36.83277417261547,36.83277417261547,-3.0,3.0,0.5,0.0,0.0,0.0,0.0,0.2857142857142857,1.0,0.0
2025-09-24,600055032,mantas kondratavičius,djani barbir,1,KO_TKO,9.0,0.0,1.0,1.0,1.0,0.0,0.7777777777777778,0.0,0.2222222222222222,0.0,0.0,0.0,1.0,0.0,0.6666666666666666,0.0,0.8888888888888888,0.0,1.0,0.0,204.1,66.0,1583.7059349680635,1490.525551843132,1.0,1.0,1.0,1.0,1.0,0.0,0.0,1.0,66.0,204.1,1490.525551843132,1583.7059349680635,93.1803831249315,-93.1803831249315,9.0,-9.0,0.7777777777777778,0.0,0.0,0.0,0.0,0.0,1.0,0.0
2025-09-24,600055032,sofia montenegro,jeisla chaves,0,DEC,0.0,0.0,0.0,0.0,0.0,0.0,0.0,0.0,0.0,0.0,0.0,0.0,0.0,0.0,0.0,0.0,0.0,0.0,0.0,0.0,0.0,0.0,1500.0,1500.0,0.0,0.0,0.0,0.0,0.0,0.0,0.0,0.0,0.0,0.0,1500.0,1500.0,0.0,0.0,0.0,0.0,0.0,0.0,0.0,0.0,0.0,0.0,0.0,0.0
2025-09-24,600055032,rafael tobias,jair de oliveira,1,SUB,14.0,0.0,2.0,1.0,0.7857142857142857,0.0,0.35714285714285715,0.0,0.42857142857142855,0.0,0.21428571428571427,0.0,0.8,0.0,0.6428571428571429,0.0,0.7142857142857143,0.0,1.0,0.0,345.8125,226.0,1616.5197509335917,1491.618863766192,1.0,2.0,1.0,1.0,0.0,1.0,1.0,0.0,226.0,345.8125,1491.618863766192,1616.5197509335917,124.90088716739979,-124.90088716739979,15.0,-15.0,0.0,0.0,0.42857142857142855,0.0,0.0,0.0,0.7857142857142857,0.0
