event_date,event_id,bout_key,fighter_a_id,fighter_b_id,fighter_a,fighter_b,winner_a,winner_name,method,finish_round,duration_minutes,age_diff,height_diff,reach_diff,height_missing_diff,reach_missing_diff,southpaw_diff,switch_diff,striker_style_diff,grappler_style_diff,prior_dwcs_bouts_diff,prior_dwcs_wins_diff,prior_dwcs_win_pct_diff,prior_dwcs_finish_pct_diff,prior_dwcs_ko_win_pct_diff,prior_dwcs_sub_win_pct_diff,prior_dwcs_dec_win_pct_diff,prior_dwcs_avg_duration_diff,prior_dwcs_over25_rate_diff,prior_dwcs_stats_available_diff,prior_dwcs_sig_landed_pm_diff,prior_dwcs_sig_attempted_pm_diff,prior_dwcs_sig_accuracy_diff,prior_dwcs_td_landed_per15_diff,prior_dwcs_td_attempted_per15_diff,prior_dwcs_td_accuracy_diff,prior_dwcs_kd_per15_diff,prior_dwcs_sub_attempts_per15_diff,global_history_available_diff,global_career_bouts_diff,global_career_wins_diff,global_career_losses_diff,global_career_win_pct_diff,global_recent3_win_pct_diff,global_recent5_win_pct_diff,global_career_finish_pct_diff,global_ko_win_pct_diff,global_sub_win_pct_diff,global_decision_win_pct_diff,global_finish_loss_pct_diff,global_avg_opp_win_pct_diff,global_avg_opp_elo_diff,global_quality_win_count_diff,global_elo_diff,global_major_bouts_diff,global_major_win_pct_diff,global_win_streak_diff,global_days_since_last_fight_diff
2017-07-11,400961602,400961602|2506260|2558159,2558159,2506260,azunna anyanwu,greg rebello,1,azunna anyanwu,KO-TKO,2,8.07,0.8542269861804144,2.539999999999992,10.160000000000023,0.0,0.0,-1.0,0.0,1.0,0.0,0.0,0.0,0.0,0.0,0.0,0.0,0.0,0.0,0.0,0.0,0.0,0.0,0.0,0.0,0.0,0.0,0.0,0.0,0.0,7.0,5.0,2.0,-0.04040404040404044,0.0,-0.19999999999999996,0.15873015873015872,0.015873015873015817,0.14285714285714285,-0.15873015873015872,0.5,-0.14029842211660387,-17.22987300859154,-3.0,10.91960861553298,-1.0,0.5,-2.0,-344.0
2017-07-11,400961602,400961602|3020777|4237148,3020777,4237148,charles byrd,jamie pickett,1,charles byrd,SUBMISSION,1,4.92,4.8844261004675005,-10.159999999999997,-17.78,0.0,0.0,0.0,0.0,0.0,0.0,0.0,0.0,0.0,0.0,0.0,0.0,0.0,0.0,0.0,0.0,0.0,0.0,0.0,0.0,0.0,0.0,0.0,0.0,,,,,,,,,,,,,,,,,,,,
2017-07-11,400961602,400961602|3122040|3928693,3122040,3928693,boston salmon,ricky turcios,1,boston salmon,DEC-UNA,3,15.0,2.540777702485336,0.0,-7.620000000000003,0.0,0.0,1.0,0.0,1.0,0.0,0.0,0.0,0.0,0.0,0.0,0.0,0.0,0.0,0.0,0.0,0.0,0.0,0.0,0.0,0.0,0.0,0.0,0.0,0.0,-8.0,-9.0,1.0,-1.0,-1.0,-1.0,-0.3333333333333333,-0.3333333333333333,0.0,-0.6666666666666666,0.0,0.0829670329670329,-8.17276993210885,-3.0,-146.3334823079167,-2.0,-1.0,-9.0,1.0
2017-07-11,400961602,400961602|3128221|3961774,3961774,3128221,manny vazquez,joby sanchez,0,joby sanchez,DEC-UNA,3,15.0,-2.4066202591428976,10.160000000000023,10.159999999999997,0.0,0.0,0.0,0.0,0.0,0.0,0.0,0.0,0.0,0.0,0.0,0.0,0.0,0.0,0.0,0.0,0.0,0.0,0.0,0.0,0.0,0.0,0.0,0.0,0.0,3.0,3.0,0.0,0.03896103896103886,0.33333333333333337,0.20000000000000007,-0.19444444444444442,-0.25,0.05555555555555558,0.19444444444444448,0.0,0.059353911557231964,5.651074691174472,4.0,36.900518333940454,-1.0,0.6666666666666667,1.0,-34.0
2017-07-19,400966346,400966346|2553221|3024141,3024141,2553221,dan spohn,angel de anda,1,dan spohn,SUBMISSION,1,3.17,0.6242427975933822,20.319999999999997,,0.0,-1.0,1.0,0.0,-1.0,0.0,0.0,0.0,0.0,0.0,0.0,0.0,0.0,0.0,0.0,0.0,0.0,0.0,0.0,0.0,0.0,0.0,0.0,0.0,,,,,,,,,,,,,,,,,,,,
2017-07-19,400966346,400966346|2557012|3895524,2557012,3895524,lazar stojadinovic,thanh le,0,thanh le,KO-TKO,2,6.58,-3.5647549230990343,-5.079999999999984,-16.50999999999999,0.0,0.0,1.0,0.0,0.0,0.0,0.0,0.0,0.0,0.0,0.0,0.0,0.0,0.0,0.0,0.0,0.0,0.0,0.0,0.0,0.0,0.0,0.0,0.0,0.0,16.0,10.0,6.0,-0.3157894736842105,-0.33333333333333337,-0.19999999999999996,-0.3846153846153846,-0.7692307692307692,0.38461538461538464,0.38461538461538464,0.5,-0.20765262049586986,-74.81638711962114,0.0,43.97342880360884,0.0,0.0,-3.0,0.0
2017-07-19,400966346,400966346|4030197|4082117,4030197,4082117,casey kenney,cee jay hamilton,1,casey kenney,DEC-UNA,3,15.0,-4.4490988863563246,2.5400000000000205,-10.159999999999997,0.0,0.0,1.0,-1.0,0.0,1.0,0.0,0.0,0.0,0.0,0.0,0.0,0.0,0.0,0.0,0.0,0.0,0.0,0.0,0.0,0.0,0.0,0.0,0.0,,,,,,,,,,,,,,,,,,,,
2017-07-19,400966346,400966346|4040925|4237605,4040925,4237605,sidney outlaw,michael cora,1,sidney outlaw,DEC-UNA,3,15.0,-2.6311286337159565,,-2.5400000000000205,-1.0,0.0,-1.0,0.0,-1.0,0.0,0.0,0.0,0.0,0.0,0.0,0.0,0.0,0.0,0.0,0.0,0.0,0.0,0.0,0.0,0.0,0.0,0.0,0.0,0.0,1.0,0.0,1.0,-0.5,-0.5,-0.5,0.0,-1.0,1.0,0.0,1.0,-0.26923076923076916,-15.39088038077989,0.0,-16.027112548146988,0.0,0.0,0.0,216.0
2017-07-19,400966346,400966346|4082018|4205093,4082018,4205093,alfred khashakyan,sean o'malley,0,sean o'malley,KO-TKO,1,4.23,6.2698070460036845,-7.620000000000003,-5.079999999999984,0.0,0.0,0.0,-1.0,-1.0,0.0,0.0,0.0,0.0,0.0,0.0,0.0,0.0,0.0,0.0,0.0,0.0,0.0,0.0,0.0,0.0,0.0,0.0,0.0,0.0,-4.0,-7.0,3.0,-0.6,-0.6666666666666667,-0.6,0.11111111111111116,0.2222222222222222,-0.1111111111111111,-0.1111111111111111,0.6666666666666666,0.1667099567099567,37.768259879210746,-1.0,-132.94815760119695,-2.0,-1.0,-9.0,0.0
2017-07-25,400966347,400966347|3087807|3111997,3111997,3087807,geoff neal,chase waldon,1,geoff neal,KO-TKO,1,1.93,,-7.620000000000003,0.0,0.0,0.0,1.0,0.0,1.0,0.0,0.0,0.0,0.0,0.0,0.0,0.0,0.0,0.0,0.0,0.0,0.0,0.0,0.0,0.0,0.0,0.0,0.0,0.0,0.0,-4.0,-4.0,0.0,-0.05714285714285705,0.0,0.0,0.08333333333333337,0.375,-0.2916666666666667,-0.08333333333333331,0.0,0.1531230674087818,6.568321329380751,1.0,-43.00579148424845,0.0,0.0,0.0,-56.0
2017-07-25,400966347,400966347|3120931|4236956,3120931,4236956,jason jackson,kyle stewart,0,kyle stewart,KO-TKO,2,5.35,-1.744046763451678,10.159999999999997,7.620000000000003,0.0,0.0,0.0,0.0,0.0,0.0,0.0,0.0,0.0,0.0,0.0,0.0,0.0,0.0,0.0,0.0,0.0,0.0,0.0,0.0,0.0,0.0,0.0,0.0,0.0,-6.0,-6.0,0.0,0.0,0.0,0.0,-0.75,-0.375,-0.375,0.75,0.0,0.1205654761904762,51.378072024087714,0.0,-77.80956963437416,-2.0,-1.0,-6.0,238.0
2017-07-25,400966347,400966347|3887606|4236954,4236954,3887606,karl roberson,ryan spann,1,karl roberson,KO-TKO,1,0.25,0.8870818702642786,-10.160000000000023,-12.699999999999989,0.0,0.0,1.0,0.0,0.0,0.0,0.0,0.0,0.0,0.0,0.0,0.0,0.0,0.0,0.0,0.0,0.0,0.0,0.0,0.0,0.0,0.0,0.0,0.0,0.0,-14.0,-9.0,-5.0,0.33333333333333337,0.6666666666666667,0.6,0.09999999999999998,-0.1,0.19999999999999996,-0.1,-0.4,0.19035409035409034,31.764189605082265,0.0,-31.37865071379042,-2.0,0.0,0.0,665.0
2017-07-25,400966347,400966347|3923647|3948876,3948876,3923647,alonzo menifield,daniel jolly,1,alonzo menifield,DR-TKO,1,5.0,-3.1212139879668968,-2.539999999999992,2.539999999999992,0.0,0.0,0.0,0.0,1.0,0.0,0.0,0.0,0.0,0.0,0.0,0.0,0.0,0.0,0.0,0.0,0.0,0.0,0.0,0.0,0.0,0.0,0.0,0.0,0.0,3.0,3.0,0.0,0.0,0.0,0.0,0.5,0.6,-0.09999999999999998,-0.5,0.0,-0.04999999999999999,51.02853035915268,0.0,45.471932866343195,4.0,1.0,3.0,-1582.0
2017-07-25,400966347,400966347|4074001|4236955,4236955,4074001,luis gomez,dan ige,0,dan ige,SUBMISSION,3,13.38,-3.479879805882394,0.0,-3.8100000000000014,0.0,0.0,0.0,0.0,0.0,-1.0,0.0,0.0,0.0,0.0,0.0,0.0,0.0,0.0,0.0,0.0,0.0,0.0,0.0,0.0,0.0,0.0,0.0,0.0,0.0,2.0,1.0,1.0,-0.08333333333333337,0.33333333333333337,0.050000000000000044,0.4166666666666667,0.5,-0.08333333333333331,-0.41666666666666663,1.0,-0.2606120731120731,-61.63751508183441,-2.0,-9.740719588481625,-1.0,0.0,1.0,42.0
2017-08-01,400966348,400966348|3913473|4077475,4077475,3913473,julian marquez,phil hawes,1,julian marquez,KO-TKO,2,7.33,-1.3278848983894245,5.0800000000000125,-13.97,0.0,0.0,0.0,0.0,0.0,0.0,0.0,0.0,0.0,0.0,0.0,0.0,0.0,0.0,0.0,0.0,0.0,0.0,0.0,0.0,0.0,0.0,0.0,0.0,0.0,7.0,6.0,1.0,0.75,1.0,0.8,1.0,0.8333333333333334,0.16666666666666666,0.0,-1.0,-0.26041666666666663,-150.7297370660756,0.0,66.79565731741695,4.0,0.5,4.0,-293.0
2017-08-01,400966348,400966348|3960440|4020801,3960440,4020801,brandon davis,austin arnett,1,brandon davis,DEC-UNA,3,15.0,1.456566527717886,-5.079999999999984,0.0,0.0,0.0,0.0,0.0,0.0,0.0,0.0,0.0,0.0,0.0,0.0,0.0,0.0,0.0,0.0,0.0,0.0,0.0,0.0,0.0,0.0,0.0,0.0,0.0,,,,,,,,,,,,,,,,,,,,
2017-08-01,400966348,400966348|4013049|4073937,4073937,4013049,ronaldo candido de oliveira,carlos candelario,0,carlos candelario,DEC-UNA,3,15.0,2.1109263023881404,-5.0800000000000125,,0.0,1.0,0.0,0.0,0.0,1.0,0.0,0.0,0.0,0.0,0.0,0.0,0.0,0.0,0.0,0.0,0.0,0.0,0.0,0.0,0.0,0.0,0.0,0.0,,,,,,,,,,,,,,,,,,,,
2017-08-01,400966348,400966348|4063869|4237014,4237014,4063869,cheyden leialoha,john castaneda,0,john castaneda,DEC-UNA,3,15.0,-2.2396079317165984,5.0800000000000125,5.079999999999984,0.0,0.0,0.0,-1.0,0.0,0.0,0.0,0.0,0.0,0.0,0.0,0.0,0.0,0.0,0.0,0.0,0.0,0.0,0.0,0.0,0.0,0.0,0.0,0.0,0.0,-9.0,-7.0,-2.0,0.1333333333333333,0.0,0.0,-0.10256410256410264,-0.29487179487179493,0.1923076923076923,0.10256410256410253,-0.5,0.11634920634920642,-9.535107757326614,-3.0,-54.258202236620036,0.0,0.0,-2.0,-5.0
2017-08-01,400966348,400966348|4237013|4237015,4237013,4237015,james gray,kyler phillips,0,kyler phillips,KO-TKO,1,0.77,7.6305468284769695,2.539999999999992,,0.0,1.0,0.0,0.0,0.0,0.0,0.0,0.0,0.0,0.0,0.0,0.0,0.0,0.0,0.0,0.0,0.0,0.0,0.0,0.0,0.0,0.0,0.0,0.0,0.0,-3.0,-4.0,1.0,-1.0,-1.0,-1.0,-0.5,-0.5,0.0,-0.5,1.0,0.053030303030303094,22.28845780138954,-1.0,-76.20645354200883,-2.0,-1.0,-4.0,959.0
2017-08-08,400968458,400968458|3077954|3155425,3077954,3155425,kevin gray,alex perez,0,alex perez,SUBMISSION,1,2.9,,-7.619999999999976,3.8100000000000014,0.0,0.0,0.0,0.0,0.0,0.0,0.0,0.0,0.0,0.0,0.0,0.0,0.0,0.0,0.0,0.0,0.0,0.0,0.0,0.0,0.0,0.0,0.0,0.0,0.0,-9.0,-8.0,-1.0,-0.059523809523809534,-0.33333333333333337,0.0,0.14379084967320266,-0.17647058823529413,0.32026143790849676,-0.14379084967320266,0.25,0.036837508487221005,15.218890782451581,-2.0,-60.679810373786495,0.0,0.0,-2.0,-41.0
2017-08-08,400968458,400968458|3152189|4081550,4081550,3152189,mike rodriguez,jamelle jones,1,mike rodriguez,KO-TKO,1,2.25,-0.8268479161105304,10.159999999999997,19.05000000000001,0.0,0.0,1.0,0.0,1.0,0.0,0.0,0.0,0.0,0.0,0.0,0.0,0.0,0.0,0.0,0.0,0.0,0.0,0.0,0.0,0.0,0.0,0.0,0.0,0.0,-11.0,-7.0,-4.0,-0.5833333333333334,-0.3333333333333333,-0.6,-0.8571428571428571,-0.7142857142857143,-0.14285714285714285,-0.14285714285714285,0.4,0.14722222222222214,25.12187672998698,0.0,-44.62258737100865,-2.0,0.0,0.0,197.0
2017-08-08,400968458,400968458|3164449|3922491,3922491,3164449,ricky simon,donavon frelow,1,ricky simon,DEC-SPLT,3,15.0,-7.611381479428047,0.0,12.699999999999989,0.0,0.0,0.0,0.0,1.0,0.0,0.0,0.0,0.0,0.0,0.0,0.0,0.0,0.0,0.0,0.0,0.0,0.0,0.0,0.0,0.0,0.0,0.0,0.0,0.0,-4.0,-3.0,-1.0,0.0,0.3333333333333333,0.15000000000000002,-0.3333333333333333,0.3333333333333333,-0.6666666666666666,0.3333333333333333,1.0,0.012704248366013027,37.74326212330311,2.0,-18.332575871698282,0.0,0.0,0.0,379.0
2017-08-08,400968458,400968458|4008509|4227122,4227122,4008509,julio arce,peter petties,1,julio arce,KO-TKO,2,7.65,1.1471830359281832,-10.159999999999997,-5.079999999999984,0.0,0.0,0.0,0.0,0.0,0.0,0.0,0.0,0.0,0.0,0.0,0.0,0.0,0.0,0.0,0.0,0.0,0.0,0.0,0.0,0.0,0.0,0.0,0.0,0.0,3.0,1.0,2.0,-0.5,-0.33333333333333337,-0.5,0.5,0.0,0.5,-0.5,0.5,0.020583160800552114,49.68111532843227,1.0,-2.2677247576348236,0.0,0.0,1.0,43.0
2017-08-08,400968458,400968458|4013988|4245091,4245091,4013988,everett sims,shelton graves,0,shelton graves,KO-TKO,3,12.33,-2.866588636316965,-5.0800000000000125,3.8100000000000014,0.0,0.0,0.0,0.0,0.0,0.0,0.0,0.0,0.0,0.0,0.0,0.0,0.0,0.0,0.0,0.0,0.0,0.0,0.0,0.0,0.0,0.0,0.0,0.0,,,,,,,,,,,,,,,,,,,,
2017-08-16,400968459,400968459|3020777|3077134,3077134,3020777,buddy wallace,charles byrd,0,charles byrd,SUBMISSION,2,7.05,-5.388200989753383,2.539999999999992,-10.159999999999997,0.0,0.0,0.0,0.0,-1.0,0.0,-1.0,-1.0,-1.0,-1.0,0.0,-1.0,0.0,-4.92,0.0,-1.0,-2.6422764227642275,-4.878048780487805,-0.5416666666666666,-3.048780487804878,-3.048780487804878,-1.0,0.0,-3.048780487804878,,,,,,,,,,,,,,,,,,,,
2017-08-16,400968459,400968459|3074719|3931156,3931156,3074719,grant dawson,adrian diaz,1,grant dawson,SUBMISSION,2,6.25,-5.820790296857567,0.0,,0.0,-1.0,-1.0,1.0,0.0,1.0,0.0,0.0,0.0,0.0,0.0,0.0,0.0,0.0,0.0,0.0,0.0,0.0,0.0,0.0,0.0,0.0,0.0,0.0,0.0,-15.0,-9.0,-5.0,0.3125,0.33333333333333337,0.4,0.18181818181818177,0.13636363636363635,0.04545454545454547,-0.18181818181818182,-0.6,0.23059770466891205,39.88091206698164,-3.0,-47.36697582187685,0.0,0.0,2.0,0.0
2017-08-16,400968459,400968459|4028629|4245681,4028629,4245681,cameron olson,karl reed,1,cameron olson,DEC-UNA,3,15.0,,-10.160000000000023,,0.0,1.0,0.0,0.0,0.0,0.0,0.0,0.0,0.0,0.0,0.0,0.0,0.0,0.0,0.0,0.0,0.0,0.0,0.0,0.0,0.0,0.0,0.0,0.0,,,,,,,,,,,,,,,,,,,,
2017-08-16,400968459,400968459|4036096|4038127,4036096,4038127,jaime alvarez,martin day,1,jaime alvarez,DEC-UNA,3,15.0,0.6762630307261617,-5.0800000000000125,,0.0,1.0,0.0,0.0,0.0,-1.0,0.0,0.0,0.0,0.0,0.0,0.0,0.0,0.0,0.0,0.0,0.0,0.0,0.0,0.0,0.0,0.0,0.0,0.0,0.0,0.0,0.0,0.0,0.0,0.0,0.0,0.0,0.0,0.0,0.0,0.0,-0.25,-0.5036727199938014,0.0,-0.023026588508628265,0.0,0.0,0.0,736.0
2017-08-16,400968459,400968459|4037324|4232927,4232927,4037324,tiffany masters,jamie colleen miller,0,jamie colleen miller,SUBMISSION,3,14.72,,0.0,0.0,0.0,0.0,0.0,0.0,-1.0,0.0,0.0,0.0,0.0,0.0,0.0,0.0,0.0,0.0,0.0,0.0,0.0,0.0,0.0,0.0,0.0,0.0,0.0,0.0,,,,,,,,,,,,,,,,,,,,
2017-08-23,400972137,400972137|2984784|4227123,4227123,2984784,mark cherico,mike santiago,0,mike santiago,KO-TKO,1,2.98,,-5.0800000000000125,1.2700000000000102,0.0,0.0,0.0,0.0,0.0,-1.0,0.0,0.0,0.0,0.0,0.0,0.0,0.0,0.0,0.0,0.0,0.0,0.0,0.0,0.0,0.0,0.0,0.0,0.0,0.0,-4.0,-2.0,-2.0,0.09523809523809523,0.0,0.06666666666666665,0.25,0.75,-0.5,-0.25,0.33333333333333337,0.0675891568748711,-13.034144479184306,-3.0,-10.34594663624739,0.0,0.0,-1.0,405.0
2017-08-23,400972137,400972137|3039664|4245094,4245094,3039664,kennedy nzechukwu,anton berzin,1,kennedy nzechukwu,DEC-SPLT,3,15.0,-2.7050521229046467,7.620000000000003,,0.0,-1.0,1.0,0.0,1.0,-1.0,0.0,0.0,0.0,0.0,0.0,0.0,0.0,0.0,0.0,0.0,0.0,0.0,0.0,0.0,0.0,0.0,0.0,0.0,0.0,-2.0,-1.0,-1.0,0.33333333333333337,0.33333333333333337,0.33333333333333337,0.0,0.5,-0.5,0.0,-1.0,-0.3232323232323232,-62.46421578044806,0.0,-6.326260181169346,0.0,0.0,-1.0,196.0
2017-08-23,400972137,400972137|3041138|4249184,4249184,3041138,benito lopez,steven peterson,1,benito lopez,DEC-SPLT,3,15.0,-3.854973065839818,0.0,7.619999999999976,0.0,0.0,0.0,1.0,1.0,-1.0,0.0,0.0,0.0,0.0,0.0,0.0,0.0,0.0,0.0,0.0,0.0,0.0,0.0,0.0,0.0,0.0,0.0,0.0,0.0,1.0,4.0,-3.0,0.375,0.33333333333333337,0.4,-0.24444444444444446,0.3333333333333333,-0.5777777777777778,0.2444444444444444,-0.3333333333333333,-0.18120231133389042,-50.92787648702301,-1.0,79.24396877456888,-1.0,0.33333333333333337,9.0,0.0
2017-08-23,400972137,400972137|3099608|4054622,4054622,3099608,jordan espinosa,nick urso,1,jordan espinosa,SUBMISSION,1,1.38,-4.117812138510715,0.0,6.349999999999994,0.0,0.0,-1.0,0.0,0.0,1.0,0.0,0.0,0.0,0.0,0.0,0.0,0.0,0.0,0.0,0.0,0.0,0.0,0.0,0.0,0.0,0.0,0.0,0.0,0.0,1.0,0.0,1.0,-0.04583333333333328,0.0,0.20000000000000007,0.27272727272727276,-0.09090909090909091,0.36363636363636365,-0.2727272727272727,-0.35,0.006941390897444166,-8.598103576408448,-2.0,-6.223721745692046,-2.0,-1.0,2.0,0.0
2017-08-23,400972137,400972137|3128221|4249185,4249185,3128221,jp buys,joby sanchez,0,joby sanchez,KO-TKO,2,7.470000000000001,-4.851571216383636,-2.539999999999992,-2.539999999999992,0.0,0.0,0.0,0.0,0.0,0.0,-1.0,-1.0,-1.0,0.0,0.0,0.0,-1.0,-15.0,-1.0,0.0,0.0,0.0,0.0,0.0,0.0,0.0,0.0,0.0,,,,,,,,,,,,,,,,,,,,
2017-08-30,400972138,400972138|2951136|4030197,4030197,2951136,casey kenney,adam antolin,0,adam antolin,DEC-SPLT,3,15.0,-9.054258472110996,5.0800000000000125,12.699999999999989,0.0,0.0,1.0,0.0,0.0,0.0,1.0,1.0,1.0,0.0,0.0,0.0,1.0,15.0,1.0,1.0,3.933333333333333,9.533333333333331,0.4125874125874126,3.0,8.0,0.375,0.0,1.0,0.0,-6.0,-6.0,-2.0,0.0625,-0.33333333333333337,-0.19999999999999996,-0.13186813186813184,-0.010989010989011005,-0.1208791208791209,0.13186813186813184,-0.6666666666666666,0.12662058371735796,40.88604842009045,-1.0,-42.400478872297526,2.0,0.0,-9.0,0.0
2017-08-30,400972138,400972138|3153109|4256214,3153109,4256214,kelly velasco,lauren mueller,0,lauren mueller,DEC-UNA,3,15.0,,10.159999999999997,,0.0,1.0,0.0,0.0,-1.0,0.0,0.0,0.0,0.0,0.0,0.0,0.0,0.0,0.0,0.0,0.0,0.0,0.0,0.0,0.0,0.0,0.0,0.0,0.0,,,,,,,,,,,,,,,,,,,,
2017-08-30,400972138,400972138|3926497|4081024,4081024,3926497,matt frevola,jose flores,1,matt frevola,SUBMISSION,2,8.53,-2.2341321177026217,-7.620000000000003,-5.079999999999984,0.0,0.0,-1.0,0.0,0.0,1.0,0.0,0.0,0.0,0.0,0.0,0.0,0.0,0.0,0.0,0.0,0.0,0.0,0.0,0.0,0.0,0.0,0.0,0.0,,,,,,,,,,,,,,,,,,,,
2017-08-30,400972138,400972138|3983543|4249193,3983543,4249193,allen crowder,don'tale mayes,1,allen crowder,KO-TKO,3,14.2,2.1875876985838154,-7.620000000000003,-11.430000000000009,0.0,0.0,0.0,0.0,0.0,0.0,0.0,0.0,0.0,0.0,0.0,0.0,0.0,0.0,0.0,0.0,0.0,0.0,0.0,0.0,0.0,0.0,0.0,0.0,0.0,-2.0,-1.0,-1.0,0.08333333333333337,0.33333333333333337,0.15000000000000002,0.5,1.0,-0.5,-0.5,0.5,0.18611111111111112,6.764172320734588,0.0,6.479790294049508,-2.0,-1.0,3.0,0.0
2017-08-30,400972138,400972138|4249191|4249192,4249192,4249191,bevon lewis,elias urbina,1,bevon lewis,KO-TKO,2,7.779999999999999,2.431261422205793,0.0,5.079999999999984,0.0,0.0,-1.0,0.0,1.0,0.0,0.0,0.0,0.0,0.0,0.0,0.0,0.0,0.0,0.0,0.0,0.0,0.0,0.0,0.0,0.0,0.0,0.0,0.0,0.0,4.0,5.0,-1.0,1.0,1.0,1.0,0.4,0.4,0.0,0.6,-1.0,-0.4,-56.5221028354722,0.0,87.10477624788655,2.0,1.0,5.0,0.0
2018-06-13,401033270,401033270|2220951|2223033,2220951,2223033,greg hardy,austen lane,1,greg hardy,KO-TKO,1,0.95,-0.7173316358309876,-2.539999999999992,1.2700000000000102,0.0,0.0,0.0,0.0,1.0,0.0,0.0,0.0,0.0,0.0,0.0,0.0,0.0,0.0,0.0,0.0,0.0,0.0,0.0,0.0,0.0,0.0,0.0,0.0,0.0,1.0,2.0,-1.0,1.0,1.0,1.0,1.0,1.0,0.0,0.0,-1.0,-0.5,-16.0,0.0,46.52738641295582,1.0,1.0,2.0,0.0
2018-06-13,401033270,401033270|2984770|4065047,4065047,2984770,sean lally,chris curtis,0,chris curtis,KO-TKO,3,11.62,-3.307391664442118,5.079999999999984,-2.5400000000000205,0.0,0.0,0.0,0.0,-1.0,0.0,0.0,0.0,0.0,0.0,0.0,0.0,0.0,0.0,0.0,0.0,0.0,0.0,0.0,0.0,0.0,0.0,0.0,0.0,0.0,-3.0,-3.0,0.0,-0.16666666666666674,0.0,-0.13333333333333341,0.09999999999999998,0.3,-0.2,-0.09999999999999998,1.0,-0.21386164687080023,-49.15486506412981,-3.0,-53.70647415091912,0.0,0.0,0.0,69.0
2018-06-13,401033270,401033270|3943695|4339129,3943695,4339129,kevin holland,will santiago jr.,1,kevin holland,DEC-UNA,3,15.0,-9.74147313086511,12.699999999999989,,0.0,-1.0,0.0,0.0,0.0,0.0,0.0,0.0,0.0,0.0,0.0,0.0,0.0,0.0,0.0,0.0,0.0,0.0,0.0,0.0,0.0,0.0,0.0,0.0,0.0,-5.0,-2.0,-3.0,0.13492063492063489,0.33333333333333337,0.4,-0.1428571428571429,-0.31746031746031744,0.1746031746031746,0.14285714285714285,-0.6,0.3147027111939392,86.00065827738263,7.0,53.86332107303974,6.0,0.6666666666666666,6.0,0.0
2018-06-13,401033270,401033270|3948876|4339131,3948876,4339131,alonzo menifield,dashawn boatwright,1,alonzo menifield,KO-TKO,1,0.13,0.3668795389364625,0.0,0.0,0.0,0.0,0.0,0.0,1.0,0.0,1.0,1.0,1.0,0.0,0.0,0.0,0.0,5.0,0.0,1.0,1.8,6.6,0.2727272727272727,0.0,6.0,0.0,0.0,0.0,0.0,10.0,11.0,-1.0,1.0,1.0,1.0,1.0,0.6363636363636364,0.36363636363636365,0.0,-1.0,-0.5301916221033869,-125.04569202796552,2.0,156.34437868804253,8.0,1.0,11.0,0.0
2018-06-13,401033270,401033270|4252349|4339130,4339130,4252349,montel jackson,rico disciullo,1,montel jackson,KO-TKO,3,12.25,-5.533310061123775,2.5400000000000205,2.539999999999992,0.0,0.0,1.0,0.0,1.0,0.0,0.0,0.0,0.0,0.0,0.0,0.0,0.0,0.0,0.0,0.0,0.0,0.0,0.0,0.0,0.0,0.0,0.0,0.0,0.0,-13.0,-9.0,-2.0,0.15384615384615385,0.33333333333333337,0.4,0.4545454545454546,0.5454545454545454,-0.09090909090909091,-0.45454545454545453,-1.0,0.19920634920634905,59.79620324636903,0.0,-66.64032082423091,-6.0,-0.6666666666666666,2.0,0.0
2018-06-20,401033277,401033277|3122837|4339144,3122837,4339144,matt sayles,yazan hajeh,1,matt sayles,KO-TKO,1,1.95,-1.464780248738851,0.0,,0.0,-1.0,0.0,0.0,0.0,0.0,0.0,0.0,0.0,0.0,0.0,0.0,0.0,0.0,0.0,0.0,0.0,0.0,0.0,0.0,0.0,0.0,0.0,0.0,0.0,-5.0,-5.0,0.0,-0.20833333333333337,0.0,-0.13333333333333341,0.7142857142857143,0.7142857142857143,0.0,-0.7142857142857143,-1.0,0.5572916666666666,79.12679426571526,1.0,-50.49905315036813,-2.0,-1.0,1.0,0.0
2018-06-20,401033277,401033277|3146345|3887606,3146345,3887606,emiliano sordi,ryan spann,0,ryan spann,SUBMISSION,1,0.43,0.5202023313278161,-7.620000000000003,-5.079999999999984,0.0,0.0,0.0,0.0,1.0,-1.0,-1.0,0.0,0.0,0.0,0.0,0.0,0.0,-0.25,0.0,-1.0,-20.0,-28.0,-0.7142857142857143,0.0,0.0,0.0,-60.0,0.0,0.0,-7.0,-10.0,3.0,-0.30163043478260865,-0.33333333333333337,-0.6,0.05882352941176472,0.134453781512605,-0.0756302521008404,-0.058823529411764705,0.2777777777777778,0.052937303073333886,43.286857182191625,0.0,-115.53967666765584,2.0,-0.55,-7.0,0.0
2018-06-20,401033277,401033277|3938715|3957071,3938715,3957071,austin springer,giga chikadze,1,austin springer,SUBMISSION,3,14.17,1.2895542002915867,-10.159999999999997,-7.620000000000003,0.0,0.0,0.0,0.0,-1.0,0.0,0.0,0.0,0.0,0.0,0.0,0.0,0.0,0.0,0.0,0.0,0.0,0.0,0.0,0.0,0.0,0.0,0.0,0.0,,,,,,,,,,,,,,,,,,,,
2018-06-20,401033277,401033277|4339148|4339149,4339149,4339148,dwight grant,tyler hill,1,dwight grant,KO-TKO,2,7.13,6.902263564618032,-5.0800000000000125,-7.620000000000003,0.0,0.0,0.0,0.0,1.0,0.0,0.0,0.0,0.0,0.0,0.0,0.0,0.0,0.0,0.0,0.0,0.0,0.0,0.0,0.0,0.0,0.0,0.0,0.0,0.0,0.0,2.0,-2.0,1.0,1.0,1.0,0.0,0.0,0.0,1.0,-1.0,0.015692640692640758,-41.131846833089185,2.0,59.18338109792694,0.0,1.0,2.0,-29.0
2018-06-27,401033279,401033279|2506260|4276994,4276994,2506260,josh parisian,greg rebello,1,josh parisian,KO-TKO,1,1.52,-7.041896821974444,10.159999999999997,15.240000000000007,0.0,0.0,-1.0,0.0,1.0,0.0,-1.0,0.0,0.0,0.0,0.0,0.0,0.0,-8.07,0.0,0.0,0.0,0.0,0.0,0.0,0.0,0.0,0.0,0.0,0.0,-9.0,-8.0,-1.0,-0.4166666666666667,-0.3333333333333333,-0.46666666666666673,0.4444444444444444,0.4444444444444444,0.0,-0.4444444444444444,0.16666666666666669,-0.07177916794621597,-2.2874397333284833,-3.0,-97.41360818908083,-2.0,-0.5,0.0,73.0
2018-06-27,401033279,401033279|3611366|4294510,4294510,3611366,austin tweedy,te edwards,0,te edwards,KO-TKO,1,0.47,-0.0383306980978375,0.0,,0.0,1.0,0.0,0.0,-1.0,0.0,0.0,0.0,0.0,0.0,0.0,0.0,0.0,0.0,0.0,0.0,0.0,0.0,0.0,0.0,0.0,0.0,0.0,0.0,0.0,-5.0,-6.0,1.0,-0.5416666666666667,-0.6666666666666667,-0.6666666666666667,0.0,-1.0,1.0,0.0,0.5,0.3097943722943723,46.622728142806636,0.0,-94.06717106173801,-2.0,-1.0,-6.0,0.0
2018-06-27,401033279,401033279|3915502|3955577,3915502,3955577,jamall emmers,julian erosa,0,julian erosa,KO-TKO,2,6.17,0.0191653490489223,-7.619999999999976,-1.2699999999999818,0.0,0.0,-1.0,0.0,0.0,0.0,0.0,0.0,0.0,0.0,0.0,0.0,0.0,0.0,0.0,0.0,0.0,0.0,0.0,0.0,0.0,0.0,0.0,0.0,0.0,12.0,12.0,0.0,0.3609022556390978,-0.33333333333333337,0.20000000000000007,-0.19999999999999996,-0.3333333333333333,0.13333333333333333,0.2,0.5,-0.28148325457038414,-103.41006705389646,3.0,111.16968932054488,1.0,1.0,-3.0,0.0
2018-06-27,401033279,401033279|4039866|4339152,4039866,4339152,jaimelene nievera,antonina shevchenko,0,antonina shevchenko,KO-TKO,2,8.370000000000001,0.062971861160733,-7.620000000000003,,0.0,1.0,-1.0,0.0,0.0,1.0,0.0,0.0,0.0,0.0,0.0,0.0,0.0,0.0,0.0,0.0,0.0,0.0,0.0,0.0,0.0,0.0,0.0,0.0,0.0,14.0,9.0,5.0,-0.33333333333333337,-0.33333333333333337,-0.19999999999999996,-0.4,-0.8,0.4,0.4,1.0,-0.29860686698921995,-75.85076982151327,-1.0,39.417365148923636,8.0,0.75,-1.0,0.0
2018-07-11,401033280,401033280|2555540|4357555,4357555,2555540,joey gomez,kevin aguilar,0,kevin aguilar,DEC-SPLT,3,15.0,-0.9719569874809189,7.620000000000003,,0.0,1.0,0.0,0.0,-1.0,0.0,0.0,0.0,0.0,0.0,0.0,0.0,0.0,0.0,0.0,0.0,0.0,0.0,0.0,0.0,0.0,0.0,0.0,0.0,0.0,-6.0,-7.0,1.0,-0.25,-0.33333333333333337,-0.25,-0.13333333333333341,0.06666666666666665,-0.2,0.1333333333333333,0.0,-0.09466089466089467,-43.02510028333063,-7.0,-125.62429475468207,-4.0,-1.0,-9.0,265.0
2018-07-11,401033280,401033280|3020395|4239492,3020395,4239492,toby misech,ricky palacios,0,ricky palacios,DEC-UNA,3,15.0,-0.6735251237191733,5.0800000000000125,,0.0,-1.0,1.0,0.0,0.0,0.0,0.0,0.0,0.0,0.0,0.0,0.0,0.0,0.0,0.0,0.0,0.0,0.0,0.0,0.0,0.0,0.0,0.0,0.0,0.0,9.0,4.0,5.0,-0.2333333333333334,-0.6666666666666667,-0.20000000000000007,0.2666666666666666,0.2666666666666666,0.0,-0.26666666666666666,-0.33333333333333337,-0.13714285714285712,-16.52618222327601,-1.0,-30.931568940078478,0.0,0.0,-4.0,0.0
2018-07-11,401033280,401033280|3084125|4054622,4054622,3084125,jordan espinosa,rilley dutro,1,jordan espinosa,KO-TKO,3,14.97,-2.182111884569838,-5.0800000000000125,-2.5400000000000205,0.0,0.0,0.0,0.0,-1.0,1.0,1.0,1.0,1.0,1.0,0.0,1.0,0.0,1.38,0.0,1.0,3.6231884057971016,7.971014492753624,0.4545454545454545,0.0,21.739130434782613,0.0,0.0,0.0,,,,,,,,,,,,,,,,,,,,
2018-07-11,401033280,401033280|4243343|4339490,4339490,4243343,jalin turner,max mustaki,1,jalin turner,DR-TKO,1,5.0,-7.526506362211407,7.620000000000003,,0.0,-1.0,1.0,0.0,1.0,0.0,0.0,0.0,0.0,0.0,0.0,0.0,0.0,0.0,0.0,0.0,0.0,0.0,0.0,0.0,0.0,0.0,0.0,0.0,0.0,11.0,9.0,2.0,0.75,1.0,0.8,1.0,0.8888888888888888,0.1111111111111111,0.0,-0.33333333333333337,-0.2272727272727273,-66.24965538894207,3.0,95.06148677641022,4.0,1.0,4.0,0.0
2018-07-11,401033280,401033280|4249192|4339489,4249192,4339489,bevon lewis,alton cunningham,1,bevon lewis,KO-TKO,1,3.02,2.1246158374230824,2.539999999999992,5.079999999999984,0.0,0.0,0.0,0.0,0.0,0.0,1.0,1.0,1.0,1.0,1.0,0.0,0.0,7.779999999999999,0.0,1.0,3.856041131105399,10.154241645244216,0.379746835443038,0.0,1.9280205655527,0.0,0.0,0.0,0.0,3.0,4.0,-1.0,0.19999999999999996,0.33333333333333337,0.19999999999999996,-0.625,-0.625,0.0,0.625,-1.0,-0.0335119047619048,-17.719939213880707,-2.0,66.63913772287651,0.0,0.0,8.0,0.0
2018-07-18,401033281,401033281|3041157|4349153,4349153,3041157,vince morales,domingo pilarte,0,domingo pilarte,SUBMISSION,2,6.87,-0.851489079173426,-12.699999999999989,-10.159999999999997,0.0,0.0,-1.0,0.0,1.0,-1.0,0.0,0.0,0.0,0.0,0.0,0.0,0.0,0.0,0.0,0.0,0.0,0.0,0.0,0.0,0.0,0.0,0.0,0.0,0.0,-5.0,-6.0,1.0,-0.30000000000000004,-0.33333333333333337,-0.4,0.33333333333333337,0.7777777777777778,-0.4444444444444444,-0.3333333333333333,1.0,0.15087301587301583,41.08499183514982,-1.0,-86.92177322652606,0.0,0.0,-6.0,0.0
2018-07-18,401033281,401033281|4037324|4246307,4246307,4037324,maycee barber,jamie colleen miller,1,maycee barber,KO-TKO,3,14.25,-12.539614092007362,7.620000000000003,0.0,0.0,0.0,0.0,1.0,0.0,0.0,-1.0,-1.0,-1.0,-1.0,0.0,-1.0,0.0,-14.72,-1.0,-1.0,-3.532608695652174,-5.638586956521739,-0.6265060240963856,-3.057065217391304,-5.095108695652174,-0.6,0.0,0.0,,,,,,,,,,,,,,,,,,,,
2018-07-18,401033281,401033281|4079844|4290344,4290344,4079844,austin vanderford,angelo trevino,1,austin vanderford,SUBMISSION,2,7.7,3.2225165472254744,2.539999999999992,,0.0,-1.0,0.0,-1.0,-1.0,0.0,0.0,0.0,0.0,0.0,0.0,0.0,0.0,0.0,0.0,0.0,0.0,0.0,0.0,0.0,0.0,0.0,0.0,0.0,0.0,3.0,5.0,-2.0,1.0,1.0,1.0,0.6,0.2,0.4,0.4,-1.0,-0.5166666666666667,-62.94647704263025,0.0,98.0176993489979,0.0,0.0,5.0,0.0
2018-07-18,401033281,401033281|4349152|4359111,4349152,4359111,chibwikem onyenegecha,anthony adams,1,chibwikem onyenegecha,DEC-SPLT,3,15.0,-6.261593324982716,5.0800000000000125,,0.0,1.0,0.0,0.0,0.0,0.0,0.0,0.0,0.0,0.0,0.0,0.0,0.0,0.0,0.0,0.0,0.0,0.0,0.0,0.0,0.0,0.0,0.0,0.0,,,,,,,,,,,,,,,,,,,,
2018-07-18,401033281,401033281|4354318|4354319,4354318,4354319,edmen shahbazyan,antonio jones,1,edmen shahbazyan,KO-TKO,1,0.67,-12.60806176718208,5.0800000000000125,,0.0,-1.0,0.0,0.0,1.0,0.0,0.0,0.0,0.0,0.0,0.0,0.0,0.0,0.0,0.0,0.0,0.0,0.0,0.0,0.0,0.0,0.0,0.0,0.0,0.0,-7.0,-6.0,-1.0,0.125,0.33333333333333337,0.19999999999999996,0.5714285714285714,0.7142857142857143,-0.14285714285714285,-0.5714285714285714,-1.0,0.6383928571428572,103.44536860956032,1.0,-54.76266034744049,0.0,0.0,1.0,0.0
2018-07-25,401033282,401033282|2953005|4355664,2953005,4355664,nick newell,alexander munoz,0,alexander munoz,DEC-UNA,3,15.0,3.950799811084416,2.5400000000000205,,0.0,1.0,1.0,-1.0,0.0,1.0,0.0,0.0,0.0,0.0,0.0,0.0,0.0,0.0,0.0,0.0,0.0,0.0,0.0,0.0,0.0,0.0,0.0,0.0,,,,,,,,,,,,,,,,,,,,
2018-07-25,401033282,401033282|3028694|4237606,4237606,3028694,jeff hughes,josh appelt,1,jeff hughes,KO-TKO,1,4.43,-4.911805170537381,10.159999999999997,,0.0,-1.0,-1.0,0.0,0.0,0.0,0.0,0.0,0.0,0.0,0.0,0.0,0.0,0.0,0.0,0.0,0.0,0.0,0.0,0.0,0.0,0.0,0.0,0.0,0.0,-20.0,-11.0,-9.0,0.33333333333333337,0.33333333333333337,0.4,-0.6904761904761905,-0.5238095238095237,-0.16666666666666666,0.6904761904761905,-0.5555555555555556,0.24426182128771945,68.48891350581835,5.0,40.01863975960737,-5.0,0.4444444444444444,7.0,0.0
2018-07-25,401033282,401033282|4081555|4354420,4354420,4081555,jimmy crute,chris birchler,1,jimmy crute,KO-TKO,1,4.38,-8.74761288732828,-2.539999999999992,,0.0,-1.0,0.0,-1.0,0.0,0.0,0.0,0.0,0.0,0.0,0.0,0.0,0.0,0.0,0.0,0.0,0.0,0.0,0.0,0.0,0.0,0.0,0.0,0.0,0.0,-3.0,-2.0,-1.0,0.25,0.33333333333333337,0.25,-0.3333333333333333,0.0,-0.3333333333333333,0.33333333333333337,0.0,-0.07857142857142863,25.961201891959718,0.0,-11.9477872089235,0.0,0.0,1.0,-734.0
2018-07-25,401033282,401033282|4289274|4339145,4339145,4289274,mike davis,sodiq yusuff,0,sodiq yusuff,DEC-UNA,3,15.0,0.6132911695654251,7.620000000000003,3.8100000000000014,0.0,0.0,0.0,0.0,-1.0,0.0,0.0,0.0,0.0,0.0,0.0,0.0,0.0,0.0,0.0,0.0,0.0,0.0,0.0,0.0,0.0,0.0,0.0,0.0,,,,,,,,,,,,,,,,,,,,
2018-07-25,401033282,401033282|4354421|4354422,4354421,4354422,chase hooper,canaan kawaihae,1,chase hooper,DEC-UNA,3,15.0,-2.047954441227404,2.539999999999992,7.620000000000003,0.0,0.0,0.0,0.0,0.0,0.0,0.0,0.0,0.0,0.0,0.0,0.0,0.0,0.0,0.0,0.0,0.0,0.0,0.0,0.0,0.0,0.0,0.0,0.0,0.0,-5.0,-3.0,-1.0,0.19999999999999996,0.33333333333333337,0.19999999999999996,-1.0,-0.25,-0.75,1.0,0.0,0.5,67.74669228618336,0.0,-19.89205727916078,0.0,0.0,1.0,0.0
2018-08-01,401033284,401033284|3150681|4357591,3150681,4357591,jordan griffin,maurice mitchell,1,jordan griffin,SUBMISSION,1,3.95,-2.669459331813794,2.5400000000000205,,0.0,-1.0,1.0,0.0,0.0,1.0,0.0,0.0,0.0,0.0,0.0,0.0,0.0,0.0,0.0,0.0,0.0,0.0,0.0,0.0,0.0,0.0,0.0,0.0,0.0,22.0,19.0,3.0,0.7916666666666666,1.0,1.0,0.7894736842105263,0.2631578947368421,0.5263157894736842,0.21052631578947367,-0.4,-0.16928603563467048,-89.24081770546991,6.0,206.15051508295778,4.0,1.0,6.0,0.0
2018-08-01,401033284,401033284|3254940|4354423,4354423,3254940,roosevelt roberts,garrett gross,1,roosevelt roberts,SUBMISSION,2,7.220000000000001,-5.511406805067868,12.700000000000015,10.159999999999997,0.0,0.0,0.0,0.0,-1.0,1.0,0.0,0.0,0.0,0.0,0.0,0.0,0.0,0.0,0.0,0.0,0.0,0.0,0.0,0.0,0.0,0.0,0.0,0.0,0.0,-14.0,-5.0,-9.0,0.4285714285714286,0.33333333333333337,0.19999999999999996,0.16666666666666663,-0.09523809523809523,0.26190476190476186,-0.16666666666666666,-0.6666666666666666,-0.09166666666666667,-6.770532650421956,1.0,50.034446041434194,-2.0,0.5,7.0,0.0
2018-08-01,401033284,401033284|4062290|4202873,4062290,4202873,justin sumter,ian heinisch,0,ian heinisch,KO-TKO,1,3.62,-1.2649130372286912,7.620000000000003,20.319999999999997,0.0,0.0,1.0,0.0,-1.0,0.0,0.0,0.0,0.0,0.0,0.0,0.0,0.0,0.0,0.0,0.0,0.0,0.0,0.0,0.0,0.0,0.0,0.0,0.0,0.0,-12.0,-13.0,1.0,-0.625,-0.6666666666666667,-0.75,0.3571428571428571,-0.42857142857142855,0.7857142857142857,-0.35714285714285715,0.0,0.21916937229437217,23.80208516044354,-3.0,-174.83718260672003,-6.0,-0.75,-5.0,0.0
2018-08-01,401033284,401033284|4234510|4292650,4292650,4234510,juan adams,shawn teed,1,juan adams,KO-TKO,1,4.28,0.0766613961956785,0.0,,0.0,-1.0,0.0,0.0,1.0,-1.0,0.0,0.0,0.0,0.0,0.0,0.0,0.0,0.0,0.0,0.0,0.0,0.0,0.0,0.0,0.0,0.0,0.0,0.0,,,,,,,,,,,,,,,,,,,,
2018-08-01,401033284,401033284|4249193|4349155,4349155,4249193,mitchell sipe,don'tale mayes,0,don'tale mayes,KO-TKO,2,9.82,-4.230066325797246,-7.620000000000003,-12.700000000000015,0.0,0.0,0.0,0.0,0.0,0.0,-1.0,0.0,0.0,0.0,0.0,0.0,0.0,-14.2,-1.0,-1.0,-3.1690140845070425,-5.070422535211268,-0.625,-2.1126760563380285,-6.338028169014085,-0.3333333333333333,0.0,-1.0563380281690142,0.0,-7.0,-6.0,-1.0,-0.75,-0.6666666666666666,-0.8,-0.5,-0.16666666666666666,-0.3333333333333333,-0.5,0.5,0.1913690476190476,33.4991025997399,-1.0,-72.65856838859827,-2.0,-1.0,-2.0,0.0
2018-08-08,401033283,401033283|2220951|4358020,4358020,2220951,tebaris gordon,greg hardy,0,greg hardy,KO-TKO,1,0.28,,-10.160000000000023,,0.0,1.0,0.0,0.0,0.0,0.0,-1.0,-1.0,-1.0,-1.0,-1.0,0.0,0.0,-0.95,0.0,-1.0,-6.315789473684211,-15.789473684210527,-0.4,0.0,0.0,0.0,-15.789473684210526,0.0,0.0,-2.0,-3.0,1.0,-1.0,-1.0,-1.0,-1.0,-1.0,0.0,0.0,1.0,0.5,31.26369320647791,0.0,-60.39194744992528,-1.0,-1.0,-3.0,0.0
2018-08-08,401033283,401033283|3347074|4354426,3347074,4354426,bobby moffett,jacob kilburn,1,bobby moffett,SUBMISSION,2,6.03,5.073341683949703,2.5400000000000205,5.0800000000000125,0.0,0.0,0.0,0.0,-1.0,1.0,0.0,0.0,0.0,0.0,0.0,0.0,0.0,0.0,0.0,0.0,0.0,0.0,0.0,0.0,0.0,0.0,0.0,0.0,0.0,10.0,8.0,2.0,0.02777777777777779,0.33333333333333337,0.0,-0.023809523809523725,-0.26190476190476186,0.23809523809523808,0.023809523809523836,-0.5,0.26328437357849127,21.133524367987548,4.0,71.92795183995099,3.0,-0.5,3.0,0.0
2018-08-08,401033283,401033283|4070902|4354427,4354427,4070902,marty coughran,alex gilpin,0,alex gilpin,SUBMISSION,2,6.92,-2.1410432794650127,2.539999999999992,,0.0,0.0,0.0,0.0,0.0,0.0,0.0,0.0,0.0,0.0,0.0,0.0,0.0,0.0,0.0,0.0,0.0,0.0,0.0,0.0,0.0,0.0,0.0,0.0,,,,,,,,,,,,,,,,,,,,
2018-08-08,401033283,401033283|4245094|4354424,4245094,4354424,kennedy nzechukwu,dennis bryant,1,kennedy nzechukwu,KO-TKO,1,1.8,,12.700000000000015,,0.0,-1.0,1.0,0.0,1.0,0.0,1.0,1.0,1.0,0.0,0.0,0.0,1.0,15.0,1.0,1.0,4.4,9.4,0.4680851063829787,2.0,7.0,0.2857142857142857,0.0,1.0,,,,,,,,,,,,,,,,,,,,
2018-08-08,401033283,401033283|4294278|4354425,4294278,4354425,joe lowry,devonte smith,0,devonte smith,KO-TKO,1,2.87,3.6304646912667593,5.0800000000000125,-7.620000000000003,0.0,0.0,0.0,0.0,-1.0,0.0,0.0,0.0,0.0,0.0,0.0,0.0,0.0,0.0,0.0,0.0,0.0,0.0,0.0,0.0,0.0,0.0,0.0,0.0,,,,,,,,,,,,,,,,,,,,
2018-08-11,401074496,401074496|3054275|4371002,4371002,3054275,antonio arroyo,diego henrique da silva,1,antonio arroyo,DEC-UNA,3,15.0,-2.8583749152960003,2.539999999999992,,0.0,-1.0,0.0,0.0,0.0,-1.0,0.0,0.0,0.0,0.0,0.0,0.0,0.0,0.0,0.0,0.0,0.0,0.0,0.0,0.0,0.0,0.0,0.0,0.0,0.0,5.0,6.0,0.0,0.30000000000000004,0.33333333333333337,0.30000000000000004,-0.125,0.0,-0.125,0.125,1.0,-0.29851707978789,-55.50737628145794,-2.0,71.25732505536939,1.0,0.0,4.0,0.0
2018-08-11,401074496,401074496|3900464|4379257,4379257,3900464,marcos conrado jr.,augusto sakai,0,augusto sakai,KO-TKO,2,8.15,9.15282312436258,-2.539999999999992,,0.0,1.0,0.0,0.0,-1.0,0.0,0.0,0.0,0.0,0.0,0.0,0.0,0.0,0.0,0.0,0.0,0.0,0.0,0.0,0.0,0.0,0.0,0.0,0.0,0.0,-14.0,-13.0,0.0,-0.43333333333333335,-0.16666666666666663,-0.30000000000000004,0.2142857142857143,0.2142857142857143,0.0,-0.21428571428571427,1.0,0.1258973665223666,60.44478729600041,-6.0,-165.8693311813263,-8.0,0.2222222222222222,-2.0,0.0
2018-08-11,401074496,401074496|4280789|4371000,4371000,4280789,gustavo gabriel,rogerio bontorin,0,rogerio bontorin,SUBMISSION,2,9.62,-1.932962346933888,2.539999999999992,,0.0,1.0,0.0,0.0,0.0,-1.0,0.0,0.0,0.0,0.0,0.0,0.0,0.0,0.0,0.0,0.0,0.0,0.0,0.0,0.0,0.0,0.0,0.0,0.0,,,,,,,,,,,,,,,,,,,,
2018-08-11,401074496,401074496|4370999|4371004,4371004,4370999,sarah frota,maiara amanajas dos santos,1,sarah frota,KO-TKO,1,3.43,0.2409358166149893,2.539999999999992,,0.0,-1.0,0.0,0.0,0.0,1.0,0.0,0.0,0.0,0.0,0.0,0.0,0.0,0.0,0.0,0.0,0.0,0.0,0.0,0.0,0.0,0.0,0.0,0.0,0.0,-6.0,-2.0,-4.0,0.36363636363636365,0.33333333333333337,0.4,0.3142857142857143,0.2571428571428572,0.05714285714285716,-0.17142857142857137,-1.0,0.14701298701298693,23.04258389220263,1.0,41.90833824184733,-2.0,0.0,5.0,0.0
2018-08-11,401074496,401074496|4371001|4371003,4371001,4371003,mayra bueno silva,mayana kellem,1,mayra bueno silva,SUBMISSION,1,1.03,-10.1247801118435,2.539999999999992,,0.0,-1.0,0.0,0.0,1.0,0.0,0.0,0.0,0.0,0.0,0.0,0.0,0.0,0.0,0.0,0.0,0.0,0.0,0.0,0.0,0.0,0.0,0.0,0.0,,,,,,,,,,,,,,,,,,,,
2018-08-12,401074497,401074497|3091099|4081147,4081147,3091099,bruno assis,andre muniz,0,andre muniz,DEC-UNA,3,15.0,-2.2615111877725056,2.5400000000000205,0.0,0.0,0.0,-1.0,0.0,0.0,0.0,0.0,0.0,0.0,0.0,0.0,0.0,0.0,0.0,0.0,0.0,0.0,0.0,0.0,0.0,0.0,0.0,0.0,0.0,0.0,-14.0,-14.0,0.0,-0.3977272727272727,-0.6666666666666667,-0.4,-0.5490196078431373,-0.23529411764705882,-0.3137254901960785,0.5490196078431372,-0.19999999999999996,0.34423196752742213,93.9494067084222,-1.0,-142.84917458289874,4.0,0.3333333333333333,-3.0,0.0
2018-08-12,401074497,401074497|3108776|4379279,4379279,3108776,leonardo silva de oliveira,marcio alexandre jr.,0,marcio alexandre jr.,SUBMISSION,1,1.87,-2.97336700958952,2.5400000000000205,,0.0,1.0,-1.0,0.0,0.0,0.0,0.0,0.0,0.0,0.0,0.0,0.0,0.0,0.0,0.0,0.0,0.0,0.0,0.0,0.0,0.0,0.0,0.0,0.0,,,,,,,,,,,,,,,,,,,,
2018-08-12,401074497,401074497|3146944|3991049,3146944,3991049,johnny walker,henrique da silva,1,johnny walker,DEC-UNA,3,15.0,-2.576370493576185,5.0800000000000125,13.97,0.0,0.0,0.0,0.0,0.0,0.0,0.0,0.0,0.0,0.0,0.0,0.0,0.0,0.0,0.0,0.0,0.0,0.0,0.0,0.0,0.0,0.0,0.0,0.0,0.0,-15.0,-11.0,-4.0,0.050000000000000044,0.33333333333333337,0.20000000000000007,-0.1166666666666667,0.01666666666666672,-0.13333333333333333,0.11666666666666667,0.4,0.27542382304573354,60.4523885068802,1.0,-36.362282342690605,-6.0,-0.3333333333333333,3.0,0.0
2018-08-12,401074497,401074497|3170347|4039957,3170347,4039957,taila santos,estefani almeida,1,taila santos,DEC-UNA,3,15.0,-4.67908307494336,5.079999999999984,,0.0,-1.0,0.0,0.0,1.0,0.0,0.0,0.0,0.0,0.0,0.0,0.0,0.0,0.0,0.0,0.0,0.0,0.0,0.0,0.0,0.0,0.0,0.0,0.0,0.0,6.0,8.0,-2.0,0.2222222222222222,0.33333333333333337,0.19999999999999996,-0.05714285714285705,-0.04761904761904767,-0.009523809523809518,0.05714285714285716,0.0,-0.02314814814814825,-12.414127310419644,1.0,110.2316183107348,0.0,0.0,15.0,0.0
2018-08-12,401074497,401074497|4348793|4379258,4379258,4348793,marina rodriguez,maria oliveira,1,marina rodriguez,KO-TKO,1,3.05,9.623743129564602,0.0,-10.159999999999997,0.0,0.0,0.0,0.0,0.0,0.0,0.0,0.0,0.0,0.0,0.0,0.0,0.0,0.0,0.0,0.0,0.0,0.0,0.0,0.0,0.0,0.0,0.0,0.0,0.0,-12.0,-7.0,-5.0,0.3125,1.0,0.6,-0.38636363636363635,-0.2954545454545454,-0.09090909090909091,0.38636363636363635,-0.8,0.17894189144189154,58.402398113881645,2.0,7.002309526912086,-4.0,0.6,4.0,0.0
2018-08-12,401074498,401074498|3020408|4372195,4372195,3020408,raulian paiva,allan nascimento,1,raulian paiva,DEC-SPLT,3,15.0,-4.098646789461796,0.0,1.2700000000000102,0.0,0.0,0.0,0.0,0.0,0.0,0.0,0.0,0.0,0.0,0.0,0.0,0.0,0.0,0.0,0.0,0.0,0.0,0.0,0.0,0.0,0.0,0.0,0.0,0.0,-4.0,1.0,-5.0,0.20823798627002288,0.6666666666666667,0.6,-0.49019607843137253,0.10784313725490195,-0.5980392156862745,0.4901960784313725,1.0,-0.06437975336176549,-32.7139613056504,-1.0,77.49080674298807,-2.0,0.0,12.0,0.0
2018-08-12,401074498,401074498|3955778|4372295,4372295,3955778,gleidson cutis,thiago moises,0,thiago moises,KO-TKO,1,4.35,6.119222160619312,0.0,,0.0,1.0,0.0,0.0,0.0,0.0,0.0,0.0,0.0,0.0,0.0,0.0,0.0,0.0,0.0,0.0,0.0,0.0,0.0,0.0,0.0,0.0,0.0,0.0,,,,,,,,,,,,,,,,,,,,
2018-08-12,401074498,401074498|3971629|4030631,4030631,3971629,gisele moreira,dayana silva,1,gisele moreira,DEC-SPLT,3,15.0,9.588150338473753,-2.5400000000000205,,0.0,1.0,0.0,0.0,0.0,0.0,0.0,0.0,0.0,0.0,0.0,0.0,0.0,0.0,0.0,0.0,0.0,0.0,0.0,0.0,0.0,0.0,0.0,0.0,0.0,-8.0,-6.0,-2.0,-0.30303030303030304,0.0,-0.26666666666666666,-0.2857142857142857,-0.2857142857142857,0.0,0.2857142857142857,0.25,0.4787878787878789,70.58328439255911,1.0,-42.012429430746806,0.0,0.0,1.0,0.0
2018-08-12,401074498,401074498|4372190|4372194,4372190,4372194,mabelly lima,luana carolina,0,luana carolina,DEC-UNA,3,15.0,-0.6242427975933822,-10.159999999999997,,0.0,1.0,0.0,0.0,-1.0,0.0,0.0,0.0,0.0,0.0,0.0,0.0,0.0,0.0,0.0,0.0,0.0,0.0,0.0,0.0,0.0,0.0,0.0,0.0,0.0,0.0,0.0,0.0,0.0,0.0,0.0,-1.0,0.0,-1.0,1.0,0.0,0.33333333333333337,58.73214945335644,1.0,2.679243136089326,0.0,0.0,0.0,-910.0
2018-08-12,401074498,401074498|4372193|4372196,4372193,4372196,john allan,vinicius moreira,0,vinicius moreira,SUBMISSION,2,8.67,-3.98365469516828,-7.620000000000003,-2.539999999999992,0.0,0.0,0.0,0.0,1.0,-1.0,0.0,0.0,0.0,0.0,0.0,0.0,0.0,0.0,0.0,0.0,0.0,0.0,0.0,0.0,0.0,0.0,0.0,0.0,0.0,7.0,3.0,4.0,-0.1941176470588235,-0.33333333333333337,-0.19999999999999996,-0.08333333333333337,0.5555555555555556,-0.6388888888888888,0.08333333333333333,-0.19999999999999996,-0.11190783649261149,-10.718131758878599,-1.0,-24.50468420498305,-1.0,0.0,-5.0,0.0
2019-06-19,401128917,401128917|3009725|4076472,3009725,4076472,brendan loughnane,bill algeo,1,brendan loughnane,DEC-UNA,3,15.0,-0.4900853542509402,-7.620000000000003,-5.079999999999984,0.0,0.0,0.0,0.0,1.0,-1.0,0.0,0.0,0.0,0.0,0.0,0.0,0.0,0.0,0.0,0.0,0.0,0.0,0.0,0.0,0.0,0.0,0.0,0.0,0.0,16.0,14.0,2.0,0.11180124223602483,0.33333333333333337,0.20000000000000007,-0.06315789473684219,0.431578947368421,-0.49473684210526314,0.06315789473684208,-0.5,-0.26466668962101914,-42.563660574035566,3.0,112.49168719294994,7.0,0.5714285714285714,4.0,0.0
2019-06-19,401128917,401128917|3039935|4423213,3039935,4423213,alton meeks,yorgan de castro,0,yorgan de castro,KO-TKO,1,4.25,-6.29444820906658,5.0800000000000125,3.8100000000000014,0.0,0.0,0.0,0.0,0.0,0.0,0.0,0.0,0.0,0.0,0.0,0.0,0.0,0.0,0.0,0.0,0.0,0.0,0.0,0.0,0.0,0.0,0.0,0.0,,,,,,,,,,,,,,,,,,,,
2019-06-19,401128917,401128917|4080575|4289255,4289255,4080575,hannah goldy,kali robbins,1,hannah goldy,DEC-UNA,3,15.0,-7.868744738084974,2.539999999999992,-6.349999999999994,0.0,0.0,0.0,0.0,0.0,0.0,0.0,0.0,0.0,0.0,0.0,0.0,0.0,0.0,0.0,0.0,0.0,0.0,0.0,0.0,0.0,0.0,0.0,0.0,,,,,,,,,,,,,,,,,,,,
2019-06-19,401128917,401128917|4237148|4423214,4423214,4237148,punahele soriano,jamie pickett,1,punahele soriano,DEC-UNA,3,15.0,-4.232804232804234,-7.620000000000003,-19.049999999999983,0.0,0.0,1.0,0.0,-1.0,0.0,-1.0,0.0,0.0,0.0,0.0,0.0,0.0,-4.92,0.0,-1.0,-2.6422764227642275,-4.878048780487805,-0.5416666666666666,-3.048780487804878,-3.048780487804878,-1.0,0.0,-3.048780487804878,0.0,5.0,6.0,-1.0,0.5,0.5,0.5,-0.1428571428571429,-0.5714285714285714,0.42857142857142855,0.14285714285714285,0.0,-0.06320346320346315,-30.24413969067905,2.0,99.98185809602023,2.0,1.0,7.0,0.0
2019-06-26,401128919,401128919|2511778|4329444,4329444,2511778,kyle daukaus,michael lombardo,1,kyle daukaus,DEC-UNA,3,15.0,-2.9049193344148065,7.620000000000003,10.159999999999997,0.0,0.0,1.0,0.0,0.0,0.0,0.0,0.0,0.0,0.0,0.0,0.0,0.0,0.0,0.0,0.0,0.0,0.0,0.0,0.0,0.0,0.0,0.0,0.0,,,,,,,,,,,,,,,,,,,,
2019-06-26,401128919,401128919|2560714|4339489,2560714,4339489,tony johnson,alton cunningham,1,tony johnson,DEC-UNA,3,15.0,10.132993832864468,0.0,-7.620000000000003,0.0,0.0,0.0,1.0,-1.0,0.0,-1.0,0.0,0.0,0.0,0.0,0.0,0.0,-3.02,0.0,0.0,0.0,0.0,0.0,0.0,0.0,0.0,0.0,0.0,0.0,11.0,9.0,1.0,0.08333333333333337,0.33333333333333337,0.4,-0.5333333333333333,-0.6666666666666667,0.13333333333333333,0.4666666666666667,-0.16666666666666669,-0.0939925641309155,19.151839953140097,5.0,109.97089433974361,1.0,0.0,8.0,0.0
2019-06-26,401128919,401128919|3120459|4423448,3120459,4423448,victor reyna,miguel baeza,0,miguel baeza,DEC-UNA,3,15.0,6.050774485444599,-7.620000000000003,-1.2699999999999818,0.0,0.0,1.0,0.0,0.0,0.0,0.0,0.0,0.0,0.0,0.0,0.0,0.0,0.0,0.0,0.0,0.0,0.0,0.0,0.0,0.0,0.0,0.0,0.0,0.0,3.0,1.0,1.0,-0.33333333333333337,-0.33333333333333337,-0.33333333333333337,-0.5,-0.5,0.0,0.5,0.0,-0.009840629800307199,28.209574972409428,0.0,4.532473692655458,0.0,0.0,0.0,147.0
2019-06-26,401128919,401128919|4010864|4392322,4010864,4392322,miles johns,richie santiago,1,miles johns,DEC-UNA,3,15.0,-1.467518155745843,0.0,2.539999999999992,0.0,0.0,-1.0,0.0,0.0,1.0,0.0,0.0,0.0,0.0,0.0,0.0,0.0,0.0,0.0,0.0,0.0,0.0,0.0,0.0,0.0,0.0,0.0,0.0,0.0,4.0,4.0,0.0,0.0,0.0,0.0,-0.8,0.2,-1.0,0.8,0.0,-0.15319597069597057,4.234513834857353,3.0,69.5434813267907,4.0,1.0,4.0,-378.0
2019-06-26,401128919,401128919|4030352|4423425,4423425,4030352,justin gonzales,zach zane,1,justin gonzales,DEC-UNA,3,15.0,-1.3689535034942537,-2.5400000000000205,7.620000000000003,0.0,0.0,-1.0,0.0,0.0,-1.0,0.0,0.0,0.0,0.0,0.0,0.0,0.0,0.0,0.0,0.0,0.0,0.0,0.0,0.0,0.0,0.0,0.0,0.0,0.0,-10.0,-2.0,-8.0,0.4,0.33333333333333337,0.19999999999999996,-0.6,0.04999999999999999,-0.65,0.6,-0.625,-0.036425438596491055,-1.4573048475585892,0.0,65.6698113040693,0.0,0.0,10.0,0.0
2019-07-10,401128920,401128920|4016050|4062290,4062290,4016050,justin sumter,maki pitolo,0,maki pitolo,KO-TKO,1,1.62,1.037666755648644,10.159999999999997,12.699999999999989,0.0,0.0,1.0,0.0,0.0,0.0,1.0,0.0,0.0,0.0,0.0,0.0,0.0,3.62,0.0,1.0,2.7624309392265194,4.419889502762431,0.625,0.0,0.0,0.0,0.0,0.0,0.0,-12.0,-12.0,0.0,-0.5647058823529412,-0.6666666666666667,-0.6000000000000001,0.23076923076923073,-0.46153846153846156,0.6923076923076923,-0.23076923076923078,0.0,0.2377965242944723,48.53157971981,-3.0,-151.03427972784402,0.0,-1.0,-4.0,0.0
2019-07-10,401128920,401128920|4239743|4245092,4245092,4239743,jonathan pearce,jacob rosales,1,jonathan pearce,KO-TKO,3,11.83,3.238943989267405,2.539999999999992,-7.620000000000003,0.0,0.0,0.0,1.0,1.0,0.0,0.0,0.0,0.0,0.0,0.0,0.0,0.0,0.0,0.0,0.0,0.0,0.0,0.0,0.0,0.0,0.0,0.0,0.0,0.0,5.0,3.0,2.0,-0.10317460317460314,0.33333333333333337,0.19999999999999996,0.40909090909090906,0.3522727272727273,0.05681818181818182,-0.40909090909090906,-0.33333333333333337,-0.16503676062499606,-32.45763545999512,-3.0,4.748591038779523,-2.0,0.0,7.0,0.0
2019-07-10,401128920,401128920|4423875|4423876,4423875,4423876,jesse wallace,joe solecki,0,joe solecki,SUBMISSION,1,3.82,0.7748276829777474,2.5400000000000205,-2.539999999999992,0.0,0.0,0.0,0.0,0.0,0.0,0.0,0.0,0.0,0.0,0.0,0.0,0.0,0.0,0.0,0.0,0.0,0.0,0.0,0.0,0.0,0.0,0.0,0.0,0.0,-3.0,-3.0,0.0,-0.75,-0.6666666666666666,-0.75,-0.6666666666666666,0.0,-0.6666666666666666,-0.3333333333333333,0.0,-0.024009324009324096,40.27366724527087,-1.0,-51.41054232139254,0.0,0.0,-2.0,3762.0
2019-07-10,401128920,401128920|4425705|4425706,4425706,4425705,hunter azure,chris ocon,1,hunter azure,DEC-UNA,3,15.0,3.928896555028509,2.539999999999992,0.0,0.0,0.0,0.0,0.0,0.0,0.0,0.0,0.0,0.0,0.0,0.0,0.0,0.0,0.0,0.0,0.0,0.0,0.0,0.0,0.0,0.0,0.0,0.0,0.0,0.0,5.0,6.0,-1.0,0.19999999999999996,0.33333333333333337,0.19999999999999996,-0.25,-0.09999999999999998,-0.15,0.25,0.0,-0.1504545454545455,-19.611218575926614,0.0,87.68377294330207,6.0,1.0,10.0,0.0
2019-07-17,401128921,401128921|3945573|4371002,3945573,4371002,stephen regman,antonio arroyo,0,antonio arroyo,SUBMISSION,2,8.52,-2.09449886034621,-10.159999999999997,8.890000000000015,0.0,0.0,0.0,0.0,1.0,0.0,-1.0,-1.0,-1.0,0.0,0.0,0.0,-1.0,-15.0,-1.0,-1.0,-2.533333333333333,-4.4,-0.5757575757575758,0.0,0.0,0.0,0.0,0.0,0.0,3.0,1.0,2.0,-0.10389610389610393,-0.33333333333333337,-0.19999999999999996,0.011111111111111183,0.3555555555555556,-0.34444444444444444,-0.0111111111111111,-0.5,0.04103158746015889,9.504670609905816,-1.0,-15.059280537138193,1.0,1.0,-5.0,0.0
2019-07-17,401128921,401128921|4025699|4255574,4255574,4025699,aaron jeffery,brendan allen,0,brendan allen,SUBMISSION,1,3.38,3.1184760809599084,0.0,-5.0800000000000125,0.0,0.0,0.0,0.0,0.0,-1.0,0.0,0.0,0.0,0.0,0.0,0.0,0.0,0.0,0.0,0.0,0.0,0.0,0.0,0.0,0.0,0.0,0.0,0.0,0.0,-11.0,-10.0,-1.0,-0.34615384615384615,-0.5,-0.5,0.18181818181818177,0.5454545454545454,-0.36363636363636365,-0.18181818181818182,0.0,0.028359199312156025,-56.037451771441056,-6.0,-147.05422092284562,-10.0,-0.8,-5.0,1077.0
2019-07-17,401128921,401128921|4249193|4312854,4249193,4312854,don'tale mayes,ricardo prasel,1,don'tale mayes,KO-TKO,1,4.98,-1.623578855144185,-2.539999999999992,7.620000000000003,0.0,0.0,0.0,0.0,1.0,0.0,2.0,1.0,0.5,0.5,0.5,0.0,0.0,12.01,0.5,1.0,5.953372189841798,10.616153205661949,0.5607843137254902,1.2489592006661117,3.746877601998335,0.3333333333333333,0.0,0.6244796003330558,0.0,-3.0,-2.0,-1.0,0.03076923076923077,0.6666666666666667,0.4,-0.375,0.04999999999999999,-0.42500000000000004,0.375,0.16666666666666669,0.12679037336932075,4.0807416089380695,0.0,8.769214016670048,0.0,1.0,4.0,0.0
2019-07-17,401128921,401128921|4424222|4424224,4424224,4424222,ode' osbourne,armando villarreal,1,ode' osbourne,SUBMISSION,1,4.65,-2.4203097941778395,0.0,16.50999999999999,0.0,0.0,0.0,0.0,0.0,0.0,0.0,0.0,0.0,0.0,0.0,0.0,0.0,0.0,0.0,0.0,0.0,0.0,0.0,0.0,0.0,0.0,0.0,0.0,0.0,0.0,-1.0,0.0,-0.018181818181818188,0.33333333333333337,0.0,0.3194444444444444,0.02777777777777779,0.2916666666666667,-0.3194444444444444,0.0,-0.2204315886134069,-23.55851935413034,-1.0,-16.054937184647542,-8.0,-1.0,4.0,0.0
2019-07-17,401128921,401128921|4424478|4424582,4424582,4424478,kevin syler,lance lawrence,1,kevin syler,DEC-UNA,3,15.0,-0.0903509312306205,-7.620000000000003,-1.2699999999999818,0.0,0.0,0.0,1.0,0.0,0.0,0.0,0.0,0.0,0.0,0.0,0.0,0.0,0.0,0.0,0.0,0.0,0.0,0.0,0.0,0.0,0.0,0.0,0.0,0.0,0.0,0.0,0.0,0.0,0.0,0.0,-1.0,0.0,-1.0,1.0,0.0,-0.4,-41.46635155663262,0.0,-1.8854364392236675,0.0,0.0,0.0,596.0
2019-07-24,401128922,401128922|3900088|3939270,3939270,3900088,kamuela kirk,billy quarantillo,0,billy quarantillo,KO-TKO,3,10.37,-5.344394477641565,0.0,12.699999999999989,0.0,0.0,0.0,1.0,0.0,0.0,0.0,0.0,0.0,0.0,0.0,0.0,0.0,0.0,0.0,0.0,0.0,0.0,0.0,0.0,0.0,0.0,0.0,0.0,0.0,9.0,6.0,3.0,-0.2142857142857143,-0.33333333333333337,-0.19999999999999996,0.4,-0.32727272727272727,0.7272727272727273,-0.4,0.3333333333333333,-0.22079392381811735,-43.278494597227564,-2.0,18.31972553610285,4.0,1.0,-5.0,0.0
2019-07-24,401128922,401128922|4040956|4425611,4425611,4040956,ramazan kuramagomedov,jordan williams,1,ramazan kuramagomedov,DEC-SPLT,3,15.0,-5.861858901962396,-2.539999999999992,-6.350000000000023,0.0,0.0,-1.0,0.0,-1.0,0.0,0.0,0.0,0.0,0.0,0.0,0.0,0.0,0.0,0.0,0.0,0.0,0.0,0.0,0.0,0.0,0.0,0.0,0.0,0.0,3.0,5.0,-1.0,0.19999999999999996,0.33333333333333337,0.19999999999999996,-0.19444444444444442,-0.5277777777777778,0.3333333333333333,0.19444444444444442,0.0,-0.017823380323380378,-7.389719425015528,2.0,84.90132995472163,4.0,0.0,9.0,0.0
2019-07-24,401128922,401128922|4064714|4425355,4064714,4425355,alexander poppeck,jamahal hill,0,jamahal hill,KO-TKO,2,9.48,-0.8843439632572867,-5.079999999999984,,0.0,1.0,-1.0,0.0,0.0,0.0,0.0,0.0,0.0,0.0,0.0,0.0,0.0,0.0,0.0,0.0,0.0,0.0,0.0,0.0,0.0,0.0,0.0,0.0,,,,,,,,,,,,,,,,,,,,
2019-07-24,401128922,401128922|4407930|4426306,4407930,4426306,jj okanovich,christian lohsen,1,jj okanovich,DEC-UNA,3,15.0,4.221852604776277,-7.620000000000003,2.539999999999992,0.0,0.0,-1.0,0.0,0.0,0.0,0.0,0.0,0.0,0.0,0.0,0.0,0.0,0.0,0.0,0.0,0.0,0.0,0.0,0.0,0.0,0.0,0.0,0.0,,,,,,,,,,,,,,,,,,,,
2019-07-24,401128922,401128922|4425604|4566991,4425604,4566991,terrance mckinney,sean woodson,0,sean woodson,KO-TKO,2,6.82,-2.2724628158004627,-10.159999999999997,-11.430000000000009,0.0,0.0,0.0,1.0,0.0,0.0,0.0,0.0,0.0,0.0,0.0,0.0,0.0,0.0,0.0,0.0,0.0,0.0,0.0,0.0,0.0,0.0,0.0,0.0,0.0,7.0,5.0,2.0,-0.2222222222222222,-0.33333333333333337,-0.4,0.5,-0.35714285714285715,0.8571428571428571,-0.5,1.0,-0.34931657848324515,-46.378887591012244,-1.0,23.257804370225585,0.0,0.0,-2.0,0.0
2019-07-31,401128923,401128923|3897220|4426312,4426312,3897220,daniel rodriguez,rico farrington,1,daniel rodriguez,DEC-UNA,3,15.0,2.4668542132966493,-7.620000000000003,-12.699999999999989,0.0,0.0,0.0,0.0,0.0,0.0,0.0,0.0,0.0,0.0,0.0,0.0,0.0,0.0,0.0,0.0,0.0,0.0,0.0,0.0,0.0,0.0,0.0,0.0,0.0,1.0,2.0,-1.0,1.0,1.0,1.0,1.0,0.5,0.5,0.0,-1.0,-0.7166666666666667,-33.494231269425654,0.0,45.65121282867858,0.0,0.0,2.0,-1786.0
2019-07-31,401128923,401128923|4043437|4426305,4043437,4426305,aalon cruz,steven nguyen,1,aalon cruz,KO-TKO,3,14.6,3.660581668343632,2.539999999999992,12.700000000000015,0.0,0.0,0.0,0.0,-1.0,0.0,0.0,0.0,0.0,0.0,0.0,0.0,0.0,0.0,0.0,0.0,0.0,0.0,0.0,0.0,0.0,0.0,0.0,0.0,0.0,7.0,6.0,1.0,0.13333333333333341,0.33333333333333337,0.13333333333333341,0.0,0.25,-0.25,0.0,0.0,-0.10398381574852156,-16.743472449967385,2.0,68.48099855587407,0.0,0.0,4.0,0.0
2019-07-31,401128923,401128923|4243624|4426285,4243624,4426285,tracy cortez,mariya agapova,1,tracy cortez,DEC-UNA,3,15.0,3.3238191064840485,-2.539999999999992,-7.620000000000003,0.0,0.0,-1.0,0.0,-1.0,0.0,0.0,0.0,0.0,0.0,0.0,0.0,0.0,0.0,0.0,0.0,0.0,0.0,0.0,0.0,0.0,0.0,0.0,0.0,,,,,,,,,,,,,,,,,,,,
2019-07-31,401128923,401128923|4426144|4426192,4426144,4426192,michal martinek,rodrigo nascimento,0,rodrigo nascimento,SUBMISSION,1,3.27,2.606487470653061,0.0,-3.8100000000000014,0.0,0.0,1.0,0.0,0.0,-1.0,0.0,0.0,0.0,0.0,0.0,0.0,0.0,0.0,0.0,0.0,0.0,0.0,0.0,0.0,0.0,0.0,0.0,0.0,0.0,5.0,6.0,-1.0,0.1507936507936508,0.0,0.20000000000000007,-0.15384615384615385,0.4065934065934066,-0.5604395604395604,0.15384615384615385,0.5,-0.1527563803299098,2.0778551923256146,1.0,77.83273355170377,12.0,1.0,-1.0,0.0
2019-07-31,401128923,401128923|4426299|4426301,4426299,4426301,aleksa camur,fabio cherant,1,aleksa camur,KO-TKO,2,5.8,-0.8323237301245072,0.0,0.0,0.0,0.0,-1.0,0.0,0.0,0.0,0.0,0.0,0.0,0.0,0.0,0.0,0.0,0.0,0.0,0.0,0.0,0.0,0.0,0.0,0.0,0.0,0.0,0.0,0.0,-4.0,-3.0,-1.0,0.19999999999999996,0.33333333333333337,0.19999999999999996,0.0,1.0,-1.0,0.0,-1.0,0.6,61.65600594885336,0.0,-21.794845897839195,0.0,0.0,1.0,0.0
2019-08-07,401128924,401128924|3089633|3121961,3121961,3089633,darrick minner,herbert burns,0,herbert burns,SUBMISSION,1,2.48,-2.2341321177026217,-5.079999999999984,-10.159999999999997,0.0,0.0,0.0,0.0,0.0,0.0,0.0,0.0,0.0,0.0,0.0,0.0,0.0,0.0,0.0,0.0,0.0,0.0,0.0,0.0,0.0,0.0,0.0,0.0,0.0,31.0,18.0,13.0,-0.18888888888888888,-0.3333333333333333,-0.4,-0.09090909090909094,0.045454545454545456,-0.13636363636363635,0.09090909090909091,0.8571428571428571,-0.1343590080766559,-33.037347179565586,1.0,-6.549825908649154,8.0,0.0,-2.0,0.0
2019-08-07,401128924,401128924|3091099|4565642,3091099,4565642,andre muniz,taylor johnson,1,andre muniz,SUBMISSION,1,1.77,0.7255453568519563,2.539999999999992,10.159999999999997,0.0,0.0,1.0,-1.0,0.0,0.0,1.0,1.0,1.0,0.0,0.0,0.0,1.0,15.0,1.0,1.0,3.2,5.066666666666666,0.631578947368421,3.0,9.0,0.3333333333333333,0.0,0.0,0.0,13.0,9.0,4.0,-0.11739130434782608,0.33333333333333337,0.0,-0.11111111111111116,-0.7777777777777778,0.6666666666666666,0.1111111111111111,0.0,0.19395363091015272,8.543154676092172,4.0,58.64118561288342,-6.0,-1.0,4.0,0.0
2019-08-07,401128924,401128924|4062287|4565645,4565645,4062287,dwight joseph,jay perrin,1,dwight joseph,DEC-UNA,3,15.0,3.8303319027769223,0.0,-2.5400000000000205,0.0,0.0,0.0,0.0,0.0,0.0,0.0,0.0,0.0,0.0,0.0,0.0,0.0,0.0,0.0,0.0,0.0,0.0,0.0,0.0,0.0,0.0,0.0,0.0,0.0,-1.0,3.0,-5.0,0.34523809523809523,0.33333333333333337,0.19999999999999996,-0.07954545454545459,0.022727272727272707,-0.10227272727272729,0.07954545454545453,-0.3333333333333333,-0.33623098369704707,-40.55674461694093,-1.0,80.81684637597732,-2.0,1.0,8.0,0.0
2019-08-07,401128924,401128924|4234751|4350860,4234751,4350860,lucrezia ria,marilia santos,1,lucrezia ria,DEC-SPLT,3,15.0,0.4627062841810563,12.699999999999989,-2.539999999999992,0.0,0.0,0.0,0.0,0.0,0.0,0.0,0.0,0.0,0.0,0.0,0.0,0.0,0.0,0.0,0.0,0.0,0.0,0.0,0.0,0.0,0.0,0.0,0.0,,,,,,,,,,,,,,,,,,,,
2019-08-07,401128924,401128924|4372245|4409396,4372245,4409396,omar morales,harvey park,1,omar morales,KO-TKO,2,6.1,0.4271134930902107,-2.539999999999992,6.349999999999994,0.0,0.0,0.0,0.0,1.0,0.0,0.0,0.0,0.0,0.0,0.0,0.0,0.0,0.0,0.0,0.0,0.0,0.0,0.0,0.0,0.0,0.0,0.0,0.0,0.0,-1.0,3.0,-4.0,0.4,0.33333333333333337,0.19999999999999996,0.2222222222222222,-0.3333333333333333,0.5555555555555556,-0.2222222222222222,-0.5,-0.319274938024938,-78.9775915622663,-4.0,57.524194326012775,-6.0,0.25,9.0,0.0
2019-08-14,401128925,401128925|3115959|4065617,3115959,4065617,sarah alpar,shanna young,1,sarah alpar,SUBMISSION,2,7.92,-0.2765286077058384,-7.620000000000003,-10.159999999999997,0.0,0.0,1.0,0.0,0.0,0.0,0.0,0.0,0.0,0.0,0.0,0.0,0.0,0.0,0.0,0.0,0.0,0.0,0.0,0.0,0.0,0.0,0.0,0.0,0.0,-3.0,-3.0,0.0,-0.15000000000000002,0.33333333333333337,0.0,-0.3333333333333333,-0.16666666666666666,-0.16666666666666669,0.3333333333333333,0.0,0.2906349206349206,64.86392561548973,3.0,-17.91043173851881,2.0,1.0,3.0,0.0
2019-08-14,401128925,401128925|3119811|4084453,4084453,3119811,tony gravely,ray rodriguez,1,tony gravely,KO-TKO,3,12.27,-3.8002149257000495,-5.0800000000000125,-2.5400000000000205,0.0,0.0,0.0,0.0,0.0,0.0,0.0,0.0,0.0,0.0,0.0,0.0,0.0,0.0,0.0,0.0,0.0,0.0,0.0,0.0,0.0,0.0,0.0,0.0,0.0,1.0,5.0,-4.0,0.17500000000000004,0.33333333333333337,0.6,-0.04999999999999993,0.2,-0.25,0.04999999999999999,0.13333333333333341,0.10665367606696369,0.4985571792765313,0.0,87.4868137744877,-1.0,0.5,7.0,0.0
2019-08-14,401128925,401128925|4044409|4565646,4565646,4044409,devin smyth,brok weaver,0,brok weaver,DEC-UNA,3,15.0,-3.6249888772527834,-5.079999999999984,0.0,0.0,0.0,-1.0,1.0,0.0,0.0,0.0,0.0,0.0,0.0,0.0,0.0,0.0,0.0,0.0,0.0,0.0,0.0,0.0,0.0,0.0,0.0,0.0,0.0,,,,,,,,,,,,,,,,,,,,
2019-08-14,401128925,401128925|4245681|4248475,4245681,4248475,karl reed,julius anglickas,0,julius anglickas,SUBMISSION,3,13.42,,5.0800000000000125,2.539999999999992,0.0,0.0,0.0,0.0,0.0,0.0,1.0,0.0,0.0,0.0,0.0,0.0,0.0,15.0,1.0,1.0,2.2,5.2,0.4230769230769231,0.0,4.0,0.0,0.0,0.0,0.0,-8.0,-8.0,0.0,-0.4,-0.5,-0.5,-1.0,-0.3333333333333333,-0.6666666666666666,1.0,0.0,0.15515873015873016,49.6521599717114,0.0,-107.07654337358599,-4.0,-1.0,-8.0,0.0
2019-08-14,401128925,401128925|4255766|4379326,4379326,4255766,herdem alacabek,william knight,0,william knight,KO-TKO,3,14.57,-3.175972128106668,10.159999999999997,5.0800000000000125,0.0,0.0,0.0,0.0,0.0,0.0,0.0,0.0,0.0,0.0,0.0,0.0,0.0,0.0,0.0,0.0,0.0,0.0,0.0,0.0,0.0,0.0,0.0,0.0,0.0,-3.0,-2.0,-1.0,0.25,0.0,0.25,0.0,-0.6666666666666666,0.6666666666666667,0.0,-1.0,0.24924242424242438,26.66867070623971,1.0,-16.626858675539097,1.0,1.0,-2.0,596.0
2019-08-21,401128926,401128926|3023804|4573548,3023804,4573548,steve garcia,desmond torres,1,steve garcia,KO-TKO,1,4.58,4.627062841810577,15.240000000000007,15.240000000000007,0.0,0.0,1.0,0.0,1.0,0.0,0.0,0.0,0.0,0.0,0.0,0.0,0.0,0.0,0.0,0.0,0.0,0.0,0.0,0.0,0.0,0.0,0.0,0.0,0.0,20.0,15.0,5.0,0.2272727272727273,0.5,0.09999999999999998,-0.375,-0.375,0.0,0.375,-0.8333333333333334,-0.02711475145685671,-15.493037766761518,2.0,113.96591671258375,14.0,0.7142857142857143,3.0,0.0
2019-08-21,401128926,401128926|3924096|4423215,4423215,3924096,leon shahbazyan,phil rowe,0,phil rowe,KO-TKO,3,10.27,-5.336180756620603,2.539999999999992,-15.240000000000007,0.0,0.0,0.0,0.0,0.0,0.0,0.0,0.0,0.0,0.0,0.0,0.0,0.0,0.0,0.0,0.0,0.0,0.0,0.0,0.0,0.0,0.0,0.0,0.0,,,,,,,,,,,,,,,,,,,,
2019-08-21,401128926,401128926|4141265|4565668,4565668,4141265,micol disegni,mallory martin,0,mallory martin,DEC-UNA,3,15.0,6.086367276535452,-2.539999999999992,-6.350000000000023,0.0,0.0,0.0,0.0,0.0,0.0,0.0,0.0,0.0,0.0,0.0,0.0,0.0,0.0,0.0,0.0,0.0,0.0,0.0,0.0,0.0,0.0,0.0,0.0,0.0,2.0,2.0,0.0,0.06060606060606066,-0.6666666666666667,-0.4,-0.16666666666666663,-0.08333333333333331,-0.08333333333333331,0.16666666666666669,0.3333333333333333,-0.09963524130190804,-0.7802033645457414,0.0,11.243606340117367,-2.0,0.5,-5.0,0.0
2019-08-21,401128926,401128926|4303035|4569668,4303035,4569668,phil caracappa,ricky steele,0,ricky steele,DEC-SPLT,3,15.0,-4.027461207280098,-2.539999999999992,-10.159999999999997,0.0,0.0,0.0,0.0,0.0,0.0,0.0,0.0,0.0,0.0,0.0,0.0,0.0,0.0,0.0,0.0,0.0,0.0,0.0,0.0,0.0,0.0,0.0,0.0,0.0,3.0,2.0,1.0,-0.11111111111111116,-0.33333333333333337,-0.19999999999999996,0.25,0.25,0.0,-0.25,0.0,-0.18485449735449733,-10.129799634382834,1.0,3.1893767428655337,0.0,0.0,-6.0,0.0
2019-08-21,401128926,401128926|4565641|4570799,4565641,4570799,jamal pogues,marcos brigagão,1,jamal pogues,DEC-UNA,3,15.0,0.3340246548525982,0.0,2.5400000000000205,0.0,0.0,-1.0,0.0,1.0,0.0,0.0,0.0,0.0,0.0,0.0,0.0,0.0,0.0,0.0,0.0,0.0,0.0,0.0,0.0,0.0,0.0,0.0,0.0,0.0,-2.0,-4.0,2.0,-0.21666666666666667,0.33333333333333337,-0.20000000000000007,-0.2857142857142857,-0.1558441558441559,-0.12987012987012986,0.2857142857142857,1.0,0.26150793650793647,22.402469098156416,0.0,-54.58659676056436,2.0,0.0,3.0,0.0
2019-08-28,401128918,401128918|4033520|4421517,4033520,4421517,teddy ash,duško todorović,0,duško todorović,DEC-UNA,3,15.0,4.391602839209565,0.0,-2.5400000000000205,0.0,0.0,0.0,1.0,0.0,0.0,0.0,0.0,0.0,0.0,0.0,0.0,0.0,0.0,0.0,0.0,0.0,0.0,0.0,0.0,0.0,0.0,0.0,0.0,,,,,,,,,,,,,,,,,,,,
2019-08-28,401128918,401128918|4063667|4569669,4063667,4569669,tj brown,dylan lockard,1,tj brown,SUBMISSION,3,12.98,1.993196301087636,0.0,0.0,0.0,0.0,0.0,1.0,0.0,0.0,0.0,0.0,0.0,0.0,0.0,0.0,0.0,0.0,0.0,0.0,0.0,0.0,0.0,0.0,0.0,0.0,0.0,0.0,,,,,,,,,,,,,,,,,,,,
2019-08-28,401128918,401128918|4388465|4573209,4573209,4388465,sanghoon yoo,peter barrett,0,peter barrett,DEC-UNA,3,15.0,-3.441549107784549,5.079999999999984,2.5400000000000205,0.0,0.0,-1.0,0.0,-1.0,0.0,0.0,0.0,0.0,0.0,0.0,0.0,0.0,0.0,0.0,0.0,0.0,0.0,0.0,0.0,0.0,0.0,0.0,0.0,,,,,,,,,,,,,,,,,,,,
2019-08-28,401128918,401128918|4573207|4573208,4573207,4573208,kailan hill,impa kasanganay,0,impa kasanganay,DEC-UNA,3,15.0,-0.8706544282223447,5.079999999999984,5.0800000000000125,0.0,0.0,1.0,0.0,0.0,0.0,0.0,0.0,0.0,0.0,0.0,0.0,0.0,0.0,0.0,0.0,0.0,0.0,0.0,0.0,0.0,0.0,0.0,0.0,0.0,-2.0,-3.0,1.0,-0.19999999999999996,-0.33333333333333337,-0.19999999999999996,0.2142857142857143,0.35714285714285715,-0.14285714285714285,-0.2142857142857143,0.0,0.28698412698412695,33.29607981423737,2.0,-50.213866836861826,2.0,0.0,-7.0,0.0
2020-08-05,401221629,401221629|2594871|4010873,4010873,2594871,ty flores,dustin jacoby,0,dustin jacoby,DEC-UNA,3,15.0,-5.716749830592001,0.0,-7.620000000000003,0.0,0.0,0.0,1.0,-1.0,0.0,0.0,0.0,0.0,0.0,0.0,0.0,0.0,0.0,0.0,0.0,0.0,0.0,0.0,0.0,0.0,0.0,0.0,0.0,0.0,-8.0,-4.0,-4.0,0.09569377990430628,0.0,0.4,-0.125,-0.5416666666666666,0.4166666666666667,0.125,-0.04761904761904767,-0.04179710784661306,-33.772357317640626,-4.0,-0.8147276681406765,-4.0,1.0,-2.0,0.0
2020-08-05,401221629,401221629|3926497|4686565,4686565,3926497,jordan leavitt,jose flores,1,jordan leavitt,SUBMISSION,1,4.25,-7.208909149400743,-7.620000000000003,-5.079999999999984,0.0,0.0,0.0,0.0,0.0,0.0,-1.0,0.0,0.0,0.0,0.0,0.0,0.0,-8.53,0.0,-1.0,-2.1101992966002348,-4.572098475967176,-0.4615384615384615,0.0,-1.758499413833529,0.0,0.0,-1.758499413833529,0.0,4.0,5.0,-1.0,0.25,0.33333333333333337,0.25,-0.25,-1.0,0.75,0.25,-1.0,0.07807017543859651,8.9922514480063,2.0,86.24906671258373,0.0,0.0,8.0,0.0
2020-08-05,401221629,401221629|4222369|4685888,4222369,4685888,jerome rivera,ronaldo rodríguez,1,jerome rivera,DEC-UNA,3,15.0,4.041150742315036,10.160000000000023,16.50999999999999,0.0,0.0,1.0,0.0,0.0,1.0,0.0,0.0,0.0,0.0,0.0,0.0,0.0,0.0,0.0,0.0,0.0,0.0,0.0,0.0,0.0,0.0,0.0,0.0,0.0,-2.0,-4.0,2.0,-0.2333333333333334,0.33333333333333337,-0.20000000000000007,-0.30000000000000004,-0.5,0.2,0.4,1.0,0.22206686831686834,43.119509195932096,-1.0,-53.322196362070144,8.0,0.5,3.0,0.0
2020-08-05,401221629,401221629|4685870|4686567,4685870,4686567,uros medic,mikey gonzalez,1,uros medic,KO-TKO,1,2.2,-7.6989945036516865,5.079999999999984,-7.620000000000003,0.0,0.0,1.0,0.0,0.0,0.0,0.0,0.0,0.0,0.0,0.0,0.0,0.0,0.0,0.0,0.0,0.0,0.0,0.0,0.0,0.0,0.0,0.0,0.0,,,,,,,,,,,,,,,,,,,,
2020-08-12,401221630,401221630|2990078|4422029,2990078,4422029,daniel swain,tj laramie,0,tj laramie,DR-TKO,1,5.0,6.707872167121845,7.620000000000003,10.160000000000023,0.0,0.0,0.0,0.0,0.0,1.0,0.0,0.0,0.0,0.0,0.0,0.0,0.0,0.0,0.0,0.0,0.0,0.0,0.0,0.0,0.0,0.0,0.0,0.0,,,,,,,,,,,,,,,,,,,,
2020-08-12,401221630,401221630|3998248|4403536,4403536,3998248,brady huang,adrian yanez,0,adrian yanez,KO-TKO,1,0.65,0.952791638432,5.079999999999984,-2.5400000000000205,0.0,0.0,0.0,0.0,-1.0,0.0,0.0,0.0,0.0,0.0,0.0,0.0,0.0,0.0,0.0,0.0,0.0,0.0,0.0,0.0,0.0,0.0,0.0,0.0,0.0,-17.0,-13.0,-4.0,-0.08333333333333337,-0.33333333333333337,-0.33333333333333337,0.4,0.033333333333333326,0.3666666666666667,-0.4,1.0,-0.15090638907589365,-7.674889244926362,-2.0,-109.41156124329154,-12.0,-0.6666666666666666,-5.0,0.0
2020-08-12,401221630,401221630|4359111|4573208,4359111,4573208,anthony adams,impa kasanganay,0,impa kasanganay,DEC-UNA,3,15.0,6.012443787346765,5.079999999999984,5.0800000000000125,0.0,0.0,0.0,0.0,0.0,0.0,0.0,-1.0,-1.0,0.0,0.0,0.0,-1.0,0.0,0.0,0.0,0.0,0.0,0.0,0.0,0.0,0.0,0.0,0.0,0.0,-2.0,-3.0,1.0,-0.16666666666666663,-0.33333333333333337,-0.19999999999999996,0.15000000000000002,0.275,-0.125,-0.15000000000000002,0.0,0.22158415256241348,55.63121927206112,3.0,-43.34437129465596,0.0,0.0,-8.0,0.0
2020-08-12,401221630,401221630|4565671|4683395,4565671,4683395,cory mckenna,vanessa demopoulos,1,cory mckenna,DEC-UNA,3,15.0,-10.798305235562673,2.5400000000000205,-1.2700000000000102,0.0,0.0,0.0,0.0,0.0,-1.0,0.0,0.0,0.0,0.0,0.0,0.0,0.0,0.0,0.0,0.0,0.0,0.0,0.0,0.0,0.0,0.0,0.0,0.0,0.0,-1.0,0.0,-1.0,0.06818181818181823,0.33333333333333337,0.19999999999999996,0.11111111111111105,0.4444444444444444,-0.33333333333333337,-0.1111111111111111,0.0,-0.255399776990686,-7.076536154554333,-1.0,9.877979490735015,0.0,0.0,5.0,0.0
2020-08-12,401221630,401221630|4684135|4685871,4685871,4684135,dustin stoltzfus,joe pyfer,1,dustin stoltzfus,KO-TKO,1,4.35,4.840619588355679,-5.0800000000000125,0.0,0.0,0.0,0.0,0.0,0.0,0.0,0.0,0.0,0.0,0.0,0.0,0.0,0.0,0.0,0.0,0.0,0.0,0.0,0.0,0.0,0.0,0.0,0.0,0.0,0.0,-2.0,-1.0,-1.0,0.33333333333333337,0.33333333333333337,0.33333333333333337,0.0,0.0,0.0,0.0,-1.0,0.23529411764705888,170.57951116582353,1.0,8.435368951735882,0.0,0.0,0.0,237.0
2020-08-19,401221631,401221631|3120459|4685887,4685887,3120459,louis cosce,victor reyna,1,louis cosce,KO-TKO,1,1.2,-9.059734286124971,-5.0800000000000125,-7.620000000000003,0.0,0.0,-1.0,0.0,-1.0,0.0,-1.0,0.0,0.0,0.0,0.0,0.0,0.0,-15.0,-1.0,-1.0,-4.066666666666666,-6.866666666666666,-0.5922330097087378,0.0,-2.0,0.0,-2.0,-2.0,,,,,,,,,,,,,,,,,,,,
2020-08-19,401221631,401221631|4276994|4684127,4684127,4276994,chad johnson,josh parisian,0,josh parisian,KO-TKO,1,3.72,2.9350363114916758,-5.079999999999984,2.539999999999992,0.0,0.0,0.0,0.0,-1.0,0.0,-1.0,-1.0,-1.0,-1.0,-1.0,0.0,0.0,-1.52,0.0,-1.0,-5.2631578947368425,-11.842105263157894,-0.4444444444444444,0.0,0.0,0.0,-9.86842105263158,0.0,0.0,3.0,4.0,-1.0,0.2777777777777778,0.0,0.0,0.0,0.0,0.0,0.0,0.33333333333333337,-0.23424028615676218,-32.38168531295469,1.0,50.38896343214833,2.0,1.0,-2.0,0.0
2020-08-19,401221631,401221631|4424582|4683705,4424582,4683705,kevin syler,kenneth cross,0,kenneth cross,DEC-UNA,3,15.0,1.1827758270190358,-7.620000000000003,-1.2699999999999818,0.0,0.0,-1.0,1.0,0.0,0.0,1.0,1.0,1.0,0.0,0.0,0.0,1.0,15.0,1.0,1.0,9.8,13.0,0.7538461538461538,1.0,2.0,0.5,0.0,2.0,0.0,-11.0,-9.0,-2.0,-0.11904761904761907,-0.33333333333333337,-0.33333333333333337,-0.40909090909090906,-0.36363636363636365,-0.045454545454545414,0.40909090909090906,-1.0,0.18632478632478633,31.887563262389676,-2.0,-90.52188391080881,0.0,0.0,-5.0,0.0
2020-08-19,401221631,401221631|4683396|4686737,4683396,4686737,cheyanne vlismas,hilarie rose,1,cheyanne vlismas,DEC-UNA,3,15.0,-2.6174390986810145,0.0,0.0,0.0,0.0,0.0,1.0,0.0,0.0,0.0,0.0,0.0,0.0,0.0,0.0,0.0,0.0,0.0,0.0,0.0,0.0,0.0,0.0,0.0,0.0,0.0,0.0,0.0,-3.0,-2.0,-1.0,0.0,0.0,-0.13333333333333341,-0.75,-0.25,-0.5,0.75,-0.5,0.5285714285714285,50.567796235496644,1.0,-4.374950777465756,0.0,0.0,2.0,0.0
2020-08-19,401221631,401221631|4686738|4687126,4687126,4686738,orion cosce,matt dixon,1,orion cosce,KO-TKO,3,14.7,1.234796060151815,2.539999999999992,-10.159999999999997,0.0,0.0,0.0,0.0,0.0,0.0,0.0,0.0,0.0,0.0,0.0,0.0,0.0,0.0,0.0,0.0,0.0,0.0,0.0,0.0,0.0,0.0,0.0,0.0,0.0,-8.0,-7.0,-1.0,0.09090909090909094,0.33333333333333337,0.19999999999999996,0.4,0.5,-0.1,-0.4,-1.0,0.17733516483516487,33.74172921059335,-3.0,-68.6836811851615,-2.0,-1.0,3.0,0.0
2020-08-26,401221632,401221632|3120449|4686736,4686736,3120449,alejandro flores,rafael alves,0,rafael alves,SUBMISSION,2,7.92,-0.7255453568519563,2.539999999999992,15.240000000000007,0.0,0.0,0.0,0.0,0.0,0.0,0.0,0.0,0.0,0.0,0.0,0.0,0.0,0.0,0.0,0.0,0.0,0.0,0.0,0.0,0.0,0.0,0.0,0.0,0.0,-32.0,-21.0,-11.0,-0.13157894736842102,-0.6666666666666667,-0.4,-0.7916666666666666,-0.3333333333333333,-0.4583333333333333,0.7916666666666666,0.0714285714285714,0.1371731372018833,74.66869727142398,-3.0,-98.80793786694812,-12.0,-0.5,-3.0,0.0
2020-08-26,401221632,401221632|3895527|4237148,4237148,3895527,jamie pickett,jhonoven pati,1,jamie pickett,KO-TKO,2,5.55,1.664647460249011,2.5400000000000205,12.699999999999989,0.0,0.0,0.0,-1.0,1.0,0.0,2.0,0.0,0.0,0.0,0.0,0.0,0.0,9.96,0.5,1.0,2.459839357429719,4.467871485943775,0.550561797752809,0.753012048192771,0.753012048192771,1.0,0.0,0.753012048192771,0.0,-8.0,-3.0,-5.0,0.25,0.0,0.35,-0.33333333333333337,-0.16666666666666674,-0.16666666666666666,0.3333333333333333,-0.6666666666666666,-0.09185606060606055,-4.5949243410243525,0.0,29.29162224298375,-4.0,0.0,2.0,0.0
2020-08-26,401221632,401221632|4193828|4684238,4684238,4193828,jeff molina,jacob silva,1,jeff molina,DEC-UNA,3,15.0,-9.396496847984556,2.539999999999992,5.079999999999984,0.0,0.0,0.0,0.0,0.0,0.0,0.0,0.0,0.0,0.0,0.0,0.0,0.0,0.0,0.0,0.0,0.0,0.0,0.0,0.0,0.0,0.0,0.0,0.0,0.0,0.0,1.0,-1.0,0.10000000000000009,0.33333333333333337,0.19999999999999996,-0.125,-0.6071428571428571,0.48214285714285715,0.125,0.16666666666666669,0.02303921568627454,-1.7755209138122154,1.0,30.14461967231705,-1.0,0.0,7.0,0.0
2020-08-26,401221632,401221632|4341591|4389513,4389513,4341591,kyron bowen,collin huckbody,0,collin huckbody,SUBMISSION,1,1.47,0.7693518689637706,-2.539999999999992,5.0800000000000125,0.0,0.0,0.0,0.0,0.0,0.0,0.0,0.0,0.0,0.0,0.0,0.0,0.0,0.0,0.0,0.0,0.0,0.0,0.0,0.0,0.0,0.0,0.0,0.0,0.0,-6.0,-6.0,0.0,-0.32727272727272727,-0.33333333333333337,-0.6,0.25,0.0,0.25,-0.25,0.6666666666666667,0.3052075098814229,19.81262803260529,-1.0,-82.35578555450888,0.0,1.0,-5.0,0.0
2020-08-26,401221632,401221632|4684468|4684470,4684470,4684468,anthony romero,mike breeden,1,anthony romero,DEC-UNA,3,15.0,-7.849579389036052,2.539999999999992,2.539999999999992,0.0,0.0,0.0,0.0,-1.0,0.0,0.0,0.0,0.0,0.0,0.0,0.0,0.0,0.0,0.0,0.0,0.0,0.0,0.0,0.0,0.0,0.0,0.0,0.0,0.0,-13.0,-9.0,-4.0,0.25,0.33333333333333337,0.19999999999999996,-0.5833333333333333,-0.9166666666666666,0.3333333333333333,0.5833333333333333,-0.25,0.2632091866466866,52.7808782700547,-1.0,-41.49972074406696,-10.0,-0.8,3.0,0.0
2020-09-02,401222724,401222724|2989380|4684241,2989380,4684241,jimmy flick,nate smith,1,jimmy flick,SUBMISSION,3,13.25,4.585994236705751,2.5400000000000205,-2.539999999999992,0.0,0.0,0.0,-1.0,0.0,1.0,0.0,0.0,0.0,0.0,0.0,0.0,0.0,0.0,0.0,0.0,0.0,0.0,0.0,0.0,0.0,0.0,0.0,0.0,0.0,16.0,12.0,4.0,-0.08333333333333337,0.33333333333333337,0.0,0.1278195488721804,-0.2857142857142857,0.41353383458646614,-0.12781954887218044,-0.19999999999999996,-0.045783277101211994,14.488339075252952,9.0,87.96169303605029,5.0,0.0,4.0,0.0
2020-09-02,401222724,401222724|4231391|4360028,4360028,4231391,jose johnson,ronnie lawrence,0,ronnie lawrence,DEC-UNA,3,15.0,-2.9322984044846905,10.159999999999997,7.620000000000003,0.0,0.0,0.0,-1.0,0.0,0.0,0.0,0.0,0.0,0.0,0.0,0.0,0.0,0.0,0.0,0.0,0.0,0.0,0.0,0.0,0.0,0.0,0.0,0.0,0.0,13.0,8.0,5.0,-0.03508771929824561,-0.33333333333333337,0.0,0.5,0.33333333333333337,0.16666666666666666,-0.5,0.42857142857142855,-0.20871971595655825,-38.27155697917965,1.0,30.262137945261884,0.0,0.0,-4.0,0.0
2020-09-02,401222724,401222724|4255766|4684474,4684474,4255766,cody brundage,william knight,0,william knight,KO-TKO,1,2.38,-6.116484253612327,5.079999999999984,-2.539999999999992,0.0,0.0,0.0,0.0,0.0,1.0,-1.0,-1.0,-1.0,-1.0,-1.0,0.0,0.0,-14.57,-1.0,-1.0,-3.8435140700068633,-5.833905284831846,-0.6588235294117647,-2.0590253946465342,-4.1180507892930684,-0.5,0.0,0.0,0.0,0.0,0.0,0.0,0.0,-0.33333333333333337,-0.19999999999999996,-0.19999999999999996,0.0,-0.2,0.2,0.0,-0.18383838383838375,-29.332574330110447,-1.0,-13.780647053163648,0.0,0.0,-5.0,0.0
2020-09-02,401222724,401222724|4293896|4684678,4293896,4684678,chase gibson,tucker lutz,0,tucker lutz,DEC-UNA,3,15.0,4.424457723293429,5.0800000000000125,0.0,0.0,0.0,0.0,0.0,0.0,-1.0,0.0,0.0,0.0,0.0,0.0,0.0,0.0,0.0,0.0,0.0,0.0,0.0,0.0,0.0,0.0,0.0,0.0,0.0,0.0,12.0,7.0,5.0,-0.3571428571428571,-0.33333333333333337,-0.4,0.2777777777777778,-0.05555555555555558,0.3333333333333333,-0.2777777777777778,0.2,-0.4065279958137101,-64.5475952123395,-1.0,3.6666212251275283,0.0,0.0,-2.0,0.0
2020-09-02,401222724,401222724|4686734|4686735,4686735,4686734,dennis buzukja,melsik baghdasaryan,0,melsik baghdasaryan,DEC-UNA,3,15.0,-5.675681225487178,0.0,1.2699999999999818,0.0,0.0,-1.0,1.0,0.0,0.0,0.0,0.0,0.0,0.0,0.0,0.0,0.0,0.0,0.0,0.0,0.0,0.0,0.0,0.0,0.0,0.0,0.0,0.0,0.0,1.0,0.0,1.0,-0.11904761904761907,-0.33333333333333337,-0.4,-0.20000000000000007,-0.20000000000000007,0.0,0.2,-1.0,0.09444444444444439,9.409739772064313,-1.0,-18.587544323557267,2.0,1.0,-5.0,0.0
2020-09-09,401222785,401222785|3162028|3913473,3913473,3162028,phil hawes,khadzhi bestaev,1,phil hawes,KO-TKO,1,1.3,-0.481871633229975,-12.700000000000015,3.8100000000000014,0.0,0.0,0.0,0.0,0.0,1.0,1.0,0.0,0.0,0.0,0.0,0.0,0.0,7.33,0.0,1.0,2.319236016371078,5.593451568894952,0.4146341463414634,2.046384720327421,14.324693042291951,0.1428571428571428,0.0,0.0,,,,,,,,,,,,,,,,,,,,
2020-09-09,401222785,401222785|3896920|4045420,3896920,4045420,henrique shiguemoto,aliaskhab khizriev,0,aliaskhab khizriev,SUBMISSION,1,0.83,1.1718241989910787,5.0800000000000125,-5.0800000000000125,0.0,0.0,-1.0,0.0,0.0,0.0,0.0,0.0,0.0,0.0,0.0,0.0,0.0,0.0,0.0,0.0,0.0,0.0,0.0,0.0,0.0,0.0,0.0,0.0,0.0,0.0,-1.0,1.0,-0.33333333333333337,-0.33333333333333337,-0.33333333333333337,0.33333333333333337,0.33333333333333337,0.0,-0.3333333333333333,0.0,0.13553131690386588,-40.17136201185099,-1.0,-34.52473001909857,0.0,0.0,-1.0,930.0
2020-09-09,401222785,401222785|4252253|4600143,4252253,4600143,al matavao,tafon nchukwi,0,tafon nchukwi,KO-TKO,2,7.02,0.6379323326283242,-10.159999999999997,-24.130000000000024,0.0,0.0,0.0,0.0,0.0,0.0,0.0,0.0,0.0,0.0,0.0,0.0,0.0,0.0,0.0,0.0,0.0,0.0,0.0,0.0,0.0,0.0,0.0,0.0,,,,,,,,,,,,,,,,,,,,
2020-09-09,401222785,401222785|4412279|4684237,4412279,4684237,drako rodriguez,mana martinez,1,drako rodriguez,SUBMISSION,1,2.37,-0.2272462815800437,-5.0800000000000125,-2.5400000000000205,0.0,0.0,0.0,0.0,0.0,0.0,0.0,0.0,0.0,0.0,0.0,0.0,0.0,0.0,0.0,0.0,0.0,0.0,0.0,0.0,0.0,0.0,0.0,0.0,,,,,,,,,,,,,,,,,,,,
2020-09-09,401222785,401222785|4685886|4689223,4689223,4685886,sherrard blackledge,cameron church,1,sherrard blackledge,DEC-UNA,3,15.0,-2.885753985365888,0.0,7.620000000000003,0.0,0.0,0.0,0.0,0.0,0.0,0.0,0.0,0.0,0.0,0.0,0.0,0.0,0.0,0.0,0.0,0.0,0.0,0.0,0.0,0.0,0.0,0.0,0.0,,,,,,,,,,,,,,,,,,,,
2020-09-16,401222786,401222786|2511778|4683397,2511778,4683397,michael lombardo,korey kuppe,1,michael lombardo,DEC-UNA,3,15.0,-1.190989548040001,-12.700000000000015,-7.620000000000003,0.0,0.0,0.0,-1.0,0.0,0.0,1.0,0.0,0.0,0.0,0.0,0.0,0.0,15.0,1.0,1.0,4.533333333333333,6.733333333333333,0.6732673267326733,2.0,5.0,0.4,0.0,4.0,0.0,-11.0,-7.0,-4.0,0.3076923076923077,0.33333333333333337,0.4,-0.5,-0.2222222222222222,-0.2777777777777778,0.5,-0.5,0.2659763313609468,39.70684656407411,-2.0,-27.86768799247011,-2.0,-1.0,2.0,0.0
2020-09-16,401222786,401222786|3947116|4246527,3947116,4246527,dinis paiva,kyle driscoll,0,kyle driscoll,DEC-UNA,3,15.0,6.327303093150441,-5.0800000000000125,-7.620000000000003,0.0,0.0,1.0,0.0,0.0,0.0,0.0,0.0,0.0,0.0,0.0,0.0,0.0,0.0,0.0,0.0,0.0,0.0,0.0,0.0,0.0,0.0,0.0,0.0,0.0,-2.0,-3.0,1.0,-0.3142857142857143,-0.33333333333333337,-0.19999999999999996,0.3,0.3,0.0,-0.30000000000000004,0.6666666666666666,0.05985945660315406,8.225589973064416,-1.0,-57.09928288810943,-6.0,-0.6666666666666666,-3.0,-7.0
2020-09-16,401222786,401222786|4040956|4690541,4040956,4690541,jordan williams,gregory rodrigues,1,jordan williams,KO-TKO,1,2.32,1.347050247438343,-5.0800000000000125,1.2700000000000102,0.0,0.0,1.0,0.0,1.0,-1.0,1.0,0.0,0.0,0.0,0.0,0.0,0.0,15.0,1.0,1.0,9.133333333333333,19.933333333333334,0.4581939799331103,0.0,0.0,0.0,0.0,0.0,0.0,3.0,2.0,0.0,0.13333333333333341,0.0,0.13333333333333341,-0.25,-0.25,0.0,0.25,-1.0,-0.2807817182817183,-17.258681508558766,-1.0,23.432680035123894,-1.0,0.33333333333333337,-2.0,-640.0
2020-09-16,401222786,401222786|4375603|4684925,4375603,4684925,danyelle wolf,taneisha tennant,1,danyelle wolf,DEC-UNA,3,15.0,5.768770063724787,10.159999999999997,0.0,0.0,0.0,0.0,0.0,1.0,0.0,0.0,0.0,0.0,0.0,0.0,0.0,0.0,0.0,0.0,0.0,0.0,0.0,0.0,0.0,0.0,0.0,0.0,0.0,,,,,,,,,,,,,,,,,,,,
2020-09-16,401222786,401222786|4686739|4690540,4686739,4690540,collin anglin,muhammad naimov,1,collin anglin,DEC-UNA,3,15.0,1.4593044347248745,0.0,2.539999999999992,0.0,0.0,0.0,0.0,0.0,0.0,0.0,0.0,0.0,0.0,0.0,0.0,0.0,0.0,0.0,0.0,0.0,0.0,0.0,0.0,0.0,0.0,0.0,0.0,,,,,,,,,,,,,,,,,,,,
2020-11-05,401223624,401223624|3074813|3147489,3074813,3147489,luis saldana,vince murdock,1,luis saldana,KO-TKO,3,10.73,0.1451090713703919,12.700000000000015,17.78,0.0,0.0,0.0,0.0,1.0,0.0,0.0,0.0,0.0,0.0,0.0,0.0,0.0,0.0,0.0,0.0,0.0,0.0,0.0,0.0,0.0,0.0,0.0,0.0,0.0,2.0,3.0,-1.0,0.08270676691729328,0.6666666666666667,0.6,0.16666666666666663,-0.19999999999999996,0.3666666666666667,-0.16666666666666666,-0.2142857142857143,-0.18608683584200103,-22.781041124357444,0.0,43.68698687829874,-2.0,0.5,5.0,0.0
2020-11-05,401223624,401223624|4038116|4693719,4693719,4038116,edson gomez,ignacio bahamondes,0,ignacio bahamondes,KO-TKO,2,7.52,6.5080049556116855,-17.78,-15.240000000000007,0.0,0.0,0.0,1.0,0.0,0.0,0.0,0.0,0.0,0.0,0.0,0.0,0.0,0.0,0.0,0.0,0.0,0.0,0.0,0.0,0.0,0.0,0.0,0.0,0.0,-14.0,-12.0,-2.0,-0.8,-1.0,-0.8,-0.6666666666666666,-0.6666666666666666,0.0,-0.3333333333333333,0.33333333333333337,0.3327849927849928,97.89301416361286,0.0,-121.88547120931116,-2.0,-1.0,-3.0,0.0
2020-11-05,401223624,401223624|4227709|4251497,4251497,4227709,harry hunsucker,jared vanderaa,0,jared vanderaa,KO-TKO,1,3.57,3.3539360835609244,-5.079999999999984,-12.699999999999989,0.0,0.0,0.0,0.0,0.0,1.0,0.0,0.0,0.0,0.0,0.0,0.0,0.0,0.0,0.0,0.0,0.0,0.0,0.0,0.0,0.0,0.0,0.0,0.0,0.0,-15.0,-10.0,-5.0,-0.27777777777777785,-0.3333333333333333,-0.26666666666666666,0.09090909090909094,0.36363636363636365,-0.2727272727272727,-0.09090909090909091,0.4285714285714286,0.31196368008830117,9.994914307697854,-1.0,-58.48450024921044,-6.0,0.0,-2.0,0.0
2020-11-05,401223624,401223624|4687590|4695736,4695736,4687590,carlos ulberg,bruno oliveira,1,carlos ulberg,KO-TKO,1,2.03,-6.516218676632651,0.0,-7.619999999999976,0.0,0.0,0.0,0.0,1.0,0.0,0.0,0.0,0.0,0.0,0.0,0.0,0.0,0.0,0.0,0.0,0.0,0.0,0.0,0.0,0.0,0.0,0.0,0.0,0.0,-18.0,-12.0,-5.0,0.2777777777777778,0.6666666666666667,0.4,0.07692307692307687,0.3846153846153846,-0.3076923076923077,-0.07692307692307693,-1.0,0.22188291584576403,83.88135485860607,0.0,-56.86791292530006,0.0,0.0,1.0,0.0
2020-11-11,401223625,401223625|2504828|4689229,4689229,2504828,luana pinheiro,stephanie frausto,1,luana pinheiro,KO-TKO,1,2.8,-2.16294653552092,0.0,3.8100000000000014,0.0,0.0,0.0,0.0,0.0,1.0,0.0,0.0,0.0,0.0,0.0,0.0,0.0,0.0,0.0,0.0,0.0,0.0,0.0,0.0,0.0,0.0,0.0,0.0,0.0,-16.0,-7.0,-9.0,0.5294117647058824,0.33333333333333337,0.4,0.125,0.5,-0.375,-0.125,-0.7777777777777778,-0.053333882572636826,4.039357576363045,0.0,15.334482460092431,-3.0,0.0,1.0,0.0
2020-11-11,401223625,401223625|3897242|4294278,3897242,4294278,nikolas motta,joe lowry,1,nikolas motta,DEC-UNA,3,15.0,-3.159544686064738,-5.0800000000000125,-7.619999999999976,0.0,0.0,0.0,0.0,1.0,0.0,-1.0,0.0,0.0,0.0,0.0,0.0,0.0,-2.87,0.0,-1.0,-11.846689895470384,-19.16376306620209,-0.6181818181818182,0.0,0.0,0.0,-5.2264808362369335,0.0,,,,,,,,,,,,,,,,,,,,
2020-11-11,401223625,401223625|4237930|4606413,4606413,4237930,danny sabatello,taylor moore,1,danny sabatello,DEC-UNA,3,15.0,0.5448434943907117,0.0,2.539999999999992,0.0,0.0,-1.0,0.0,0.0,0.0,0.0,0.0,0.0,0.0,0.0,0.0,0.0,0.0,0.0,0.0,0.0,0.0,0.0,0.0,0.0,0.0,0.0,0.0,0.0,6.0,7.0,-1.0,0.4,0.33333333333333337,0.30000000000000004,0.2777777777777778,-0.16666666666666669,0.4444444444444444,-0.2777777777777778,0.5,-0.1202020202020202,-46.59427333104645,-1.0,95.14119140709681,0.0,0.0,3.0,0.0
2020-11-11,401223625,401223625|4684922|4684923,4684922,4684923,mariusz ksiazkiewicz,mario sousa,0,mario sousa,DEC-UNA,3,15.0,7.044634728981428,0.0,-11.430000000000009,0.0,0.0,1.0,0.0,0.0,0.0,0.0,0.0,0.0,0.0,0.0,0.0,0.0,0.0,0.0,0.0,0.0,0.0,0.0,0.0,0.0,0.0,0.0,0.0,0.0,-4.0,-4.0,0.0,-0.03418803418803429,-0.33333333333333337,-0.19999999999999996,-0.04166666666666663,-0.33333333333333337,0.2916666666666667,0.04166666666666667,0.0,0.043705177325867095,12.720686824396353,0.0,-43.26708441879396,0.0,0.0,-5.0,0.0
2020-11-11,401223625,401223625|4701012|4702563,4701012,4702563,shaheen santana,natan levy,0,natan levy,SUBMISSION,3,10.92,0.3230730268246446,10.159999999999997,10.159999999999997,0.0,0.0,-1.0,0.0,0.0,0.0,0.0,0.0,0.0,0.0,0.0,0.0,0.0,0.0,0.0,0.0,0.0,0.0,0.0,0.0,0.0,0.0,0.0,0.0,0.0,-4.0,-5.0,1.0,-0.1428571428571429,-0.33333333333333337,-0.19999999999999996,0.37878787878787884,0.0,0.37878787878787884,-0.3787878787878788,1.0,0.2513347763347763,19.969225352602052,-1.0,-70.66840793808456,-10.0,-1.0,-11.0,0.0
2020-11-18,401223626,401223626|3162581|4700964,4700964,3162581,nick maximov,oscar cota,1,nick maximov,DEC-UNA,3,15.0,-13.18849805266364,-5.0800000000000125,10.159999999999997,0.0,0.0,1.0,0.0,0.0,0.0,0.0,0.0,0.0,0.0,0.0,0.0,0.0,0.0,0.0,0.0,0.0,0.0,0.0,0.0,0.0,0.0,0.0,0.0,,,,,,,,,,,,,,,,,,,,
2020-11-18,401223626,401223626|4193828|4249185,4193828,4249185,jacob silva,jp buys,0,jp buys,SUBMISSION,1,4.9,8.183604043888653,0.0,0.0,0.0,0.0,0.0,0.0,0.0,-1.0,0.0,0.0,0.0,0.0,0.0,0.0,0.0,7.529999999999999,1.0,0.0,3.0586345381526105,8.581258366800537,-0.046661880832735,-4.016064257028113,-6.032128514056225,-0.5,0.0,0.0,,,,,,,,,,,,,,,,,,,,
2020-11-18,401223626,401223626|4374740|4689226,4689226,4374740,chelsea hackett,victoria leonardo,0,victoria leonardo,KO-TKO,2,9.68,-8.495725442685337,-2.539999999999992,5.079999999999984,0.0,0.0,0.0,1.0,0.0,0.0,0.0,0.0,0.0,0.0,0.0,0.0,0.0,0.0,0.0,0.0,0.0,0.0,0.0,0.0,0.0,0.0,0.0,0.0,,,,,,,,,,,,,,,,,,,,
2020-11-18,401223626,401223626|4566310|4689228,4689228,4566310,pauline macias,gloria de paula,0,gloria de paula,DEC-UNA,3,15.0,6.951545890743823,-2.539999999999992,-8.889999999999986,0.0,0.0,1.0,0.0,-1.0,0.0,0.0,0.0,0.0,0.0,0.0,0.0,0.0,0.0,0.0,0.0,0.0,0.0,0.0,0.0,0.0,0.0,0.0,0.0,0.0,-6.0,-5.0,-1.0,-0.7142857142857143,-0.6666666666666666,-0.8,-0.6,-0.6,0.0,-0.4,0.0,0.15306122448979587,26.59661324261174,0.0,-58.71347414366892,0.0,0.0,-2.0,0.0
2020-11-18,401223626,401223626|4684678|4689223,4689223,4684678,sherrard blackledge,tucker lutz,0,tucker lutz,DEC-UNA,3,15.0,0.903509312306209,7.620000000000003,7.620000000000003,0.0,0.0,0.0,0.0,0.0,-1.0,0.0,0.0,0.0,0.0,0.0,0.0,0.0,0.0,0.0,0.0,-2.4000000000000004,-3.4000000000000004,-0.0773154362416107,0.0,0.0,0.0,0.0,1.0,,,,,,,,,,,,,,,,,,,,
2021-09-01,600008640,600008640|3110833|4227265,3110833,4227265,matheus scheffel,azamat murzakanov,0,azamat murzakanov,KO-TKO,1,3.0,-3.5647549230990414,10.159999999999997,11.429999999999978,0.0,0.0,-1.0,0.0,-1.0,0.0,0.0,0.0,0.0,0.0,0.0,0.0,0.0,0.0,0.0,0.0,0.0,0.0,0.0,0.0,0.0,0.0,0.0,0.0,0.0,10.0,3.0,7.0,-0.33333333333333337,-0.33333333333333337,-0.4,-0.10389610389610393,-0.012987012987012991,-0.09090909090909091,0.10389610389610388,0.8571428571428571,0.09658785695961436,1.3835503510399576,-3.0,-73.04411364237603,-2.0,-1.0,-11.0,0.0
2021-09-01,600008640,600008640|4013049|4713584,4013049,4713584,carlos candelario,victor altamirano,0,victor altamirano,DEC-SPLT,3,15.0,-0.3614037249224822,0.0,-5.0800000000000125,0.0,0.0,1.0,-1.0,-1.0,0.0,1.0,1.0,1.0,0.0,0.0,0.0,1.0,15.0,1.0,1.0,1.6666666666666667,3.933333333333333,0.423728813559322,8.0,15.0,0.5333333333333333,0.0,5.0,0.0,-23.0,-20.0,-3.0,-0.33999999999999997,-0.5,-0.5,-0.5714285714285714,-0.09523809523809523,-0.47619047619047616,0.5714285714285714,-1.0,0.41317167277167277,125.71544768666104,-6.0,-191.9491870166844,-22.0,-0.9090909090909091,-7.0,0.0
2021-09-01,600008640,600008640|4410116|4869424,4869424,4410116,aj fletcher,leonardo damiani,1,aj fletcher,KO-TKO,1,2.4,-6.472412164520833,0.0,-5.079999999999984,0.0,0.0,0.0,1.0,1.0,0.0,0.0,0.0,0.0,0.0,0.0,0.0,0.0,0.0,0.0,0.0,0.0,0.0,0.0,0.0,0.0,0.0,0.0,0.0,,,,,,,,,,,,,,,,,,,,
2021-09-01,600008640,600008640|4422355|4881999,4881999,4422355,diego lopes,joanderson brito,0,joanderson brito,DEC-UNA,3,10.2,0.1177300013005044,7.620000000000003,1.2700000000000102,0.0,0.0,0.0,0.0,-1.0,1.0,0.0,0.0,0.0,0.0,0.0,0.0,0.0,0.0,0.0,0.0,0.0,0.0,0.0,0.0,0.0,0.0,0.0,0.0,0.0,7.0,6.0,2.0,-0.04057971014492756,-0.33333333333333337,-0.19999999999999996,0.04858299595141702,-0.14574898785425106,0.19433198380566802,-0.04858299595141702,-0.5,-0.021695937006169452,-26.348425107284356,-4.0,-1.4182872114581642,-1.0,-1.0,-12.0,0.0
2021-09-08,600008641,600008641|2959422|4684923,4684923,2959422,mario sousa,chidi njokuani,0,chidi njokuani,KO-TKO,3,11.58,-7.803034969917245,0.0,-1.2699999999999818,0.0,0.0,0.0,0.0,-1.0,0.0,1.0,1.0,1.0,0.0,0.0,0.0,1.0,15.0,1.0,1.0,3.4,5.6,0.6071428571428571,0.0,0.0,0.0,0.0,1.0,0.0,-23.0,-14.0,-8.0,0.13492063492063489,-0.33333333333333337,0.20000000000000007,0.3012820512820512,0.0064102564102564985,0.2948717948717948,-0.3012820512820513,-0.30000000000000004,-0.11440116338540163,-36.900058073849095,-8.0,-47.44972721221575,-18.0,-0.6666666666666666,-3.0,0.0
2021-09-08,600008641,600008641|3896935|4396359,4396359,3896935,cj vergara,bruno korea,1,cj vergara,KO-TKO,1,0.68,0.0273790700698874,0.0,7.620000000000003,0.0,0.0,0.0,0.0,0.0,-1.0,0.0,0.0,0.0,0.0,0.0,0.0,0.0,0.0,0.0,0.0,0.0,0.0,0.0,0.0,0.0,0.0,0.0,0.0,,,,,,,,,,,,,,,,,,,,
2021-09-08,600008641,600008641|3960072|4816062,3960072,4816062,muin gafurov,chad anheliger,0,chad anheliger,DEC-SPLT,3,15.0,-9.459468709145291,2.5400000000000205,8.889999999999986,0.0,0.0,0.0,0.0,0.0,1.0,0.0,0.0,0.0,0.0,0.0,0.0,0.0,0.0,0.0,0.0,0.0,0.0,0.0,0.0,0.0,0.0,0.0,0.0,0.0,18.0,14.0,4.0,-0.19047619047619047,-0.6666666666666667,-0.4,0.27450980392156865,0.47058823529411764,-0.196078431372549,-0.2745098039215686,0.0,-0.15418338275481136,-43.60417148156421,0.0,81.37212775598778,2.0,1.0,-3.0,0.0
2021-09-08,600008641,600008641|3962309|4875505,3962309,4875505,jose alday,saimon oliveira,0,saimon oliveira,DEC-SPLT,3,15.0,-0.3997344230203232,7.620000000000003,-10.159999999999997,0.0,0.0,0.0,0.0,-1.0,0.0,0.0,0.0,0.0,0.0,0.0,0.0,0.0,0.0,0.0,0.0,0.0,0.0,0.0,0.0,0.0,0.0,0.0,0.0,0.0,-1.0,-4.0,2.0,-0.11818181818181828,-0.6666666666666667,-0.6,-0.31746031746031744,-0.06349206349206352,-0.253968253968254,0.31746031746031744,0.6666666666666666,-0.06471620832523073,3.2884078471070097,-3.0,-75.49484802480015,0.0,0.3333333333333333,-5.0,0.0
2021-09-15,600008642,600008642|3088682|3120454,3088682,3120454,albert duraev,caio bittencourt,1,albert duraev,SUBMISSION,1,3.48,2.3737653750590333,-2.539999999999992,0.0,0.0,0.0,0.0,0.0,0.0,1.0,0.0,0.0,0.0,0.0,0.0,0.0,0.0,0.0,0.0,0.0,0.0,0.0,0.0,0.0,0.0,0.0,0.0,0.0,0.0,17.0,19.0,-2.0,0.505,0.33333333333333337,0.4,-0.18181818181818177,-0.7727272727272727,0.5909090909090909,0.18181818181818182,0.19999999999999996,0.08561134430899875,1.153282975448974,11.0,273.61762504342505,21.0,0.9047619047619048,17.0,0.0
2021-09-15,600008642,600008642|4684857|4873640,4684857,4873640,nasrudin nasrudinov,jailton almeida,0,jailton almeida,SUBMISSION,2,6.82,-0.2792665147128303,-7.620000000000003,-20.319999999999997,0.0,0.0,0.0,0.0,-1.0,0.0,0.0,0.0,0.0,0.0,0.0,0.0,0.0,0.0,0.0,0.0,0.0,0.0,0.0,0.0,0.0,0.0,0.0,0.0,0.0,4.0,4.0,0.0,0.0,0.0,0.0,-0.1428571428571429,0.8571428571428571,-1.0,0.14285714285714285,0.0,0.09621688326907263,-13.422873231823587,4.0,66.13230224257427,6.0,1.0,4.0,212.0
2021-09-15,600008642,600008642|4686723|4835135,4835135,4686723,jasmine jasudavicius,julia polastri,1,jasmine jasudavicius,DEC-UNA,3,15.0,9.010451959999177,12.700000000000015,12.699999999999989,0.0,0.0,0.0,0.0,-1.0,0.0,0.0,0.0,0.0,0.0,0.0,0.0,0.0,0.0,0.0,0.0,0.0,0.0,0.0,0.0,0.0,0.0,0.0,0.0,0.0,-7.0,-4.0,-3.0,0.2727272727272727,0.33333333333333337,0.19999999999999996,0.0,0.125,-0.125,0.0,0.0,0.1893939393939394,16.81266669211618,0.0,-6.40842629502572,-4.0,-0.75,4.0,0.0
2021-09-15,600008642,600008642|4828707|4875506,4828707,4875506,jack della maddalena,ange loosa,1,jack della maddalena,DEC-UNA,3,15.0,-3.4826177128893825,2.539999999999992,-2.5400000000000205,0.0,0.0,0.0,1.0,-1.0,0.0,0.0,0.0,0.0,0.0,0.0,0.0,0.0,0.0,0.0,0.0,0.0,0.0,0.0,0.0,0.0,0.0,0.0,0.0,0.0,3.0,4.0,-1.0,0.1461538461538462,0.6666666666666667,0.6,0.051948051948051965,0.012987012987012991,0.038961038961038974,-0.05194805194805194,1.0,0.05277777777777792,-9.139953458980926,1.0,76.49700435533873,0.0,1.0,11.0,0.0
2021-09-15,600008642,600008642|4875507|4875508,4875507,4875508,brandon lewis,mo miller,0,mo miller,DEC-UNA,3,15.0,-4.977514938705109,-10.159999999999997,-5.079999999999984,0.0,0.0,0.0,0.0,0.0,0.0,0.0,0.0,0.0,0.0,0.0,0.0,0.0,0.0,0.0,0.0,0.0,0.0,0.0,0.0,0.0,0.0,0.0,0.0,0.0,-7.0,-8.0,1.0,-1.0,-1.0,-1.0,-0.75,-0.5,-0.25,-0.25,0.0,0.4194444444444445,86.87075647729876,-2.0,-126.45147874049712,-4.0,-1.0,-8.0,0.0
2021-09-22,600008643,600008643|4239743|4252258,4239743,4252258,jacob rosales,victor martinez,0,victor martinez,DEC-UNA,3,15.0,-4.0301991142870826,7.620000000000003,10.159999999999997,0.0,0.0,0.0,0.0,0.0,0.0,1.0,0.0,0.0,0.0,0.0,0.0,0.0,11.83,0.0,1.0,12.003381234150464,20.540997464074387,0.5843621399176955,5.07185122569738,10.14370245139476,0.5,0.0,0.0,0.0,11.0,9.0,2.0,0.050000000000000044,-0.33333333333333337,-0.15000000000000002,-0.3333333333333333,-0.41666666666666663,0.08333333333333333,0.3333333333333333,-0.6666666666666667,0.07949014579045521,20.105115552483312,5.0,89.24877480563327,12.0,0.8333333333333334,-1.0,-504.0
2021-09-22,600008643,600008643|4374436|4835136,4374436,4835136,aj dobson,hashem arkhagha,1,aj dobson,SUBMISSION,1,4.35,-2.351862119003126,-2.5400000000000205,2.539999999999992,0.0,0.0,0.0,0.0,0.0,0.0,0.0,0.0,0.0,0.0,0.0,0.0,0.0,0.0,0.0,0.0,0.0,0.0,0.0,0.0,0.0,0.0,0.0,0.0,,,,,,,,,,,,,,,,,,,,
2021-09-22,600008643,600008643|4426305|4875510,4875510,4426305,theo rlayang,steven nguyen,0,steven nguyen,DEC-UNA,3,15.0,-1.2265823391308537,-10.159999999999997,-20.319999999999997,0.0,0.0,0.0,-1.0,-1.0,0.0,-1.0,0.0,0.0,0.0,0.0,0.0,0.0,-14.6,-1.0,-1.0,-6.301369863013699,-19.863013698630137,-0.3172413793103448,0.0,0.0,0.0,0.0,0.0,0.0,-4.0,-3.0,-1.0,0.19999999999999996,0.33333333333333337,0.19999999999999996,-0.75,-0.5,-0.25,0.75,-1.0,-0.2022193492781728,-64.79055623636441,0.0,-34.283787366868864,-2.0,-1.0,-1.0,76.0
2021-09-22,600008643,600008643|4683418|4875509,4875509,4683418,kleydson rodrigues,santo curatolo,1,kleydson rodrigues,DEC-UNA,3,15.0,-0.758400240935817,5.079999999999984,10.159999999999997,0.0,0.0,-1.0,0.0,0.0,0.0,0.0,0.0,0.0,0.0,0.0,0.0,0.0,0.0,0.0,0.0,0.0,0.0,0.0,0.0,0.0,0.0,0.0,0.0,0.0,6.0,5.0,1.0,-0.1428571428571429,0.0,0.0,-0.16666666666666663,-0.6666666666666667,0.5,0.16666666666666666,0.0,-0.0019518493202702603,-1.3113228575077756,3.0,66.0811031810415,4.0,1.0,5.0,291.0
2021-09-22,600008643,600008643|4700616|4869426,4869426,4700616,michael morales,nikolay veretennikov,1,michael morales,DEC-UNA,3,15.0,-9.503275221257113,-2.539999999999992,12.699999999999989,0.0,0.0,0.0,0.0,1.0,-1.0,0.0,0.0,0.0,0.0,0.0,0.0,0.0,0.0,0.0,0.0,0.0,0.0,0.0,0.0,0.0,0.0,0.0,0.0,0.0,-13.0,-9.0,-4.0,0.25,0.33333333333333337,0.19999999999999996,-0.08333333333333337,-0.08333333333333337,0.0,0.08333333333333331,-0.5,-0.04765720390720396,21.224348999157655,-1.0,-57.33625141110815,-7.0,-0.8571428571428571,3.0,0.0
2021-09-29,600008644,600008644|4001837|4848663,4848663,4001837,edivan santos,rizvan kuniev,0,rizvan kuniev,KO-TKO,3,11.0,-0.1478469783773803,0.0,5.0800000000000125,0.0,0.0,0.0,0.0,0.0,0.0,0.0,0.0,0.0,0.0,0.0,0.0,0.0,0.0,0.0,0.0,0.0,0.0,0.0,0.0,0.0,0.0,0.0,0.0,,,,,,,,,,,,,,,,,,,,
2021-09-29,600008644,600008644|4255574|4835137,4255574,4835137,aaron jeffery,caio borralho,0,caio borralho,DEC-UNA,3,15.0,0.1724881414402759,2.5400000000000205,-5.0800000000000125,0.0,0.0,-1.0,0.0,0.0,0.0,1.0,0.0,0.0,0.0,0.0,0.0,0.0,3.38,0.0,1.0,4.142011834319527,6.8047337278106514,0.6086956521739131,4.437869822485207,17.75147928994083,0.25,4.437869822485207,4.437869822485207,0.0,5.0,4.0,1.0,-0.16666666666666663,0.0,0.0,-0.19999999999999996,0.8,-1.0,0.2,0.0,0.10360791826309068,2.9891111203767196,2.0,52.778238994920684,2.0,1.0,4.0,-567.0
2021-09-29,600008644,600008644|4863327|4863328,4863328,4863327,lucas almeida,daniel zellhuber,0,daniel zellhuber,DEC-UNA,3,15.0,8.430015674517616,-5.079999999999984,-15.240000000000007,0.0,0.0,0.0,-1.0,1.0,0.0,0.0,0.0,0.0,0.0,0.0,0.0,0.0,0.0,0.0,0.0,0.0,0.0,0.0,0.0,0.0,0.0,0.0,0.0,0.0,14.0,12.0,2.0,-0.1333333333333333,-0.33333333333333337,-0.4,1.0,0.5384615384615384,0.46153846153846156,-1.0,1.0,-0.298834498834499,-101.81816692462257,1.0,110.9130418372497,5.0,0.6,0.0,-1219.0
2021-09-29,600008644,600008644|4873641|4873642,4873642,4873641,ihor potieria,lucasz sudolski,1,ihor potieria,KO-TKO,1,3.68,-2.9542016605405976,-2.539999999999992,-1.2700000000000102,0.0,0.0,1.0,0.0,0.0,0.0,0.0,0.0,0.0,0.0,0.0,0.0,0.0,0.0,0.0,0.0,0.0,0.0,0.0,0.0,0.0,0.0,0.0,0.0,,,,,,,,,,,,,,,,,,,,
2021-10-06,600010080,600010080|3165120|4892412,4892412,3165120,shimon smotritsky,mike malott,0,mike malott,SUBMISSION,1,0.65,-8.791419399440098,2.5400000000000205,2.5400000000000205,0.0,0.0,0.0,0.0,0.0,0.0,0.0,0.0,0.0,0.0,0.0,0.0,0.0,0.0,0.0,0.0,0.0,0.0,0.0,0.0,0.0,0.0,0.0,0.0,0.0,-8.0,-6.0,0.0,-0.375,-0.5,-0.30000000000000004,0.0,0.5714285714285714,-0.5714285714285714,0.0,0.0,0.06746031746031755,22.577801651112622,-1.0,-83.34578872249722,-2.0,0.0,-3.0,0.0
2021-10-06,600010080,600010080|3249894|4236496,4236496,3249894,daniel barez,carlos hernandez,0,carlos hernandez,DEC-SPLT,3,15.0,4.873474472439543,-5.0800000000000125,-2.5400000000000205,0.0,0.0,0.0,0.0,0.0,0.0,0.0,0.0,0.0,0.0,0.0,0.0,0.0,0.0,0.0,0.0,0.0,0.0,0.0,0.0,0.0,0.0,0.0,0.0,0.0,7.0,4.0,3.0,-0.09411764705882353,-0.33333333333333337,0.0,0.25,0.3333333333333333,-0.08333333333333331,-0.25,-0.09999999999999998,0.09667600373482743,13.495107375877296,0.0,9.045681473279956,-2.0,-1.0,-4.0,0.0
2021-10-06,600010080,600010080|4425728|4880596,4880596,4425728,fernie garcia,joshua weems,1,fernie garcia,KO-TKO,1,2.17,2.0616439762623457,-2.539999999999992,-5.079999999999984,0.0,0.0,0.0,0.0,0.0,0.0,0.0,0.0,0.0,0.0,0.0,0.0,0.0,0.0,0.0,0.0,0.0,0.0,0.0,0.0,0.0,0.0,0.0,0.0,0.0,6.0,5.0,1.0,0.25,0.5,0.30000000000000004,-0.6666666666666667,0.0,-0.6666666666666667,0.6666666666666666,-1.0,0.03720238095238093,46.78952142744788,2.0,60.821011503550835,6.0,0.6666666666666666,3.0,-440.0
2021-10-06,600010080,600010080|4783385|4875515,4875515,4783385,shonte barnes,joseph holmes,0,joseph holmes,SUBMISSION,2,7.77,8.397160790433755,-12.699999999999989,-10.159999999999997,0.0,0.0,1.0,0.0,0.0,0.0,0.0,0.0,0.0,0.0,0.0,0.0,0.0,0.0,0.0,0.0,0.0,0.0,0.0,0.0,0.0,0.0,0.0,0.0,,,,,,,,,,,,,,,,,,,,
2021-10-06,600010080,600010080|4874988|4874989,4874988,4874989,genaro valdez,patrik white,1,genaro valdez,KO-TKO,2,5.73,1.401808387578118,-7.620000000000003,0.0,0.0,0.0,0.0,0.0,0.0,0.0,0.0,0.0,0.0,0.0,0.0,0.0,0.0,0.0,0.0,0.0,0.0,0.0,0.0,0.0,0.0,0.0,0.0,0.0,,,,,,,,,,,,,,,,,,,,
2021-10-13,600010081,600010081|2502713|4406574,2502713,4406574,lorenzo hood,martin buday,0,martin buday,KO-TKO,1,4.93,2.694100494876693,-2.539999999999992,7.619999999999976,0.0,0.0,1.0,0.0,0.0,-1.0,0.0,0.0,0.0,0.0,0.0,0.0,0.0,0.0,0.0,0.0,0.0,0.0,0.0,0.0,0.0,0.0,0.0,0.0,0.0,-3.0,-6.0,3.0,-1.0,-1.0,-1.0,-1.0,-0.6666666666666666,-0.3333333333333333,0.0,1.0,0.027489177489177563,24.68894896103211,-2.0,-133.72116517262248,-6.0,-1.0,-6.0,1828.0
2021-10-13,600010081,600010081|4403763|4869428,4869428,4403763,maria silva,kathryn paprocki,1,maria silva,DEC-UNA,3,15.0,-2.64208026174391,0.0,0.0,0.0,0.0,0.0,0.0,0.0,0.0,0.0,0.0,0.0,0.0,0.0,0.0,0.0,0.0,0.0,0.0,0.0,0.0,0.0,0.0,0.0,0.0,0.0,0.0,0.0,-1.0,-1.0,0.0,0.0,0.0,0.0,-1.0,0.0,-1.0,1.0,0.0,0.5357142857142857,28.02420773029712,0.0,-13.433920382415408,-2.0,-1.0,-1.0,1077.0
2021-10-13,600010081,600010081|4705600|4815978,4705600,4815978,jake hadley,mitch raposo,1,jake hadley,SUBMISSION,2,8.18,2.201277233618761,5.0800000000000125,13.97,0.0,0.0,1.0,-1.0,0.0,0.0,0.0,0.0,0.0,0.0,0.0,0.0,0.0,0.0,0.0,0.0,0.0,0.0,0.0,0.0,0.0,0.0,0.0,0.0,0.0,6.0,7.0,-1.0,0.16666666666666663,0.33333333333333337,0.19999999999999996,0.15000000000000002,0.04999999999999999,0.09999999999999998,-0.15000000000000002,-1.0,0.3512640137640138,33.96689581881424,8.0,118.52628507945792,6.0,1.0,12.0,0.0
2021-10-13,600010081,600010081|4867356|4877915,4867356,4877915,chris duncan,viacheslav borshchev,0,viacheslav borshchev,KO-TKO,2,5.47,-1.3360986194103894,-2.539999999999992,5.0800000000000125,0.0,0.0,0.0,0.0,-1.0,0.0,0.0,0.0,0.0,0.0,0.0,0.0,0.0,0.0,0.0,0.0,0.0,0.0,0.0,0.0,0.0,0.0,0.0,0.0,0.0,1.0,2.0,-1.0,0.13888888888888884,-0.33333333333333337,0.20000000000000007,0.33333333333333337,0.375,-0.04166666666666666,-0.3333333333333333,1.0,-0.13205367163700493,-20.029405769165123,-1.0,27.827032866210857,0.0,0.5,-3.0,0.0
2021-10-13,600010081,600010081|4875511|4892422,4875511,4892422,christian rodriguez,reyes cortez jr.,1,christian rodriguez,DEC-UNA,3,15.0,-5.3799872687324175,0.0,8.890000000000015,0.0,0.0,0.0,0.0,0.0,0.0,0.0,0.0,0.0,0.0,0.0,0.0,0.0,0.0,0.0,0.0,0.0,0.0,0.0,0.0,0.0,0.0,0.0,0.0,0.0,10.0,10.0,0.0,0.9090909090909091,1.0,1.0,0.9,0.4,0.5,0.1,1.0,-0.4220779220779221,-113.59615541373091,0.0,129.50297438173607,6.0,1.0,10.0,0.0
2021-10-20,600011551,600011551|3924102|3936279,3924102,3936279,james barnes,pedro falcão,0,pedro falcão,KO-TKO,3,13.92,10.174062437969296,5.0800000000000125,12.700000000000015,0.0,0.0,0.0,0.0,0.0,0.0,0.0,0.0,0.0,0.0,0.0,0.0,0.0,0.0,0.0,0.0,0.0,0.0,0.0,0.0,0.0,0.0,0.0,0.0,0.0,6.0,1.0,5.0,-0.16666666666666674,-0.33333333333333337,0.0,0.27083333333333337,-0.275,0.5458333333333334,-0.2708333333333333,0.5416666666666667,-0.05093754878006429,-27.438556154722164,-5.0,-78.74008766769839,1.0,-0.4888888888888888,-4.0,0.0
2021-10-20,600011551,600011551|4336424|4835137,4835137,4336424,caio borralho,jesse murray,1,caio borralho,KO-TKO,1,1.68,0.0273790700698874,-5.0800000000000125,-7.620000000000003,0.0,0.0,1.0,0.0,0.0,0.0,1.0,1.0,1.0,0.0,0.0,0.0,1.0,15.0,1.0,1.0,4.533333333333333,6.8,0.6666666666666666,3.0,4.0,0.75,0.0,0.0,0.0,-10.0,-6.0,-4.0,0.33333333333333337,0.33333333333333337,0.4,0.375,0.375,0.0,-0.375,-1.0,0.2104343025395657,44.28687163341715,1.0,-13.688187102603024,0.0,0.0,2.0,0.0
2021-10-20,600011551,600011551|4816066|4836549,4816066,4836549,piera rodriguez,valesca machado,1,piera rodriguez,DEC-UNA,3,15.0,3.4826177128893825,-2.539999999999992,1.2699999999999818,0.0,0.0,0.0,0.0,1.0,0.0,0.0,0.0,0.0,0.0,0.0,0.0,0.0,0.0,0.0,0.0,0.0,0.0,0.0,0.0,0.0,0.0,0.0,0.0,0.0,4.0,7.0,-2.0,0.6666666666666667,0.6666666666666667,0.6666666666666667,0.75,0.75,0.0,-0.75,0.0,-0.23774509803921562,-22.98111082011974,2.0,125.24360007749942,1.0,0.0,8.0,0.0
2021-10-20,600011551,600011551|4875514|4894791,4875514,4894791,kaloyan kolev,armen petrosyan,0,armen petrosyan,KO-TKO,1,4.45,-1.9548656029897915,-2.539999999999992,5.079999999999984,0.0,0.0,0.0,0.0,-1.0,0.0,0.0,0.0,0.0,0.0,0.0,0.0,0.0,0.0,0.0,0.0,0.0,0.0,0.0,0.0,0.0,0.0,0.0,0.0,,,,,,,,,,,,,,,,,,,,
2021-10-20,600011551,600011551|4878384|4880114,4878384,4880114,solomon renfro,jonny parsons,0,jonny parsons,DEC-SPLT,3,15.0,-5.418317966830259,0.0,7.620000000000003,0.0,0.0,0.0,1.0,-1.0,0.0,0.0,0.0,0.0,0.0,0.0,0.0,0.0,0.0,0.0,0.0,0.0,0.0,0.0,0.0,0.0,0.0,0.0,0.0,0.0,6.0,5.0,1.0,0.050000000000000044,0.0,-0.15000000000000002,0.041666666666666685,-0.08333333333333331,0.125,-0.04166666666666663,0.5,-0.21037567796188483,-24.5759474594945,-1.0,37.14579996934458,0.0,0.0,-2.0,0.0
2021-10-27,600011552,600011552|3309918|4568503,3309918,4568503,karine silva,yan qihui,1,karine silva,SUBMISSION,2,6.73,2.885753985365888,5.079999999999984,12.700000000000015,0.0,0.0,0.0,0.0,0.0,1.0,0.0,0.0,0.0,0.0,0.0,0.0,0.0,0.0,0.0,0.0,0.0,0.0,0.0,0.0,0.0,0.0,0.0,0.0,,,,,,,,,,,,,,,,,,,,
2021-10-27,600011552,600011552|4021216|4867357,4867357,4021216,javid basharat,oron kahlon,1,javid basharat,SUBMISSION,3,14.2,-10.839373840667498,2.539999999999992,-2.5400000000000205,0.0,0.0,0.0,0.0,0.0,0.0,0.0,0.0,0.0,0.0,0.0,0.0,0.0,0.0,0.0,0.0,0.0,0.0,0.0,0.0,0.0,0.0,0.0,0.0,0.0,-2.0,-1.0,-1.0,0.0714285714285714,0.33333333333333337,0.19999999999999996,0.0,0.1858974358974359,-0.1858974358974359,0.0,-1.0,0.058392392631523016,10.352308776464042,4.0,19.650939583928448,0.0,0.0,12.0,0.0
2021-10-27,600011552,600011552|4218124|4896616,4218124,4896616,kolton englund,manuel torres,0,manuel torres,KO-TKO,1,2.17,1.7084539723608287,0.0,-10.159999999999997,0.0,0.0,0.0,-1.0,0.0,0.0,0.0,0.0,0.0,0.0,0.0,0.0,0.0,0.0,0.0,0.0,0.0,0.0,0.0,0.0,0.0,0.0,0.0,0.0,0.0,2.0,2.0,0.0,0.0,0.0,0.0,-1.0,0.0,-1.0,1.0,0.0,0.001984126984126977,-43.39189903779538,1.0,32.15267526342427,2.0,1.0,2.0,-1002.0
2021-10-27,600011552,600011552|4884868|4894864,4894864,4884868,xiao long,cristian quiñonez,0,cristian quiñonez,DEC-UNA,3,15.0,-1.96307932401076,0.0,0.0,0.0,0.0,0.0,0.0,1.0,-1.0,0.0,0.0,0.0,0.0,0.0,0.0,0.0,0.0,0.0,0.0,0.0,0.0,0.0,0.0,0.0,0.0,0.0,0.0,,,,,,,,,,,,,,,,,,,,
2021-10-27,600011552,600011552|4892415|4892416,4892415,4892416,xie bin,olivier murad,0,olivier murad,DEC-SPLT,3,15.0,-4.1889977206924165,-2.5400000000000205,-2.539999999999992,0.0,0.0,-1.0,0.0,0.0,0.0,0.0,0.0,0.0,0.0,0.0,0.0,0.0,0.0,0.0,0.0,0.0,0.0,0.0,0.0,0.0,0.0,0.0,0.0,,,,,,,,,,,,,,,,,,,,
2021-10-27,600011552,600011552|4896529|4896540,4896540,4896529,jansey silva,gadzhi omargadzhiev,0,gadzhi omargadzhiev,SUBMISSION,1,4.32,-2.2587732807655208,2.5400000000000205,-11.430000000000009,0.0,0.0,0.0,-1.0,0.0,0.0,0.0,0.0,0.0,0.0,0.0,0.0,0.0,0.0,0.0,0.0,0.0,0.0,0.0,0.0,0.0,0.0,0.0,0.0,0.0,-4.0,-6.0,2.0,-0.2222222222222222,-0.33333333333333337,-0.4,-0.13186813186813184,0.17582417582417587,-0.3076923076923077,0.13186813186813184,1.0,-0.0016272189349112454,-12.068961454721602,-3.0,-103.7021553330269,0.0,0.0,-13.0,0.0
2021-11-03,600011553,600011553|4204320|4286781,4204320,4286781,juan puerta,shang zhifa,1,juan puerta,DEC-SPLT,3,15.0,-1.8508251367242323,5.079999999999984,20.319999999999997,0.0,0.0,1.0,0.0,0.0,0.0,0.0,0.0,0.0,0.0,0.0,0.0,0.0,0.0,0.0,0.0,0.0,0.0,0.0,0.0,0.0,0.0,0.0,0.0,,,,,,,,,,,,,,,,,,,,
2021-11-03,600011553,600011553|4354422|4884867,4884867,4354422,jonas bilharinho,canaan kawaihae,1,jonas bilharinho,KO-TKO,3,14.0,7.2636672895405106,-2.539999999999992,10.159999999999997,0.0,0.0,-1.0,1.0,0.0,-1.0,-1.0,0.0,0.0,0.0,0.0,0.0,0.0,-15.0,-1.0,-1.0,-5.4,-8.266666666666667,-0.6532258064516129,0.0,-3.0,0.0,0.0,-3.0,0.0,1.0,2.0,-1.0,0.10909090909090902,0.0,0.0,0.15000000000000002,0.675,-0.525,-0.15,0.5,0.13243936289601932,43.256434334209644,5.0,57.303111027943714,3.0,-0.1428571428571429,2.0,0.0
2021-11-03,600011553,600011553|4848687|4880807,4880807,4848687,yohan lainesse,justin burlinson,1,yohan lainesse,KO-TKO,1,1.62,4.761220285153016,0.0,5.079999999999984,0.0,0.0,0.0,-1.0,1.0,0.0,0.0,0.0,0.0,0.0,0.0,0.0,0.0,0.0,0.0,0.0,0.0,0.0,0.0,0.0,0.0,0.0,0.0,0.0,0.0,-9.0,-8.0,-1.0,0.09090909090909094,0.33333333333333337,0.19999999999999996,0.0,0.9,-0.9,0.0,-1.0,0.3159420793110632,106.55877192229968,-1.0,-77.37000647406944,-6.0,-1.0,2.0,0.0
2021-11-03,600011553,600011553|4875499|4895360,4895360,4875499,maheshate,achilles estremadura,1,maheshate,DEC-UNA,3,15.0,-7.723635666714578,5.079999999999984,8.890000000000015,0.0,0.0,0.0,0.0,0.0,1.0,0.0,0.0,0.0,0.0,0.0,0.0,0.0,0.0,0.0,0.0,0.0,0.0,0.0,0.0,0.0,0.0,0.0,0.0,,,,,,,,,,,,,,,,,,,,
2021-11-03,600011553,600011553|4895361|4895769,4895361,4895769,qiulun,erisson ferreira,0,erisson ferreira,DEC-UNA,3,15.0,-6.182194021780049,5.0800000000000125,-7.620000000000003,0.0,0.0,1.0,0.0,0.0,0.0,0.0,0.0,0.0,0.0,0.0,0.0,0.0,0.0,0.0,0.0,0.0,0.0,0.0,0.0,0.0,0.0,0.0,0.0,,,,,,,,,,,,,,,,,,,,
2022-07-27,600021770,600021770|4684135|4944080,4944080,4684135,ozzy diaz,joe pyfer,0,joe pyfer,KO-TKO,2,6.65,5.820790296857567,5.079999999999984,10.159999999999997,0.0,0.0,0.0,0.0,-1.0,0.0,-1.0,0.0,0.0,0.0,0.0,0.0,0.0,-4.35,0.0,-1.0,-3.6781609195402303,-4.8275862068965525,-0.7619047619047619,-3.4482758620689657,-3.4482758620689657,-1.0,0.0,-3.4482758620689657,,,,,,,,,,,,,,,,,,,,
2022-07-27,600021770,600021770|4686735|4879763,4879763,4686735,kaleio romero,dennis buzukja,0,dennis buzukja,DEC-UNA,3,15.0,1.4510907137039055,2.5400000000000205,-3.8100000000000014,0.0,0.0,0.0,0.0,0.0,0.0,-1.0,0.0,0.0,0.0,0.0,0.0,0.0,-15.0,-1.0,-1.0,-3.8,-8.133333333333333,-0.4672131147540984,-2.0,-8.0,-0.25,0.0,-1.0,0.0,-7.0,-7.0,0.0,-0.31818181818181823,-0.6666666666666667,-0.30000000000000004,0.5555555555555556,0.05555555555555558,0.5,-0.5555555555555556,0.5,0.2753330003330003,41.734571442524384,0.0,-87.28792040647522,-2.0,-1.0,-4.0,0.0
2022-07-27,600021770,600021770|4687113|4875513,4875513,4687113,anton turkalj,acácio dos santos,1,anton turkalj,DEC-UNA,3,15.0,-4.698248423992279,0.0,-2.539999999999992,0.0,0.0,0.0,0.0,0.0,0.0,0.0,0.0,0.0,0.0,0.0,0.0,0.0,0.0,0.0,0.0,0.0,0.0,0.0,0.0,0.0,0.0,0.0,0.0,,,,,,,,,,,,,,,,,,,,
2022-07-27,600021770,600021770|5060382|5074121,5074121,5060382,alessandro costa,juan andres luna,1,alessandro costa,DEC-SPLT,3,15.0,-0.4408030281251491,-7.620000000000003,-12.699999999999989,0.0,0.0,0.0,0.0,0.0,1.0,0.0,0.0,0.0,0.0,0.0,0.0,0.0,0.0,0.0,0.0,0.0,0.0,0.0,0.0,0.0,0.0,0.0,0.0,,,,,,,,,,,,,,,,,,,,
2022-08-03,600021771,600021771|4706975|4892412,4892412,4706975,shimon smotritsky,billy ray goff,0,billy ray goff,KO-TKO,1,3.62,-2.1793739775628502,10.159999999999997,5.0800000000000125,0.0,0.0,0.0,-1.0,0.0,0.0,1.0,0.0,0.0,0.0,0.0,0.0,0.0,0.65,0.0,1.0,1.5384615384615383,9.23076923076923,0.1666666666666666,0.0,0.0,0.0,0.0,23.076923076923077,,,,,,,,,,,,,,,,,,,,
2022-08-03,600021771,600021771|4786358|4867356,4867356,4786358,chris duncan,charlie campbell,1,chris duncan,KO-TKO,1,1.72,2.146519093478989,-5.079999999999984,-3.8100000000000014,0.0,0.0,0.0,0.0,0.0,0.0,1.0,0.0,0.0,0.0,0.0,0.0,0.0,5.47,0.0,1.0,7.495429616087752,11.151736745886655,0.6721311475409836,0.0,0.0,0.0,2.742230347349177,0.0,0.0,7.0,7.0,0.0,0.15909090909090906,0.0,0.050000000000000044,0.2333333333333334,0.13333333333333341,0.1,-0.2333333333333333,0.0,-0.33726469237832873,-41.76107486490264,0.0,79.43595163246505,2.0,0.0,2.0,0.0
2022-08-03,600021771,600021771|4812389|4869425,4812389,4869425,shannon ross,vinicius salvador,0,vinicius salvador,KO-TKO,2,9.37,7.20069542837977,-2.5400000000000205,-11.430000000000009,0.0,0.0,-1.0,1.0,0.0,-1.0,0.0,0.0,0.0,0.0,0.0,0.0,0.0,0.0,0.0,0.0,0.0,0.0,0.0,0.0,0.0,0.0,0.0,0.0,0.0,1.0,0.0,1.0,-0.0368421052631579,-0.6666666666666667,-0.20000000000000007,-0.4285714285714286,-0.4285714285714286,0.0,0.42857142857142855,-0.30000000000000004,-0.05003540626809333,-19.48627899679991,1.0,-25.30608685811626,-2.0,0.6666666666666667,-4.0,0.0
2022-08-03,600021771,600021771|4903365|5060387,5060387,4903365,danilo suzart,waldo cortes-acosta,0,waldo cortes-acosta,KO-TKO,1,3.67,-0.1697502344332875,-10.159999999999997,-10.159999999999997,0.0,0.0,0.0,0.0,-1.0,0.0,0.0,0.0,0.0,0.0,0.0,0.0,0.0,0.0,0.0,0.0,0.0,0.0,0.0,0.0,0.0,0.0,0.0,0.0,0.0,-8.0,-10.0,2.0,-1.0,-1.0,-1.0,-0.7,-0.6,-0.1,-0.3,0.5,0.24867647058823528,39.84666013013975,-4.0,-172.86996030307455,-6.0,-1.0,-10.0,0.0
2022-08-03,600021771,600021771|5044438|5060394,5060394,5044438,francis marshall,connor matthews,1,francis marshall,DEC-UNA,3,15.0,-6.754416586240648,2.539999999999992,2.539999999999992,0.0,0.0,0.0,-1.0,0.0,0.0,0.0,0.0,0.0,0.0,0.0,0.0,0.0,0.0,0.0,0.0,0.0,0.0,0.0,0.0,0.0,0.0,0.0,0.0,0.0,-4.0,-3.0,-1.0,0.16666666666666663,0.33333333333333337,0.19999999999999996,-0.5,-0.2,-0.30000000000000004,0.5,0.0,0.5281385281385281,77.85022565742838,1.0,-10.68622570316893,0.0,0.0,2.0,0.0
2022-08-10,600021772,600021772|4565641|5007669,4565641,5007669,jamal pogues,paulo renato jr.,1,jamal pogues,DEC-UNA,3,15.0,-1.848087229717244,7.620000000000003,10.160000000000023,0.0,0.0,0.0,0.0,1.0,0.0,1.0,1.0,1.0,0.0,0.0,0.0,1.0,15.0,1.0,1.0,3.2666666666666666,4.4,0.7424242424242424,7.0,11.0,0.6363636363636364,0.0,0.0,0.0,13.0,10.0,3.0,0.6666666666666666,1.0,0.6,0.5,0.4,0.1,0.5,0.5,0.09347527472527473,-6.226791797921123,3.0,111.17630844247697,6.0,0.3333333333333333,3.0,0.0
2022-08-10,600021772,600021772|4683551|5044439,4683551,5044439,karolina wojcik,sandra lavado,1,karolina wojcik,DEC-UNA,3,15.0,-0.3614037249224822,-12.700000000000015,-10.159999999999997,0.0,0.0,0.0,0.0,0.0,0.0,0.0,0.0,0.0,0.0,0.0,0.0,0.0,0.0,0.0,0.0,0.0,0.0,0.0,0.0,0.0,0.0,0.0,0.0,0.0,0.0,1.0,-1.0,0.07692307692307687,0.33333333333333337,0.4,-0.2181818181818182,0.18181818181818182,-0.4,0.21818181818181825,0.0,-0.007692307692307665,3.2410042136439188,1.0,37.88739653470361,4.0,1.0,6.0,0.0
2022-08-10,600021772,600021772|4904998|5076027,5076027,4904998,édgar cháirez,clayton carpenter,0,clayton carpenter,DEC-UNA,3,15.0,0.3668795389364625,2.5400000000000205,12.700000000000015,0.0,0.0,0.0,0.0,0.0,0.0,0.0,0.0,0.0,0.0,0.0,0.0,0.0,0.0,0.0,0.0,0.0,0.0,0.0,0.0,0.0,0.0,0.0,0.0,0.0,5.0,1.0,4.0,-0.33333333333333337,-0.33333333333333337,-0.4,0.2857142857142857,0.07142857142857145,0.2142857142857143,-0.2857142857142857,0.5,-0.08038419913419914,-13.123802376839649,-2.0,-57.92500866044725,-4.0,-1.0,-7.0,0.0
2022-08-10,600021772,600021772|5060511|5075335,5075335,5060511,erik silva,anvar boynazarov,1,erik silva,KO-TKO,1,1.53,1.8234460666543413,0.0,5.0800000000000125,0.0,0.0,0.0,0.0,0.0,0.0,0.0,0.0,0.0,0.0,0.0,0.0,0.0,0.0,0.0,0.0,0.0,0.0,0.0,0.0,0.0,0.0,0.0,0.0,0.0,-3.0,-2.0,-1.0,0.19999999999999996,0.33333333333333337,0.19999999999999996,0.0,-0.5,0.5,0.0,-1.0,0.3964957264957265,104.92496271443588,1.0,-0.3061825439524455,-2.0,-1.0,2.0,0.0
2022-08-10,600021772,600021772|5061870|5078230,5061870,5078230,bo nickal,zachary borrego,1,bo nickal,SUBMISSION,1,1.03,0.5092507032998626,-2.5400000000000205,-5.0800000000000125,0.0,0.0,1.0,-1.0,0.0,1.0,0.0,0.0,0.0,0.0,0.0,0.0,0.0,0.0,0.0,0.0,0.0,0.0,0.0,0.0,0.0,0.0,0.0,0.0,,,,,,,,,,,,,,,,,,,,
2022-08-17,600021773,600021773|4360028|4584150,4360028,4584150,jose johnson,jack cartwright,1,jose johnson,DEC-UNA,3,15.0,-0.9829086155088724,7.620000000000003,8.890000000000015,0.0,0.0,0.0,0.0,0.0,0.0,1.0,0.0,0.0,0.0,0.0,0.0,0.0,15.0,1.0,1.0,1.8666666666666667,3.8666666666666663,0.4827586206896552,12.0,17.0,0.7058823529411765,0.0,1.0,0.0,7.0,0.0,7.0,-0.27450980392156865,0.33333333333333337,0.0,0.0,0.1875,-0.1875,0.125,0.5,-0.03468816988637968,-20.08929236939889,-3.0,-68.68359794017238,-4.0,-0.5,3.0,0.0
2022-08-17,600021773,600021773|4374742|5030324,4374742,5030324,hailey cowan,claudia leite,1,hailey cowan,DEC-SPLT,3,15.0,4.728365401069151,12.699999999999989,6.349999999999994,0.0,0.0,1.0,0.0,0.0,0.0,0.0,0.0,0.0,0.0,0.0,0.0,0.0,0.0,0.0,0.0,0.0,0.0,0.0,0.0,0.0,0.0,0.0,0.0,0.0,15.0,12.0,3.0,0.11111111111111116,0.0,-0.06666666666666665,0.1428571428571429,0.42857142857142855,-0.2857142857142857,0.35714285714285715,1.0,-0.09818899782135077,-29.99831165638693,0.0,93.39957729445382,16.0,0.75,2.0,0.0
2022-08-17,600021773,600021773|5065494|5074126,5074126,5065494,claudio ribeiro,ivan valenzuela,1,claudio ribeiro,KO-TKO,1,0.42,0.3367625618595866,-2.5400000000000205,0.0,0.0,0.0,0.0,0.0,1.0,0.0,0.0,0.0,0.0,0.0,0.0,0.0,0.0,0.0,0.0,0.0,0.0,0.0,0.0,0.0,0.0,0.0,0.0,0.0,,,,,,,,,,,,,,,,,,,,
2022-08-17,600021773,600021773|5074129|5074130,5074130,5074129,nazim sadykhov,ahmad hassanzada,1,nazim sadykhov,KO-TKO,3,11.98,2.5161365394224404,-7.619999999999976,-15.240000000000007,0.0,0.0,1.0,0.0,0.0,0.0,0.0,0.0,0.0,0.0,0.0,0.0,0.0,0.0,0.0,0.0,0.0,0.0,0.0,0.0,0.0,0.0,0.0,0.0,,,,,,,,,,,,,,,,,,,,
2022-08-17,600021773,600021773|5074131|5074276,5074276,5074131,thomas paull,esteban ribovics,0,esteban ribovics,KO-TKO,1,1.5,1.5332279239135644,-7.620000000000003,-5.079999999999984,0.0,0.0,0.0,0.0,-1.0,0.0,0.0,0.0,0.0,0.0,0.0,0.0,0.0,0.0,0.0,0.0,0.0,0.0,0.0,0.0,0.0,0.0,0.0,0.0,0.0,4.0,0.0,4.0,-0.2666666666666667,-0.33333333333333337,-0.4,0.0,0.4545454545454546,-0.45454545454545453,0.0,1.0,-0.0010582010582010914,-2.7824091052373205,-1.0,-62.93216915335802,0.0,0.0,-11.0,0.0
2022-08-24,600022207,600022207|4358252|4963260,4963260,4358252,amiran gogoladze,darrius flowers,0,darrius flowers,SUBMISSION,1,1.22,-3.290964222400188,10.159999999999997,7.620000000000003,0.0,0.0,0.0,1.0,0.0,0.0,0.0,0.0,0.0,0.0,0.0,0.0,0.0,0.0,0.0,0.0,0.0,0.0,0.0,0.0,0.0,0.0,0.0,0.0,0.0,4.0,4.0,0.0,0.07272727272727275,-0.33333333333333337,-0.20000000000000007,-0.04166666666666663,-0.25,0.20833333333333331,0.04166666666666666,-0.6666666666666667,-0.13424327306680262,-28.14480083995386,-5.0,19.558384984576605,-4.0,0.25,-4.0,0.0
2022-08-24,600022207,600022207|4601333|4963343,4601333,4963343,rayanne dos santos,denise gomes,0,denise gomes,DEC-UNA,3,15.0,4.561353073642856,0.0,-2.5400000000000205,0.0,0.0,0.0,0.0,1.0,0.0,0.0,0.0,0.0,0.0,0.0,0.0,0.0,0.0,0.0,0.0,0.0,0.0,0.0,0.0,0.0,0.0,0.0,0.0,,,,,,,,,,,,,,,,,,,,
2022-08-24,600022207,600022207|4895769|5074274,4895769,5074274,erisson ferreira,jesus aguilar,0,jesus aguilar,SUBMISSION,3,11.93,4.862522844411586,5.079999999999984,19.05000000000001,0.0,0.0,0.0,0.0,0.0,0.0,1.0,1.0,1.0,0.0,0.0,0.0,1.0,15.0,1.0,0.0,0.0,0.0,0.0,0.0,0.0,0.0,0.0,0.0,,,,,,,,,,,,,,,,,,,,
2022-08-24,600022207,600022207|5053878|5060505,5053878,5060505,eduardo neves,mick parkin,0,mick parkin,SUBMISSION,1,1.95,-4.454574700370301,-5.079999999999984,-1.2700000000000102,0.0,0.0,0.0,0.0,0.0,0.0,0.0,0.0,0.0,0.0,0.0,0.0,0.0,0.0,0.0,0.0,0.0,0.0,0.0,0.0,0.0,0.0,0.0,0.0,0.0,3.0,2.0,1.0,-0.11111111111111116,-0.33333333333333337,-0.19999999999999996,0.0,0.16666666666666663,-0.16666666666666666,0.0,1.0,0.0814814814814816,57.018299472842045,1.0,17.03620775794161,6.0,1.0,-6.0,0.0
2022-08-24,600022207,600022207|5077399|5077400,5077400,5077399,josh wang-kim,cameron saaiman,0,cameron saaiman,KO-TKO,3,12.87,8.093253112658026,2.539999999999992,10.159999999999997,0.0,0.0,-1.0,1.0,0.0,0.0,0.0,0.0,0.0,0.0,0.0,0.0,0.0,0.0,0.0,0.0,0.0,0.0,0.0,0.0,0.0,0.0,0.0,0.0,,,,,,,,,,,,,,,,,,,,
2022-08-31,600022208,600022208|4213329|5080936,4213329,5080936,alexander morgan,blake bilder,0,blake bilder,SUBMISSION,1,3.23,-0.837799544138484,5.0800000000000125,6.349999999999994,0.0,0.0,0.0,-1.0,0.0,0.0,0.0,0.0,0.0,0.0,0.0,0.0,0.0,0.0,0.0,0.0,0.0,0.0,0.0,0.0,0.0,0.0,0.0,0.0,,,,,,,,,,,,,,,,,,,,
2022-08-31,600022208,600022208|4689965|5044376,5044376,4689965,rodrigo lidio,mateusz rębecki,0,mateusz rębecki,SUBMISSION,1,3.08,3.326557013491037,10.159999999999997,17.78,0.0,0.0,-1.0,0.0,0.0,-1.0,0.0,0.0,0.0,0.0,0.0,0.0,0.0,0.0,0.0,0.0,0.0,0.0,0.0,0.0,0.0,0.0,0.0,0.0,0.0,7.0,5.0,2.0,-0.07638888888888884,-0.33333333333333337,-0.19999999999999996,0.125,0.22115384615384615,-0.09615384615384615,-0.125,0.0,-0.17618133992776452,-65.87778101593085,-4.0,2.2624010625979736,2.0,1.0,-7.0,0.0
2022-08-31,600022208,600022208|4869428|5060398,5060398,4869428,viktoriia dudakova,maria silva,1,viktoriia dudakova,DEC-UNA,3,15.0,-3.10478654592497,5.079999999999984,5.0800000000000125,0.0,0.0,0.0,0.0,0.0,0.0,-1.0,-1.0,-1.0,0.0,0.0,0.0,-1.0,-15.0,-1.0,0.0,0.0,0.0,0.0,0.0,0.0,0.0,0.0,0.0,,,,,,,,,,,,,,,,,,,,
2022-08-31,600022208,600022208|5060467|5060472,5060472,5060467,matej penaz,sedriques dumas,0,sedriques dumas,SUBMISSION,1,0.78,-1.190989548040001,2.539999999999992,10.159999999999997,0.0,0.0,1.0,0.0,-1.0,0.0,0.0,0.0,0.0,0.0,0.0,0.0,0.0,0.0,0.0,0.0,0.0,0.0,0.0,0.0,0.0,0.0,0.0,0.0,0.0,12.0,11.0,1.0,-0.07692307692307687,-0.33333333333333337,-0.19999999999999996,-0.16666666666666663,0.8333333333333334,-1.0,0.16666666666666666,1.0,-0.5351101921566689,-150.11083278551882,0.0,108.60631374217769,12.0,1.0,-1.0,0.0
2022-08-31,600022208,600022208|5080485|5085249,5085249,5080485,yusaku kinoshita,jose henrique,1,yusaku kinoshita,KO-TKO,3,10.72,1.7522604844726466,-7.620000000000003,-20.319999999999997,0.0,0.0,1.0,0.0,1.0,0.0,0.0,0.0,0.0,0.0,0.0,0.0,0.0,0.0,0.0,0.0,0.0,0.0,0.0,0.0,0.0,0.0,0.0,0.0,0.0,2.0,1.0,1.0,0.3333333333333333,0.3333333333333333,0.3333333333333333,1.0,1.0,0.0,0.0,-1.0,0.312807881773399,118.02567811778863,1.0,16.916040363290676,2.0,0.0,1.0,-2642.0
2022-09-07,600022209,600022209|3093513|4294871,3093513,4294871,ismael bonfim,nariman abbasov,1,ismael bonfim,DEC-UNA,3,15.0,-1.9028453698570156,0.0,13.970000000000027,0.0,0.0,0.0,0.0,1.0,0.0,0.0,0.0,0.0,0.0,0.0,0.0,0.0,0.0,0.0,0.0,0.0,0.0,0.0,0.0,0.0,0.0,0.0,0.0,0.0,19.0,18.0,1.0,0.19047619047619047,0.33333333333333337,0.19999999999999996,0.2916666666666667,0.25,0.041666666666666685,-0.29166666666666663,0.33333333333333337,-0.09681529876497941,-21.732482604837287,9.0,185.72258985810913,14.0,0.21568627450980393,16.0,0.0
2022-09-07,600022209,600022209|4701186|4915907,4701186,4915907,jimmy lawson,karl williams,0,karl williams,DEC-UNA,3,15.0,-1.8508251367242288,-7.620000000000003,-5.079999999999984,0.0,0.0,0.0,0.0,0.0,0.0,0.0,0.0,0.0,0.0,0.0,0.0,0.0,0.0,0.0,0.0,0.0,0.0,0.0,0.0,0.0,0.0,0.0,0.0,0.0,-1.0,-1.0,0.0,-0.08333333333333337,-0.33333333333333337,-0.08333333333333337,0.6666666666666667,0.6666666666666667,0.0,-0.6666666666666666,-1.0,-0.04908370792322203,-22.369438844885735,0.0,-18.76966439193211,1.0,0.0,-1.0,330.0
2022-09-07,600022209,600022209|4921516|5092403,5092403,4921516,trey waters,gabriel bonfim,0,gabriel bonfim,SUBMISSION,1,4.22,2.4942332833665297,10.160000000000023,11.430000000000009,0.0,0.0,0.0,0.0,1.0,0.0,0.0,0.0,0.0,0.0,0.0,0.0,0.0,0.0,0.0,0.0,0.0,0.0,0.0,0.0,0.0,0.0,0.0,0.0,0.0,-7.0,-8.0,1.0,-0.125,-0.33333333333333337,-0.19999999999999996,-0.1428571428571429,0.16190476190476188,-0.30476190476190473,0.14285714285714285,1.0,0.0415740740740741,9.299746855894,-5.0,-103.61917865283044,-2.0,0.0,-15.0,0.0
2022-09-07,600022209,600022209|5056143|5056144,5056143,5056144,nayara maia,tereza bleda,0,tereza bleda,DEC-UNA,3,15.0,11.351362450974351,-10.159999999999997,-12.700000000000015,0.0,0.0,0.0,0.0,0.0,-1.0,0.0,0.0,0.0,0.0,0.0,0.0,0.0,0.0,0.0,0.0,0.0,0.0,0.0,0.0,0.0,0.0,0.0,0.0,0.0,1.0,0.0,0.0,0.0,0.0,0.0,0.0,0.0,0.0,0.0,0.0,0.265151515151515,-1.4045565181090751,0.0,0.37446849803131954,0.0,0.0,0.0,-63.0
2022-09-07,600022209,600022209|5060483|5060489,5060483,5060489,vitor petrino,rodolfo bellato,1,vitor petrino,KO-TKO,2,8.6,-1.5606069939834484,-2.539999999999992,6.349999999999994,0.0,0.0,0.0,0.0,1.0,0.0,0.0,0.0,0.0,0.0,0.0,0.0,0.0,0.0,0.0,0.0,0.0,0.0,0.0,0.0,0.0,0.0,0.0,0.0,0.0,0.0,0.0,0.0,0.0,0.0,0.0,-0.5,0.5,-1.0,0.5,0.0,-0.07470238095238102,6.223233715246124,-1.0,0.4434914030055097,-2.0,-1.0,0.0,188.0
2022-09-14,600022210,600022210|4394200|4891678,4394200,4891678,bruna brasil,marnic mann,1,bruna brasil,KO-TKO,2,9.55,-0.5092507032998626,15.23999999999998,3.8100000000000014,0.0,0.0,-1.0,0.0,0.0,0.0,0.0,0.0,0.0,0.0,0.0,0.0,0.0,0.0,0.0,0.0,0.0,0.0,0.0,0.0,0.0,0.0,0.0,0.0,0.0,4.0,2.0,1.0,-0.05681818181818177,0.33333333333333337,0.19999999999999996,-0.15873015873015872,-0.09523809523809523,-0.06349206349206349,0.15873015873015872,0.0,0.22490079365079363,18.938522397908173,3.0,32.28232349159566,0.0,0.0,8.0,0.0
2022-09-14,600022210,600022210|4684776|4684923,4684776,4684923,ikram aliskerov,mario sousa,1,ikram aliskerov,SUBMISSION,1,2.15,3.86866260087476,-7.620000000000003,-8.890000000000015,0.0,0.0,1.0,0.0,0.0,1.0,-2.0,-1.0,-0.5,0.0,0.0,0.0,-0.5,-13.29,-0.5,-1.0,-2.4078254326561326,-4.890895410082769,-0.4923076923076923,-0.5643340857787811,-2.2573363431151243,-0.25,0.0,-0.5643340857787811,0.0,-12.0,-9.0,-3.0,0.16666666666666663,0.33333333333333337,0.4,-0.2666666666666667,-0.5,0.23333333333333334,0.26666666666666666,-0.6666666666666666,0.08565314277788916,55.305852278472685,2.0,-35.35806409879274,0.0,0.0,6.0,0.0
2022-09-14,600022210,600022210|4875507|5088886,5088886,4875507,daniel marcos,brandon lewis,1,daniel marcos,DEC-UNA,3,15.0,4.40529237424451,7.620000000000003,-2.5400000000000205,0.0,0.0,0.0,0.0,0.0,0.0,-1.0,0.0,0.0,0.0,0.0,0.0,0.0,-15.0,-1.0,0.0,0.0,0.0,0.0,0.0,0.0,0.0,0.0,0.0,0.0,5.0,6.0,-1.0,1.0,1.0,1.0,0.3333333333333333,0.3333333333333333,0.0,0.6666666666666666,0.0,-0.35231481481481475,-67.14646472969252,2.0,106.21633655351798,0.0,0.0,6.0,651.0
2022-09-14,600022210,600022210|4903519|5016786,4903519,5016786,allan begosso,farid basharat,0,farid basharat,DEC-UNA,3,15.0,1.6920265303188984,-7.620000000000003,-12.700000000000015,0.0,0.0,0.0,0.0,0.0,0.0,0.0,0.0,0.0,0.0,0.0,0.0,0.0,0.0,0.0,0.0,0.0,0.0,0.0,0.0,0.0,0.0,0.0,0.0,0.0,3.0,-1.0,3.0,-0.25,-0.33333333333333337,-0.6,0.18888888888888888,0.34444444444444444,-0.15555555555555556,-0.18888888888888888,0.0,0.1289366189366189,35.2798692036788,1.0,-47.86189151735289,5.0,-0.2857142857142857,-10.0,0.0
2022-09-14,600022210,600022210|5048900|5092399,5048900,5092399,trevor peek,malik lewis,1,trevor peek,KO-TKO,2,7.62,1.1499209429351716,-7.620000000000003,-12.699999999999989,0.0,0.0,0.0,1.0,0.0,0.0,0.0,0.0,0.0,0.0,0.0,0.0,0.0,0.0,0.0,0.0,0.0,0.0,0.0,0.0,0.0,0.0,0.0,0.0,0.0,-7.0,-6.0,-1.0,0.125,0.33333333333333337,0.19999999999999996,0.1428571428571429,0.2857142857142857,-0.14285714285714285,-0.14285714285714285,-1.0,0.6180555555555556,94.32007545385272,0.0,-59.05595984522938,-3.0,-1.0,1.0,0.0
2022-09-21,600022211,600022211|2223033|5076594,5076594,2223033,richard jacobi,austen lane,0,austen lane,KO-TKO,1,4.57,-5.886500065025292,-5.0800000000000125,-12.699999999999989,0.0,0.0,0.0,0.0,0.0,0.0,-1.0,0.0,0.0,0.0,0.0,0.0,0.0,-0.95,0.0,-1.0,-6.315789473684211,-15.789473684210527,-0.4,0.0,0.0,0.0,-15.789473684210526,0.0,0.0,4.0,4.0,-2.0,0.4571428571428571,0.0,0.4,-0.16666666666666663,-0.16666666666666663,0.0,0.16666666666666666,0.0,-0.4160714285714285,-83.68785294484269,-2.0,55.68275808883277,0.0,0.0,-2.0,0.0
2022-09-21,600022211,600022211|3128474|5092398,5092398,3128474,nurullo aliev,josh wick,1,nurullo aliev,KO-TKO,1,4.6,-6.1794561147730604,2.5400000000000205,7.620000000000003,0.0,0.0,0.0,-1.0,0.0,0.0,0.0,0.0,0.0,0.0,0.0,0.0,0.0,0.0,0.0,0.0,0.0,0.0,0.0,0.0,0.0,0.0,0.0,0.0,0.0,-18.0,-11.0,-7.0,0.368421052631579,0.33333333333333337,0.4,0.16666666666666663,0.75,-0.5833333333333334,-0.16666666666666666,-0.14285714285714285,0.23230120756436545,59.6189266332035,1.0,-33.48863844019593,-2.0,0.0,1.0,0.0
2022-09-21,600022211,600022211|3896934|5075937,3896934,5075937,jafel filho,roybert echeverria,1,jafel filho,KO-TKO,3,11.52,2.29436607185637,5.0800000000000125,3.8100000000000014,0.0,0.0,0.0,-1.0,0.0,1.0,0.0,0.0,0.0,0.0,0.0,0.0,0.0,0.0,0.0,0.0,0.0,0.0,0.0,0.0,0.0,0.0,0.0,0.0,0.0,8.0,7.0,1.0,0.0,0.33333333333333337,0.19999999999999996,0.2142857142857143,-0.21428571428571425,0.42857142857142855,-0.21428571428571427,-0.5,0.3529720371003264,38.15348272222195,6.0,82.20971050934759,9.0,0.7777777777777778,5.0,0.0
2022-09-21,600022211,600022211|4584163|5077131,5077131,4584163,brunno ferreira,leon aliu,1,brunno ferreira,KO-TKO,1,1.58,-3.310129571449103,-5.079999999999984,-5.0800000000000125,0.0,0.0,0.0,0.0,0.0,1.0,0.0,0.0,0.0,0.0,0.0,0.0,0.0,0.0,0.0,0.0,0.0,0.0,0.0,0.0,0.0,0.0,0.0,0.0,0.0,-10.0,-8.0,-2.0,0.15384615384615385,0.33333333333333337,0.4,0.0,0.030303030303030276,-0.03030303030303033,0.0,-0.5,0.25265208647561577,73.67676774389861,-1.0,-54.50839264077899,-3.0,-1.0,3.0,0.0
2022-09-21,600022211,600022211|4876401|5088844,4876401,5088844,mando gutierrez,raul rosas jr.,0,raul rosas jr.,DEC-UNA,3,15.0,7.619595200449016,-7.620000000000003,7.620000000000003,0.0,0.0,1.0,-1.0,0.0,0.0,0.0,0.0,0.0,0.0,0.0,0.0,0.0,0.0,0.0,0.0,0.0,0.0,0.0,0.0,0.0,0.0,0.0,0.0,0.0,3.0,1.0,2.0,-0.5,-0.6666666666666667,-0.5,0.0,-1.0,1.0,0.0,1.0,0.8348214285714286,73.50746703116192,1.0,-10.345523311579427,4.0,0.5,-1.0,658.0
2022-09-28,600022212,600022212|4795255|5088891,5088891,4795255,mateus mendonca,ashiek ajim,1,mateus mendonca,KO-TKO,1,0.8,-4.580518422691775,-5.0800000000000125,1.2700000000000102,0.0,0.0,0.0,-1.0,0.0,1.0,0.0,0.0,0.0,0.0,0.0,0.0,0.0,0.0,0.0,0.0,0.0,0.0,0.0,0.0,0.0,0.0,0.0,0.0,0.0,-2.0,0.0,-2.0,0.25,0.33333333333333337,0.4,-0.33333333333333337,-0.5,0.16666666666666666,0.33333333333333337,-1.0,0.2920558608058607,55.40192293312225,4.0,47.920778005626744,0.0,0.0,6.0,0.0
2022-09-28,600022212,600022212|4871197|5076593,5076593,4871197,rafael estevam,joao elias,1,rafael estevam,KO-TKO,2,7.42,-1.5879860640533323,12.699999999999989,11.429999999999978,0.0,0.0,-1.0,0.0,0.0,0.0,0.0,0.0,0.0,0.0,0.0,0.0,0.0,0.0,0.0,0.0,0.0,0.0,0.0,0.0,0.0,0.0,0.0,0.0,0.0,-11.0,-5.0,-4.0,0.19047619047619047,0.33333333333333337,0.4,-0.03921568627450989,0.35784313725490197,-0.3970588235294118,0.039215686274509776,-1.0,0.06852877161177928,12.96478527098293,0.0,20.282614737930544,10.0,1.0,12.0,0.0
2022-09-28,600022212,600022212|5061870|5088537,5061870,5088537,bo nickal,donovan beard,1,bo nickal,SUBMISSION,1,0.87,-6.190407742801018,-2.5400000000000205,-5.0800000000000125,0.0,0.0,1.0,0.0,0.0,1.0,1.0,1.0,1.0,1.0,0.0,1.0,0.0,1.03,0.0,1.0,1.941747572815534,2.912621359223301,0.6666666666666666,29.12621359223301,29.12621359223301,1.0,0.0,29.12621359223301,,,,,,,,,,,,,,,,,,,,
2022-09-28,600022212,600022212|5088845|5088916,5088916,5088845,sam patterson,vinicius cenci,1,sam patterson,SUBMISSION,2,9.3,-0.432589307104184,5.0800000000000125,10.159999999999997,0.0,0.0,0.0,0.0,0.0,0.0,0.0,0.0,0.0,0.0,0.0,0.0,0.0,0.0,0.0,0.0,0.0,0.0,0.0,0.0,0.0,0.0,0.0,0.0,,,,,,,,,,,,,,,,,,,,
2022-09-28,600022212,600022212|5088846|5088885,5088846,5088885,emiliano linares,jack jenkins,0,jack jenkins,KO-TKO,3,14.5,-3.46345236384046,2.539999999999992,11.430000000000009,0.0,0.0,0.0,-1.0,0.0,0.0,0.0,0.0,0.0,0.0,0.0,0.0,0.0,0.0,0.0,0.0,0.0,0.0,0.0,0.0,0.0,0.0,0.0,0.0,,,,,,,,,,,,,,,,,,,,
2023-08-08,600036332,600036332|4788298|5144066,5144066,4788298,kevin borjas,victor dias,1,kevin borjas,DEC-UNA,3,15.0,-6.946070076729846,-2.539999999999992,-2.539999999999992,0.0,0.0,0.0,0.0,0.0,0.0,0.0,0.0,0.0,0.0,0.0,0.0,0.0,0.0,0.0,0.0,0.0,0.0,0.0,0.0,0.0,0.0,0.0,0.0,0.0,-3.0,-2.0,-1.0,0.05384615384615388,0.0,-0.19999999999999996,0.36363636363636365,0.9090909090909091,-0.5454545454545454,-0.2727272727272727,1.0,-0.15678104412224203,-7.42038430875391,2.0,-12.936271476574802,-2.0,-0.5,-1.0,54.0
2023-08-08,600036332,600036332|4892422|5144008,5144008,4892422,payton talbott,reyes cortez jr.,1,payton talbott,DEC-UNA,3,15.0,-6.108270532591359,7.620000000000003,6.349999999999994,0.0,0.0,0.0,1.0,0.0,0.0,-1.0,0.0,0.0,0.0,0.0,0.0,0.0,-15.0,-1.0,-1.0,-3.1333333333333333,-7.933333333333334,-0.3949579831932773,-2.0,-10.0,-0.2,0.0,0.0,0.0,-1.0,0.0,-1.0,0.33333333333333337,0.33333333333333337,0.33333333333333337,1.0,1.0,0.0,-1.0,0.0,-0.14393939393939403,-35.42038971842385,1.0,9.592780316929066,-2.0,-1.0,0.0,-134.0
2023-08-08,600036332,600036332|5007668|5075334,5075334,5007668,kevin szaflarski,caio machado,0,caio machado,DEC-UNA,3,15.0,-0.4462788421391259,2.5400000000000205,-2.539999999999992,0.0,0.0,-1.0,0.0,0.0,0.0,0.0,0.0,0.0,0.0,0.0,0.0,0.0,0.0,0.0,0.0,0.0,0.0,0.0,0.0,0.0,0.0,0.0,0.0,0.0,-25.0,-13.0,-11.0,0.25,0.6666666666666667,0.4,0.06818181818181823,-0.13636363636363635,0.20454545454545453,-0.06818181818181818,0.5,-0.05258613423087133,-38.93217558016681,-3.0,3.0336417193011584,-11.0,-0.36363636363636365,11.0,252.0
2023-08-08,600036332,600036332|5119021|5144068,5119021,5144068,lucas fernando,cesar almeida,0,cesar almeida,DEC-UNA,3,15.0,-8.78868149243311,5.0800000000000125,19.049999999999983,0.0,0.0,0.0,0.0,-1.0,0.0,0.0,0.0,0.0,0.0,0.0,0.0,0.0,0.0,0.0,0.0,0.0,0.0,0.0,0.0,0.0,0.0,0.0,0.0,,,,,,,,,,,,,,,,,,,,
2023-08-08,600036332,600036332|5144006|5144007,5144006,5144007,bogdan grad,tom nolan,0,tom nolan,KO-TKO,1,1.38,4.443623072342348,-17.78,-7.619999999999976,0.0,0.0,-1.0,0.0,0.0,0.0,0.0,0.0,0.0,0.0,0.0,0.0,0.0,0.0,0.0,0.0,0.0,0.0,0.0,0.0,0.0,0.0,0.0,0.0,,,,,,,,,,,,,,,,,,,,
2023-08-15,600036492,600036492|4684240|5007669,5007669,4684240,paulo renato jr.,ibo aslan,0,ibo aslan,KO-TKO,1,2.37,2.242345838723587,-7.620000000000003,-11.430000000000009,0.0,0.0,0.0,0.0,-1.0,0.0,1.0,0.0,0.0,0.0,0.0,0.0,0.0,15.0,1.0,1.0,5.133333333333334,11.0,0.4666666666666667,0.0,0.0,0.0,0.0,0.0,,,,,,,,,,,,,,,,,,,,
2023-08-15,600036492,600036492|4695485|4764301,4764301,4695485,george hardwick,abdul-kareem al-selwady,0,abdul-kareem al-selwady,DEC-UNA,3,15.0,-1.6591716462350377,2.539999999999992,7.620000000000003,0.0,0.0,0.0,0.0,0.0,0.0,0.0,0.0,0.0,0.0,0.0,0.0,0.0,0.0,0.0,0.0,0.0,0.0,0.0,0.0,0.0,0.0,0.0,0.0,0.0,5.0,6.0,-1.0,0.07971014492753614,0.0,0.0,0.02857142857142858,-0.05714285714285716,0.08571428571428569,-0.02857142857142858,-1.0,0.06730764057975458,22.31804529545616,6.0,92.81639266126672,17.0,-0.10526315789473684,11.0,-57.0
2023-08-15,600036492,600036492|4878592|5144320,5144320,4878592,cameron smotherman,charalampos grigoriou,0,charalampos grigoriou,KO-TKO,1,1.0,-5.464862385949061,5.079999999999984,3.8100000000000014,0.0,0.0,0.0,0.0,-1.0,0.0,0.0,0.0,0.0,0.0,0.0,0.0,0.0,0.0,0.0,0.0,0.0,0.0,0.0,0.0,0.0,0.0,0.0,0.0,0.0,1.0,1.0,0.0,0.5,0.5,0.5,1.0,1.0,0.0,0.0,-1.0,-0.20138888888888884,-61.69045461129349,0.0,15.466403642142723,0.0,0.0,1.0,-647.0
2023-08-15,600036492,600036492|5027356|5115163,5115163,5027356,emrah sonmez,hyder amil,0,hyder amil,DEC-UNA,3,15.0,-2.0808093253112645,2.5400000000000205,2.539999999999992,0.0,0.0,0.0,-1.0,0.0,0.0,0.0,0.0,0.0,0.0,0.0,0.0,0.0,0.0,0.0,0.0,0.0,0.0,0.0,0.0,0.0,0.0,0.0,0.0,0.0,9.0,3.0,6.0,-0.2727272727272727,0.0,-0.19999999999999996,-0.004807692307692291,-0.038461538461538436,0.033653846153846145,0.004807692307692291,0.5,0.07268648534128402,3.251331455265017,0.0,-55.63459595204017,-4.0,-0.5,-9.0,-155.0
2023-08-15,600036492,600036492|5143887|5143888,5143887,5143888,janaina silva,eduarda moura,0,eduarda moura,SUBMISSION,1,4.0,2.034264906192462,-12.699999999999989,-15.23999999999998,0.0,0.0,0.0,0.0,0.0,-1.0,0.0,0.0,0.0,0.0,0.0,0.0,0.0,0.0,0.0,0.0,0.0,0.0,0.0,0.0,0.0,0.0,0.0,0.0,0.0,2.0,2.0,0.0,0.0,0.0,0.0,-0.6666666666666667,-0.6666666666666667,0.0,0.6666666666666666,0.0,-0.07314814814814807,-23.87248237228914,-1.0,30.46775639037355,2.0,1.0,2.0,141.0
2023-08-23,600036493,600036493|4403762|5007635,4403762,5007635,isis verbeek,josefine knutsson,0,josefine knutsson,DEC-UNA,3,15.0,1.01028768557876,2.539999999999992,10.159999999999997,0.0,0.0,0.0,0.0,-1.0,0.0,0.0,0.0,0.0,0.0,0.0,0.0,0.0,0.0,0.0,0.0,0.0,0.0,0.0,0.0,0.0,0.0,0.0,0.0,,,,,,,,,,,,,,,,,,,,
2023-08-23,600036493,600036493|4900808|5056138,5056138,4900808,kaik brito,oban elliott,0,oban elliott,DEC-MAJ,3,15.0,0.7337590778729179,-2.539999999999992,1.2700000000000102,0.0,0.0,0.0,0.0,0.0,0.0,0.0,0.0,0.0,0.0,0.0,0.0,0.0,0.0,0.0,0.0,0.0,0.0,0.0,0.0,0.0,0.0,0.0,0.0,0.0,0.0,-2.0,2.0,-0.07692307692307687,-0.33333333333333337,-0.19999999999999996,0.31818181818181823,0.48636363636363633,-0.16818181818181818,-0.3181818181818182,-0.8333333333333334,0.10852599518710504,52.91755022072289,6.0,-17.71847400417164,-14.0,-0.033333333333333326,-9.0,0.0
2023-08-23,600036493,600036493|5143223|5143224,5143223,5143224,zachary reese,eli aronov,1,zachary reese,SUBMISSION,1,1.23,2.2040151406257458,15.23999999999998,12.700000000000015,0.0,0.0,0.0,1.0,0.0,0.0,0.0,0.0,0.0,0.0,0.0,0.0,0.0,0.0,0.0,0.0,0.0,0.0,0.0,0.0,0.0,0.0,0.0,0.0,0.0,-6.0,-5.0,-1.0,0.125,0.33333333333333337,0.19999999999999996,0.5714285714285714,0.35714285714285715,0.2142857142857143,-0.5714285714285714,-1.0,0.08125000000000004,-4.644057365293747,0.0,-51.01956135203022,-2.0,-1.0,2.0,0.0
2023-08-23,600036493,600036493|5144312|5147245,5147245,5144312,robbie ring,luis pajuelo,0,luis pajuelo,KO-TKO,1,3.72,-5.588068201263546,-2.5400000000000205,-3.8100000000000014,0.0,0.0,0.0,0.0,0.0,0.0,0.0,0.0,0.0,0.0,0.0,0.0,0.0,0.0,0.0,0.0,0.0,0.0,0.0,0.0,0.0,0.0,0.0,0.0,0.0,-7.0,-7.0,0.0,-0.38888888888888884,-0.5,-0.5,0.125,0.125,0.0,-0.125,1.0,0.06818783068783063,30.845551247302183,-1.0,-98.26337567030009,-1.0,0.0,-5.0,0.0
2023-08-30,600036494,600036494|4294832|4816283,4816283,4294832,mitch ramirez,carlos prates,0,carlos prates,KO-TKO,2,6.23,0.785779311005701,-5.079999999999984,-17.78,0.0,0.0,0.0,-1.0,-1.0,0.0,0.0,0.0,0.0,0.0,0.0,0.0,0.0,0.0,0.0,0.0,0.0,0.0,0.0,0.0,0.0,0.0,0.0,0.0,0.0,-22.0,-17.0,-5.0,-0.09333333333333338,-0.33333333333333337,-0.33333333333333337,0.10526315789473684,-0.23684210526315785,0.34210526315789475,-0.10526315789473684,0.16666666666666663,-0.008403058929374763,27.7829156836699,-4.0,-153.02554207223193,-4.0,-1.0,-9.0,0.0
2023-08-30,600036494,600036494|4358022|4869702,4869702,4358022,thomas petersen,chandler cole,1,thomas petersen,SUBMISSION,2,6.13,-0.2190325605590786,7.619999999999976,3.8100000000000014,0.0,0.0,1.0,0.0,1.0,0.0,0.0,0.0,0.0,0.0,0.0,0.0,0.0,0.0,0.0,0.0,0.0,0.0,0.0,0.0,0.0,0.0,0.0,0.0,0.0,19.0,19.0,0.0,0.9047619047619048,1.0,1.0,0.9473684210526315,0.7894736842105263,0.15789473684210525,0.05263157894736842,0.0,-0.37375020183512003,-90.11266799661576,2.0,198.90884269963294,19.0,0.8947368421052632,5.0,0.0
2023-08-30,600036494,600036494|4914335|5145682,5145682,4914335,bolaji oki,dylan salvador,1,bolaji oki,KO-TKO,1,2.77,-2.488757469352553,2.5400000000000205,8.889999999999986,0.0,0.0,-1.0,0.0,0.0,0.0,0.0,0.0,0.0,0.0,0.0,0.0,0.0,0.0,0.0,0.0,0.0,0.0,0.0,0.0,0.0,0.0,0.0,0.0,0.0,-1.0,-1.0,0.0,-0.16666666666666663,-0.16666666666666663,-0.16666666666666663,-1.0,-0.5,-0.5,1.0,0.0,-0.07424242424242422,-67.18907605438312,-2.0,-23.46125460788653,0.0,0.0,0.0,1203.0
2023-08-30,600036494,600036494|5079262|5123311,5079262,5123311,mateo vogel,timmy cuamba,0,timmy cuamba,DEC-UNA,3,15.0,2.9295604974777056,-2.539999999999992,0.0,0.0,0.0,0.0,0.0,0.0,0.0,0.0,0.0,0.0,0.0,0.0,0.0,0.0,0.0,0.0,0.0,0.0,0.0,0.0,0.0,0.0,0.0,0.0,0.0,,,,,,,,,,,,,,,,,,,,
2023-08-30,600036494,600036494|5138111|5149815,5149815,5138111,yousri belgaroui,marco tulio,0,marco tulio,DEC-UNA,3,15.0,1.9548656029897948,12.700000000000015,11.430000000000009,0.0,0.0,0.0,0.0,0.0,0.0,0.0,0.0,0.0,0.0,0.0,0.0,0.0,0.0,0.0,0.0,0.0,0.0,0.0,0.0,0.0,0.0,0.0,0.0,0.0,-2.0,-2.0,0.0,0.0,0.0,0.0,-0.25,-0.25,0.0,0.25,0.0,0.1478236667752798,-82.48789240728365,-3.0,-43.90575755577788,-2.0,-1.0,-2.0,309.0
2023-09-06,600036495,600036495|4379328|4691323,4379328,4691323,brendson ribeiro,bruno lopes,1,brendson ribeiro,KO-TKO,1,3.78,-3.375839339616828,2.539999999999992,17.78,0.0,0.0,0.0,0.0,1.0,0.0,0.0,0.0,0.0,0.0,0.0,0.0,0.0,0.0,0.0,0.0,0.0,0.0,0.0,0.0,0.0,0.0,0.0,0.0,0.0,6.0,1.0,4.0,-0.18333333333333335,0.33333333333333337,-0.20000000000000007,0.2142857142857143,0.17142857142857143,0.04285714285714287,-0.21428571428571427,-0.19999999999999996,0.07431499845046496,6.169855006387479,1.0,-33.56216134333499,-7.0,-0.5,3.0,0.0
2023-09-06,600036495,600036495|4801725|5144319,5144319,4801725,rainn guerrero,dione barbosa,0,dione barbosa,SUBMISSION,1,4.58,-0.0136895350349419,0.0,-2.539999999999992,0.0,0.0,0.0,0.0,0.0,0.0,0.0,0.0,0.0,0.0,0.0,0.0,0.0,0.0,0.0,0.0,0.0,0.0,0.0,0.0,0.0,0.0,0.0,0.0,0.0,-5.0,-3.0,-2.0,0.33333333333333337,0.0,0.19999999999999996,1.0,1.0,0.0,-1.0,0.0,-0.10566448801742923,3.427587360908774,0.0,-16.379623947202163,-6.0,-0.6666666666666666,-3.0,533.0
2023-09-06,600036495,600036495|5032015|5068827,5032015,5068827,dylan budka,chad hanekom,1,dylan budka,DEC-UNA,3,15.0,-9.73599731685113,-10.159999999999997,2.539999999999992,0.0,0.0,0.0,1.0,0.0,0.0,0.0,0.0,0.0,0.0,0.0,0.0,0.0,0.0,0.0,0.0,0.0,0.0,0.0,0.0,0.0,0.0,0.0,0.0,0.0,9.0,8.0,1.0,0.2692307692307693,0.3333333333333333,0.09999999999999998,-0.09999999999999998,-0.4,0.3,0.09999999999999998,-0.16666666666666669,-0.15753599848427435,-22.98352158986927,2.0,97.00205581049818,8.0,0.75,2.0,0.0
2023-09-06,600036495,600036495|5145681|5145766,5145681,5145766,kevin vallejos,jean silva,0,jean silva,DEC-UNA,3,15.0,-4.94739796162823,0.0,-2.539999999999992,0.0,0.0,0.0,1.0,-1.0,0.0,0.0,0.0,0.0,0.0,0.0,0.0,0.0,0.0,0.0,0.0,0.0,0.0,0.0,0.0,0.0,0.0,0.0,0.0,0.0,-55.0,-33.0,-18.0,0.01851851851851849,-0.33333333333333337,-0.33333333333333337,-0.8857142857142857,-0.34285714285714286,-0.5428571428571428,0.8857142857142857,-0.5789473684210527,0.037424288175130105,54.96191198599513,-3.0,-93.71988017809781,-11.0,-0.7272727272727273,-6.0,0.0
2023-09-06,600036495,600036495|5146229|5152409,5152409,5146229,ramon taveras,serhiy sidey,0,serhiy sidey,KO-TKO,1,2.43,2.483281655338576,-7.620000000000003,-5.079999999999984,0.0,0.0,1.0,-1.0,0.0,0.0,0.0,0.0,0.0,0.0,0.0,0.0,0.0,0.0,0.0,0.0,0.0,0.0,0.0,0.0,0.0,0.0,0.0,0.0,,,,,,,,,,,,,,,,,,,,
2023-09-13,600036496,600036496|4426305|4685730,4685730,4426305,aj cunningham,steven nguyen,0,steven nguyen,KO-TKO,2,9.1,-1.3032437353265287,-2.539999999999992,-5.079999999999984,0.0,0.0,0.0,-1.0,-1.0,0.0,-2.0,-1.0,-0.5,0.0,0.0,0.0,-0.5,-14.8,-1.0,-1.0,-7.364864864864865,-16.95945945945946,-0.4342629482071713,0.0,0.0,0.0,0.0,0.0,,,,,,,,,,,,,,,,,,,,
2023-09-13,600036496,600036496|4686723|5145494,5145494,4686723,patricia alujas,julia polastri,0,julia polastri,SUBMISSION,2,9.08,1.8234460666543448,5.0800000000000125,2.539999999999992,0.0,0.0,0.0,0.0,-1.0,0.0,-1.0,0.0,0.0,0.0,0.0,0.0,0.0,-15.0,-1.0,-1.0,-4.333333333333333,-8.8,-0.4924242424242424,0.0,0.0,0.0,0.0,0.0,0.0,-15.0,-13.0,-2.0,-0.32352941176470584,-0.5,-0.5,-0.6428571428571429,-0.35714285714285715,-0.2857142857142857,0.6428571428571428,1.0,0.08421451914098965,42.82750608903825,-4.0,-145.87333655783732,-8.0,-0.875,-6.0,0.0
2023-09-13,600036496,600036496|5053878|5145497,5053878,5145497,eduardo neves,jhonata diniz,0,jhonata diniz,KO-TKO,1,3.25,-8.731185445286354,-5.079999999999984,-2.5400000000000205,0.0,0.0,0.0,0.0,-1.0,0.0,1.0,0.0,0.0,0.0,0.0,0.0,0.0,1.95,0.0,1.0,3.58974358974359,6.666666666666667,0.5384615384615384,15.384615384615389,15.384615384615389,1.0,0.0,7.692307692307693,0.0,12.0,10.0,2.0,-0.15384615384615385,-0.33333333333333337,-0.4,0.0,0.0,0.0,0.0,1.0,-0.4499999999999999,-114.87589255517082,2.0,88.25642065820489,8.0,1.0,-1.0,0.0
2023-09-13,600036496,600036496|5075748|5092399,5092399,5075748,malik lewis,james llontop,0,james llontop,DEC-UNA,3,15.0,3.4114321307076807,0.0,5.0800000000000125,0.0,0.0,0.0,0.0,-1.0,0.0,1.0,0.0,0.0,0.0,0.0,0.0,0.0,7.62,0.0,1.0,8.530183727034121,12.598425196850393,0.6770833333333334,7.874015748031496,15.748031496062993,0.5,0.0,0.0,0.0,4.0,3.0,1.0,-0.033333333333333326,-0.6666666666666667,-0.4,0.275,0.15000000000000002,0.125,-0.275,-0.5,-0.3752910052910052,-64.18184529070936,-3.0,-5.631027308860666,3.0,1.0,-5.0,0.0
2023-09-13,600036496,600036496|5149436|5149439,5149436,5149439,kasey tanner,jean matsumoto,0,jean matsumoto,DEC-UNA,3,15.0,7.660663805553845,2.5400000000000205,2.539999999999992,0.0,0.0,0.0,0.0,0.0,0.0,0.0,0.0,0.0,0.0,0.0,0.0,0.0,0.0,0.0,0.0,0.0,0.0,0.0,0.0,0.0,0.0,0.0,0.0,0.0,-8.0,-9.0,1.0,-0.125,-0.33333333333333337,-0.19999999999999996,0.1517857142857143,0.24107142857142855,-0.0892857142857143,-0.1517857142857143,0.0,-0.3049920565545565,-47.392948652678115,-10.0,-138.8604418301734,-2.0,0.0,-16.0,0.0
2023-09-20,600036497,600036497|4868702|4935217,4935217,4868702,dylan mantello,kaynan kruschewsky,0,kaynan kruschewsky,SUBMISSION,1,2.87,-1.6290546691581618,2.539999999999992,0.0,0.0,0.0,0.0,0.0,-1.0,0.0,0.0,0.0,0.0,0.0,0.0,0.0,0.0,0.0,0.0,0.0,0.0,0.0,0.0,0.0,0.0,0.0,0.0,0.0,0.0,-11.0,-12.0,2.0,-0.25,-0.33333333333333337,-0.4,-0.03759398496240607,0.2556390977443609,-0.29323308270676696,0.03759398496240601,-0.6666666666666667,-0.21995170104192652,-34.18545189678389,-13.0,-173.0459042480959,-9.0,-1.0,-9.0,0.0
2023-09-20,600036497,600036497|4977643|5077056,5077056,4977643,jacobi jones,daniel allen,0,daniel allen,DEC-UNA,3,15.0,-3.786525390665105,-7.620000000000003,-7.620000000000003,0.0,0.0,-1.0,0.0,0.0,0.0,0.0,0.0,0.0,0.0,0.0,0.0,0.0,0.0,0.0,0.0,0.0,0.0,0.0,0.0,0.0,0.0,0.0,0.0,,,,,,,,,,,,,,,,,,,,
2023-09-20,600036497,600036497|5121866|5145498,5121866,5145498,greg velasco,shamil gaziev,0,shamil gaziev,SUBMISSION,1,2.63,-3.616775156231821,-5.079999999999984,-21.58999999999997,0.0,0.0,1.0,0.0,0.0,0.0,0.0,0.0,0.0,0.0,0.0,0.0,0.0,0.0,0.0,0.0,0.0,0.0,0.0,0.0,0.0,0.0,0.0,0.0,0.0,-5.0,-5.0,0.0,0.0,0.0,0.0,0.5,0.5,0.0,-0.5,0.0,-0.37566137566137564,-96.45339665764277,-4.0,-91.06368250298897,-2.0,-1.0,-5.0,504.0
2023-09-20,600036497,600036497|5126213|5145496,5126213,5145496,jhonata silva,igor severino,0,igor severino,KO-TKO,2,7.62,5.990540531290854,-5.0800000000000125,-7.620000000000003,0.0,0.0,0.0,0.0,0.0,0.0,0.0,0.0,0.0,0.0,0.0,0.0,0.0,0.0,0.0,0.0,0.0,0.0,0.0,0.0,0.0,0.0,0.0,0.0,0.0,0.0,-2.0,2.0,-0.18181818181818177,-0.33333333333333337,-0.19999999999999996,-0.2222222222222222,0.12121212121212122,-0.3434343434343434,0.2222222222222222,0.5,-0.09621243284344871,-11.973204205249203,-3.0,-59.28957230769447,0.0,-0.1428571428571429,-11.0,0.0
2023-09-27,600036498,600036498|4688624|4884877,4688624,4884877,victor madrigal,vinicius oliveira,0,vinicius oliveira,KO-TKO,1,3.03,5.289636337501797,-5.079999999999984,1.2700000000000102,0.0,0.0,0.0,-1.0,0.0,0.0,0.0,0.0,0.0,0.0,0.0,0.0,0.0,0.0,0.0,0.0,0.0,0.0,0.0,0.0,0.0,0.0,0.0,0.0,0.0,-16.0,-14.0,-2.0,-0.11180124223602483,0.0,-0.20000000000000007,-0.09473684210526312,-0.18947368421052635,0.09473684210526317,0.09473684210526317,0.0,0.20057316303434303,82.20378898635909,-2.0,-103.69731675573576,0.0,0.0,-2.0,0.0
2023-09-27,600036498,600036498|4702589|4893608,4893608,4702589,angel pacheco,danny silva,0,danny silva,DEC-UNA,3,15.0,5.048700520886808,-7.620000000000003,0.0,0.0,0.0,0.0,-1.0,1.0,0.0,0.0,0.0,0.0,0.0,0.0,0.0,0.0,0.0,0.0,0.0,0.0,0.0,0.0,0.0,0.0,0.0,0.0,0.0,0.0,-7.0,-7.0,0.0,-0.2333333333333334,-0.6666666666666667,0.0,0.4,0.06666666666666665,0.3333333333333333,-0.4,0.0,0.16886724386724383,17.445180817866003,-1.0,-87.05706624747836,-4.0,0.33333333333333337,-3.0,0.0
2023-09-27,600036498,600036498|5088544|5152138,5088544,5152138,raheam forest,danny barlow,0,danny barlow,KO-TKO,1,1.32,-1.9411760679548529,-7.620000000000003,-15.240000000000007,0.0,0.0,-1.0,1.0,0.0,0.0,0.0,0.0,0.0,0.0,0.0,0.0,0.0,0.0,0.0,0.0,0.0,0.0,0.0,0.0,0.0,0.0,0.0,0.0,0.0,9.0,7.0,2.0,-0.19999999999999996,-0.6666666666666667,-0.4,-0.25,-0.375,0.125,0.25,1.0,-0.5788888888888888,-95.99558514157434,-1.0,46.313945158855404,2.0,1.0,-1.0,0.0
2023-09-27,600036498,600036498|5119702|5149190,5119702,5149190,alexander soldatkin,mario piazzon,0,mario piazzon,DQ,3,10.33,4.821454239306764,12.700000000000015,5.0800000000000125,0.0,0.0,0.0,0.0,0.0,0.0,0.0,0.0,0.0,0.0,0.0,0.0,0.0,0.0,0.0,0.0,0.0,0.0,0.0,0.0,0.0,0.0,0.0,0.0,0.0,5.0,4.0,1.0,-0.16666666666666663,0.0,-0.19999999999999996,0.0,-0.4,0.4,0.0,0.0,0.3153388278388278,105.13767828999153,2.0,57.517955050225964,0.0,0.0,3.0,420.0
2023-09-27,600036498,600036498|5149147|5172179,5172179,5149147,carli judice,ernesta kareckaite,0,ernesta kareckaite,DEC-SPLT,3,15.0,-0.7392348918868947,-5.079999999999984,-7.620000000000003,0.0,0.0,1.0,0.0,0.0,0.0,0.0,0.0,0.0,0.0,0.0,0.0,0.0,0.0,0.0,0.0,0.0,0.0,0.0,0.0,0.0,0.0,0.0,0.0,,,,,,,,,,,,,,,,,,,,
2023-10-04,600036499,600036499|4293183|5119536,4293183,5119536,victor hugo,eduardo torres caut,1,victor hugo,SUBMISSION,2,7.27,2.423047701184828,0.0,3.8100000000000014,0.0,0.0,0.0,0.0,1.0,0.0,0.0,0.0,0.0,0.0,0.0,0.0,0.0,0.0,0.0,0.0,0.0,0.0,0.0,0.0,0.0,0.0,0.0,0.0,,,,,,,,,,,,,,,,,,,,
2023-10-04,600036499,600036499|4565683|5122238,4565683,5122238,raimond magomedaliev,mauricio ruffy,0,mauricio ruffy,KO-TKO,3,14.75,6.020657508367727,5.079999999999984,0.0,0.0,0.0,0.0,0.0,-1.0,0.0,0.0,0.0,0.0,0.0,0.0,0.0,0.0,0.0,0.0,0.0,0.0,0.0,0.0,0.0,0.0,0.0,0.0,0.0,0.0,-1.0,0.0,-1.0,0.33333333333333337,0.33333333333333337,0.33333333333333337,-0.5,-0.5,0.0,0.5,-1.0,-0.06007948362317295,1.4209238985752108,1.0,12.499734123863163,0.0,0.0,1.0,441.0
2023-10-04,600036499,600036499|5060489|5149437,5149437,5060489,murtaza talha,rodolfo bellato,0,rodolfo bellato,KO-TKO,2,9.77,-0.4271134930902072,-7.620000000000003,-2.539999999999992,0.0,0.0,0.0,0.0,0.0,0.0,-1.0,0.0,0.0,0.0,0.0,0.0,0.0,-8.6,0.0,-1.0,-4.883720930232558,-9.767441860465116,-0.5,0.0,0.0,0.0,-1.744186046511628,0.0,,,,,,,,,,,,,,,,,,,,
2023-10-04,600036499,600036499|5149440|5157817,5149440,5157817,magomed gadzhiyasulov,jose daniel medina,1,magomed gadzhiyasulov,DEC-UNA,3,15.0,-2.4695921203036377,5.0800000000000125,2.5400000000000205,0.0,0.0,0.0,0.0,0.0,0.0,0.0,0.0,0.0,0.0,0.0,0.0,0.0,0.0,0.0,0.0,0.0,0.0,0.0,0.0,0.0,0.0,0.0,0.0,,,,,,,,,,,,,,,,,,,,
2023-10-11,600036500,600036500|4050996|5147207,5147207,4050996,yuri panferov,torrez finney,0,torrez finney,SUBMISSION,2,7.720000000000001,2.149257000485978,12.699999999999989,-6.349999999999994,0.0,0.0,0.0,0.0,0.0,0.0,0.0,0.0,0.0,0.0,0.0,0.0,0.0,0.0,0.0,0.0,0.0,0.0,0.0,0.0,0.0,0.0,0.0,0.0,,,,,,,,,,,,,,,,,,,,
2023-10-11,600036500,600036500|4683526|5157668,5157668,4683526,marquel mederos,issa isakov,1,marquel mederos,KO-TKO,1,4.15,-7.107606590142169,2.5400000000000205,-2.5400000000000205,0.0,0.0,0.0,0.0,0.0,0.0,0.0,0.0,0.0,0.0,0.0,0.0,0.0,0.0,0.0,0.0,0.0,0.0,0.0,0.0,0.0,0.0,0.0,0.0,0.0,-2.0,-1.0,-1.0,0.33333333333333337,0.33333333333333337,0.33333333333333337,0.5,1.0,-0.5,-0.5,-1.0,-0.2916666666666667,-66.2166723024227,-1.0,-7.061673546391148,0.0,0.0,0.0,-645.0
2023-10-11,600036500,600036500|4775129|5152409,5152409,4775129,ramon taveras,cortavious romious,1,ramon taveras,KO-TKO,1,0.48,-0.0082137210209651,10.159999999999997,5.0800000000000125,0.0,0.0,0.0,0.0,0.0,0.0,1.0,0.0,0.0,0.0,0.0,0.0,0.0,2.43,0.0,1.0,4.526748971193415,12.757201646090534,0.3548387096774194,0.0,0.0,0.0,6.172839506172839,0.0,0.0,-8.0,-6.0,-2.0,0.19999999999999996,0.33333333333333337,0.19999999999999996,0.125,0.75,-0.625,-0.125,-0.5,0.09739108339108338,-34.886287527001286,0.0,-47.30541095385388,-2.0,-1.0,2.0,0.0
2023-10-11,600036500,600036500|5044438|5157670,5044438,5157670,connor matthews,jair farias,1,connor matthews,DEC-UNA,3,15.0,0.7912551250196778,-7.620000000000003,-15.240000000000007,0.0,0.0,0.0,1.0,0.0,0.0,1.0,0.0,0.0,0.0,0.0,0.0,0.0,15.0,1.0,1.0,7.333333333333333,15.466666666666669,0.4741379310344827,6.0,10.0,0.6,0.0,0.0,0.0,-5.0,-4.0,-1.0,0.028846153846153855,0.0,0.0,0.03896103896103886,-0.5844155844155845,0.6233766233766234,-0.038961038961038974,-0.5,-0.19695918397841466,-29.208226442195837,1.0,-34.9215454527548,0.0,0.0,2.0,0.0
2023-10-11,600036500,600036500|5146278|5149442,5146278,5149442,lucas rocha,davi bittencourt,1,lucas rocha,KO-TKO,2,5.3,-5.834479831892509,-5.079999999999984,-2.539999999999992,0.0,0.0,0.0,0.0,1.0,0.0,0.0,0.0,0.0,0.0,0.0,0.0,0.0,0.0,0.0,0.0,0.0,0.0,0.0,0.0,0.0,0.0,0.0,0.0,0.0,2.0,3.0,-2.0,0.1071428571428571,0.33333333333333337,0.19999999999999996,-0.022222222222222254,0.15555555555555556,-0.1777777777777778,0.0222222222222222,0.0,0.03170434180073911,14.281301065930847,3.0,62.41149294638353,-4.0,0.5,7.0,0.0
2023-10-11,600036500,600036500|5147579|5157669,5157669,5147579,andre lima,rickson zenidim,1,andre lima,DEC-UNA,3,15.0,0.0355927910908526,0.0,-1.2699999999999818,0.0,0.0,0.0,0.0,1.0,0.0,0.0,0.0,0.0,0.0,0.0,0.0,0.0,0.0,0.0,0.0,0.0,0.0,0.0,0.0,0.0,0.0,0.0,0.0,,,,,,,,,,,,,,,,,,,,
2024-08-13,600047624,600047624|4295666|4813565,4295666,4813565,rami hamed,ding meng,1,rami hamed,DEC-UNA,3,15.0,3.4251216657426227,-2.5400000000000205,-5.079999999999984,0.0,0.0,0.0,0.0,0.0,0.0,0.0,0.0,0.0,0.0,0.0,0.0,0.0,0.0,0.0,0.0,0.0,0.0,0.0,0.0,0.0,0.0,0.0,0.0,,,,,,,,,,,,,,,,,,,,
2024-08-13,600047624,600047624|4691323|5149722,5149722,4691323,mikheil sazhiniani,bruno lopes,0,bruno lopes,KO-TKO,2,9.23,-3.449762828805518,-5.0800000000000125,-7.620000000000003,0.0,0.0,0.0,0.0,0.0,0.0,-1.0,0.0,0.0,0.0,0.0,0.0,0.0,-3.78,0.0,-1.0,-5.291005291005291,-15.07936507936508,-0.3508771929824561,0.0,0.0,0.0,0.0,0.0,0.0,-15.0,-14.0,-1.0,0.05882352941176472,0.33333333333333337,0.19999999999999996,0.1875,0.625,-0.4375,-0.1875,-1.0,-0.11741243913616889,-96.9665581984516,-6.0,-159.9700041408605,-11.0,-1.0,0.0,-35.0
2024-08-13,600047624,600047624|5057023|5211221,5057023,5211221,wes schultz,mansur abdul-malik,0,mansur abdul-malik,KO-TKO,2,8.92,1.160872570963129,0.0,-6.349999999999994,0.0,0.0,0.0,0.0,0.0,0.0,0.0,0.0,0.0,0.0,0.0,0.0,0.0,0.0,0.0,0.0,0.0,0.0,0.0,0.0,0.0,0.0,0.0,0.0,,,,,,,,,,,,,,,,,,,,
2024-08-13,600047624,600047624|5147737|5200305,5200305,5147737,an tuan ho,lone'er kavanagh,0,lone'er kavanagh,KO-TKO,1,2.42,-1.3032437353265325,0.0,-1.2700000000000102,0.0,0.0,0.0,1.0,0.0,0.0,0.0,0.0,0.0,0.0,0.0,0.0,0.0,0.0,0.0,0.0,0.0,0.0,0.0,0.0,0.0,0.0,0.0,0.0,0.0,-6.0,-6.0,0.0,0.0,0.0,0.0,0.4,0.0,0.4,-0.4,0.0,-0.31081924469392497,-50.861377573765594,-3.0,-86.93879528699995,-4.0,0.0,-6.0,190.0
2024-08-13,600047624,600047624|5212749|5223435,5223435,5212749,jose miguel delgado,ernie juarez,1,jose miguel delgado,KO-TKO,2,6.42,-0.2710527936918616,7.620000000000003,10.159999999999997,0.0,0.0,0.0,1.0,0.0,0.0,0.0,0.0,0.0,0.0,0.0,0.0,0.0,0.0,0.0,0.0,0.0,0.0,0.0,0.0,0.0,0.0,0.0,0.0,,,,,,,,,,,,,,,,,,,,
2024-08-20,600047773,600047773|4001837|4863329,4001837,4863329,rizvan kuniev,hugo cunha,1,rizvan kuniev,KO-TKO,1,4.98,0.9062472193131974,2.539999999999992,-7.620000000000003,0.0,0.0,0.0,0.0,0.0,0.0,1.0,1.0,1.0,1.0,1.0,0.0,0.0,11.0,0.0,1.0,7.090909090909091,9.636363636363637,0.7358490566037735,4.090909090909091,5.454545454545455,0.75,0.0,0.0,0.0,-6.0,-6.0,0.0,-0.10909090909090902,0.0,0.0,-0.75,-0.25,-0.5,0.5,0.0,0.021257988076546552,-7.860904131156758,0.0,-78.86549474821186,-4.0,-1.0,-1.0,1049.0
2024-08-20,600047773,600047773|4050996|4694832,4050996,4694832,torrez finney,cam rowston,1,torrez finney,DEC-UNA,3,15.0,-3.761884227602209,-17.78,-7.620000000000003,0.0,0.0,0.0,0.0,0.0,0.0,1.0,1.0,1.0,1.0,0.0,1.0,0.0,7.720000000000001,0.0,1.0,0.9067357512953368,1.5544041450777202,0.5833333333333334,13.60103626943005,21.37305699481865,0.6363636363636364,0.0,3.8860103626943,,,,,,,,,,,,,,,,,,,,
2024-08-20,600047773,600047773|4245470|4775129,4245470,4775129,michael imperato,cortavious romious,0,cortavious romious,DEC-UNA,3,15.0,4.347796327097754,7.620000000000003,-3.8100000000000014,0.0,0.0,-1.0,1.0,0.0,0.0,-1.0,0.0,0.0,0.0,0.0,0.0,0.0,-0.48,0.0,-1.0,-14.583333333333334,-45.833333333333336,-0.3181818181818182,0.0,0.0,0.0,0.0,0.0,0.0,-3.0,-4.0,1.0,-0.19318181818181823,0.0,-0.20000000000000007,-0.28888888888888886,-0.2222222222222222,-0.06666666666666665,0.2888888888888889,0.16666666666666663,0.16815447920395454,33.02037679476916,1.0,-47.549025398185904,-2.0,-1.0,0.0,92.0
2024-08-20,600047773,600047773|4738749|5212851,4738749,5212851,andreas gustafsson,pat pytlik,1,andreas gustafsson,KO-TKO,2,8.33,-1.8261839736613368,0.0,1.2700000000000102,0.0,0.0,0.0,0.0,0.0,0.0,0.0,0.0,0.0,0.0,0.0,0.0,0.0,0.0,0.0,0.0,0.0,0.0,0.0,0.0,0.0,0.0,0.0,0.0,0.0,4.0,4.0,0.0,0.8,0.6666666666666666,0.8,1.0,0.75,0.25,0.0,-1.0,-0.01363296943690706,7.5671197843244045,1.0,63.010788364948894,0.0,0.0,1.0,-1730.0
2024-08-20,600047773,600047773|5001014|5144174,5001014,5144174,cody haddon,billy brand,1,cody haddon,SUBMISSION,1,3.15,-2.182111884569838,2.5400000000000205,8.889999999999986,0.0,0.0,0.0,0.0,0.0,0.0,0.0,0.0,0.0,0.0,0.0,0.0,0.0,0.0,0.0,0.0,0.0,0.0,0.0,0.0,0.0,0.0,0.0,0.0,0.0,0.0,-1.0,1.0,-1.0,-1.0,-1.0,-1.0,-1.0,0.0,0.0,0.0,0.8571428571428571,94.44582784635759,0.0,-27.709845746136352,0.0,0.0,-1.0,777.0
2024-08-28,600047774,600047774|4421157|5212854,5212854,4421157,malcolm wellmaker,adam bramhald,1,malcolm wellmaker,KO-TKO,1,2.48,-0.1971293045031714,0.0,2.539999999999992,0.0,0.0,0.0,1.0,0.0,0.0,0.0,0.0,0.0,0.0,0.0,0.0,0.0,0.0,0.0,0.0,0.0,0.0,0.0,0.0,0.0,0.0,0.0,0.0,0.0,-15.0,-12.0,-3.0,0.1875,0.33333333333333337,0.19999999999999996,0.23076923076923073,0.5384615384615384,-0.3076923076923077,-0.23076923076923078,-1.0,0.48514745670995674,148.31709896811753,-1.0,-91.103162310377,-2.0,-0.5,1.0,0.0
2024-08-28,600047774,600047774|4705665|5211225,5211225,4705665,andrey pulyaev,liam anderson,1,andrey pulyaev,DEC-UNA,3,15.0,-2.6585077037858404,5.079999999999984,7.620000000000003,0.0,0.0,1.0,0.0,0.0,0.0,0.0,0.0,0.0,0.0,0.0,0.0,0.0,0.0,0.0,0.0,0.0,0.0,0.0,0.0,0.0,0.0,0.0,0.0,0.0,-9.0,-7.0,-2.0,-0.08333333333333337,0.0,-0.13333333333333341,-0.5,0.05555555555555558,-0.5555555555555556,0.5,-0.3333333333333333,0.31100288600288595,89.8490476750103,2.0,-47.80729165081311,-6.0,-1.0,2.0,0.0
2024-08-28,600047774,600047774|5013686|5138111,5013686,5138111,matthieu duclos,marco tulio,0,marco tulio,KO-TKO,2,7.63,-0.8076825670616117,7.620000000000003,6.350000000000023,0.0,0.0,0.0,0.0,0.0,0.0,-1.0,-1.0,-1.0,0.0,0.0,0.0,-1.0,-15.0,-1.0,-1.0,-3.2,-6.533333333333333,-0.4897959183673469,-2.0,-8.0,-0.25,0.0,-1.0,,,,,,,,,,,,,,,,,,,,
2024-08-28,600047774,600047774|5144006|5212738,5212738,5144006,michael aswell jr.,bogdan grad,0,bogdan grad,DEC-SPLT,3,15.0,-4.999418194761013,0.0,-2.5400000000000205,0.0,0.0,0.0,0.0,0.0,0.0,-1.0,0.0,0.0,0.0,0.0,0.0,0.0,-1.38,0.0,-1.0,-9.420289855072465,-17.39130434782609,-0.5416666666666666,0.0,0.0,0.0,-21.739130434782613,0.0,,,,,,,,,,,,,,,,,,,,
2024-08-28,600047774,600047774|5195917|5211224,5195917,5211224,nick piccininni,jack duffy,1,nick piccininni,DEC-SPLT,3,15.0,-1.2074169900819314,-2.5400000000000205,-7.620000000000003,0.0,0.0,0.0,-1.0,0.0,0.0,0.0,0.0,0.0,0.0,0.0,0.0,0.0,0.0,0.0,0.0,0.0,0.0,0.0,0.0,0.0,0.0,0.0,0.0,,,,,,,,,,,,,,,,,,,,
2024-09-04,600047775,600047775|4701954|5214599,5214599,4701954,igor cavalcanti,seokhyeon ko,0,seokhyeon ko,DEC-UNA,3,15.0,-4.0438886493220245,2.539999999999992,21.590000000000003,0.0,0.0,-1.0,0.0,0.0,0.0,0.0,0.0,0.0,0.0,0.0,0.0,0.0,0.0,0.0,0.0,0.0,0.0,0.0,0.0,0.0,0.0,0.0,0.0,,,,,,,,,,,,,,,,,,,,
2024-09-04,600047775,600047775|4848673|5211247,4848673,5211247,will currie,djorden santos,0,djorden santos,DEC-UNA,3,15.0,-1.2813404792706216,7.620000000000003,1.2699999999999818,0.0,0.0,0.0,1.0,0.0,0.0,0.0,0.0,0.0,0.0,0.0,0.0,0.0,0.0,0.0,0.0,0.0,0.0,0.0,0.0,0.0,0.0,0.0,0.0,0.0,18.0,13.0,5.0,0.19999999999999996,0.5,0.5,0.7142857142857143,0.5714285714285714,0.14285714285714285,-0.7142857142857143,0.3333333333333333,-0.05936236498321423,29.271652437900457,7.0,137.18373779554236,20.0,0.7,5.0,-832.0
2024-09-04,600047775,600047775|5085318|5157667,5085318,5157667,gauge young,quillan salkilld,0,quillan salkilld,DEC-UNA,3,15.0,-0.5448434943907117,-7.620000000000003,-12.699999999999989,0.0,0.0,0.0,0.0,0.0,0.0,0.0,0.0,0.0,0.0,0.0,0.0,0.0,0.0,0.0,0.0,0.0,0.0,0.0,0.0,0.0,0.0,0.0,0.0,,,,,,,,,,,,,,,,,,,,
2024-09-04,600047775,600047775|5120304|5172335,5172335,5120304,dorian ramos,austin bashi,0,austin bashi,SUBMISSION,2,8.25,7.745538922770489,5.0800000000000125,0.0,0.0,0.0,0.0,0.0,0.0,0.0,0.0,0.0,0.0,0.0,0.0,0.0,0.0,0.0,0.0,0.0,0.0,0.0,0.0,0.0,0.0,0.0,0.0,0.0,0.0,-1.0,-1.0,0.0,0.0,0.0,0.0,0.25,0.5,-0.25,-0.25,0.0,-0.10143849206349209,-101.62888461376292,-3.0,-30.492459009209597,2.0,1.0,-1.0,133.0
2024-09-04,600047775,600047775|5211222|5211223,5211223,5211222,yuneisy duben,shannon clark,1,yuneisy duben,KO-TKO,1,1.22,-4.002820044217195,-2.539999999999992,1.2699999999999818,0.0,0.0,0.0,0.0,0.0,0.0,0.0,0.0,0.0,0.0,0.0,0.0,0.0,0.0,0.0,0.0,0.0,0.0,0.0,0.0,0.0,0.0,0.0,0.0,0.0,-7.0,-6.0,-1.0,0.125,0.33333333333333337,0.19999999999999996,0.2857142857142857,0.5714285714285714,-0.2857142857142857,-0.2857142857142857,-1.0,0.4208333333333334,81.71120393920819,-2.0,-64.92006035963027,-4.0,-1.0,1.0,0.0
2024-09-11,600047776,600047776|4239113|4690484,4690484,4239113,corinne laframboise,nicolle caliari,0,nicolle caliari,SUBMISSION,1,4.75,7.447107059008744,2.539999999999992,7.620000000000003,0.0,0.0,0.0,0.0,0.0,0.0,0.0,0.0,0.0,0.0,0.0,0.0,0.0,0.0,0.0,0.0,0.0,0.0,0.0,0.0,0.0,0.0,0.0,0.0,0.0,2.0,2.0,0.0,0.0,0.0,0.0,-0.33333333333333337,0.3333333333333333,-0.6666666666666667,0.3333333333333333,0.0,-0.07777777777777772,-26.09831963821466,0.0,30.03906816244762,0.0,0.0,2.0,953.0
2024-09-11,600047776,600047776|5149815|5224461,5224461,5149815,taiga iwasaki,yousri belgaroui,0,yousri belgaroui,KO-TKO,3,12.57,-5.02132145081692,-10.160000000000023,-15.240000000000007,0.0,0.0,0.0,0.0,0.0,0.0,-1.0,0.0,0.0,0.0,0.0,0.0,0.0,-15.0,-1.0,-1.0,-3.2,-6.533333333333333,-0.4897959183673469,-2.0,-8.0,-0.25,0.0,-1.0,,,,,,,,,,,,,,,,,,,,
2024-09-11,600047776,600047776|5212850|5212853,5212853,5212850,otari tanzilovi,josias musasa,0,josias musasa,DEC-SPLT,3,15.0,0.5037748892858858,5.0800000000000125,-10.159999999999997,0.0,0.0,-1.0,0.0,0.0,0.0,0.0,0.0,0.0,0.0,0.0,0.0,0.0,0.0,0.0,0.0,0.0,0.0,0.0,0.0,0.0,0.0,0.0,0.0,0.0,9.0,8.0,1.0,-0.09999999999999998,-0.33333333333333337,-0.19999999999999996,0.7777777777777778,0.7777777777777778,0.0,-0.7777777777777778,0.0,-0.5423809523809524,-117.14595464014405,0.0,80.2460528770539,0.0,0.0,-1.0,0.0
2024-09-11,600047776,600047776|5216713|5228275,5228275,5216713,phil latu,navajo stirling,0,navajo stirling,KO-TKO,2,7.35,6.721561702156784,-2.539999999999992,-7.620000000000003,0.0,0.0,0.0,0.0,-1.0,0.0,0.0,0.0,0.0,0.0,0.0,0.0,0.0,0.0,0.0,0.0,0.0,0.0,0.0,0.0,0.0,0.0,0.0,0.0,,,,,,,,,,,,,,,,,,,,
2024-09-18,600047777,600047777|4935217|5074129,4935217,5074129,dylan mantello,ahmad hassanzada,0,ahmad hassanzada,SUBMISSION,3,12.68,4.002820044217199,0.0,-5.0800000000000125,0.0,0.0,0.0,0.0,0.0,0.0,0.0,0.0,0.0,0.0,0.0,0.0,0.0,-9.11,0.0,0.0,6.820019428431824,12.696538365335954,0.1210727969348658,2.722307213532426,-6.042300465933351,0.7777777777777778,0.0,5.2264808362369335,,,,,,,,,,,,,,,,,,,,
2024-09-18,600047777,600047777|5144797|5215272,5215272,5144797,aaron tau,elijah smith,0,elijah smith,DEC-UNA,3,15.0,9.040568937076053,-12.699999999999989,-12.700000000000015,0.0,0.0,0.0,1.0,0.0,0.0,0.0,0.0,0.0,0.0,0.0,0.0,0.0,0.0,0.0,0.0,0.0,0.0,0.0,0.0,0.0,0.0,0.0,0.0,,,,,,,,,,,,,,,,,,,,
2024-09-18,600047777,600047777|5212856|5212857,5212857,5212856,arthur lopes,tallison teixeira,0,tallison teixeira,KO-TKO,1,1.95,6.800961005359454,-12.699999999999989,-13.97,0.0,0.0,1.0,0.0,0.0,0.0,0.0,0.0,0.0,0.0,0.0,0.0,0.0,0.0,0.0,0.0,0.0,0.0,0.0,0.0,0.0,0.0,0.0,0.0,0.0,-6.0,-7.0,1.0,-0.33333333333333337,-0.33333333333333337,-0.33333333333333337,-0.5,-0.38888888888888884,-0.1111111111111111,0.0,1.0,0.19444444444444442,46.08058895978684,0.0,-101.39463514316776,-4.0,-1.0,-9.0,0.0
2024-09-18,600047777,600047777|5218420|5218421,5218421,5218420,ateba gautier,yura naito,1,ateba gautier,KO-TKO,2,9.0,-5.9549477402000015,10.159999999999997,17.78,0.0,0.0,0.0,1.0,0.0,0.0,0.0,0.0,0.0,0.0,0.0,0.0,0.0,0.0,0.0,0.0,0.0,0.0,0.0,0.0,0.0,0.0,0.0,0.0,,,,,,,,,,,,,,,,,,,,
2024-09-18,600047777,600047777|5218815|5218816,5218815,5218816,benjamin bennett,joey hart,1,benjamin bennett,DEC-SPLT,3,15.0,3.129427708987862,-7.620000000000003,-15.240000000000007,0.0,0.0,0.0,1.0,0.0,0.0,0.0,0.0,0.0,0.0,0.0,0.0,0.0,0.0,0.0,0.0,0.0,0.0,0.0,0.0,0.0,0.0,0.0,0.0,0.0,-7.0,-5.0,-2.0,0.04040404040404044,0.33333333333333337,0.19999999999999996,-0.11904761904761907,-0.23015873015873012,0.1111111111111111,0.11904761904761904,0.75,0.019214554508672155,18.648915214336512,1.0,-12.457137254218196,-5.0,-0.1515151515151516,5.0,0.0
2024-09-25,600047778,600047778|4047571|5216851,5216851,4047571,danylo voievodkin,bailey schoenfelder,1,danylo voievodkin,SUBMISSION,1,1.22,-2.822782124205151,2.539999999999992,5.0800000000000125,0.0,0.0,1.0,0.0,0.0,0.0,0.0,0.0,0.0,0.0,0.0,0.0,0.0,0.0,0.0,0.0,0.0,0.0,0.0,0.0,0.0,0.0,0.0,0.0,0.0,-9.0,-8.0,-1.0,0.09999999999999998,0.33333333333333337,0.19999999999999996,0.0,-0.7777777777777778,0.7777777777777778,0.0,-1.0,0.6416666666666667,125.16668127478624,1.0,-75.60288192175017,-8.0,-1.0,1.0,0.0
2024-09-25,600047778,600047778|4082400|5153082,5153082,4082400,daniel frunza,vadym kutsyi,1,daniel frunza,KO-TKO,2,8.5,-2.7379070069885074,2.539999999999992,5.079999999999984,0.0,0.0,0.0,0.0,0.0,0.0,0.0,0.0,0.0,0.0,0.0,0.0,0.0,0.0,0.0,0.0,0.0,0.0,0.0,0.0,0.0,0.0,0.0,0.0,0.0,6.0,5.0,1.0,-0.01098901098901095,0.33333333333333337,0.19999999999999996,0.24242424242424243,0.7424242424242424,-0.5,-0.2424242424242424,0.0,-0.03486366390501716,-26.066520690088055,1.0,54.53584953732138,4.0,1.0,7.0,0.0
2024-09-25,600047778,600047778|5075992|5142277,5142277,5075992,rose conceição,alexia thainara,0,alexia thainara,DEC-UNA,3,15.0,-1.4784697837737966,2.539999999999992,-5.0800000000000125,0.0,0.0,0.0,0.0,0.0,0.0,0.0,0.0,0.0,0.0,0.0,0.0,0.0,0.0,0.0,0.0,0.0,0.0,0.0,0.0,0.0,0.0,0.0,0.0,0.0,-10.0,-10.0,0.0,-0.2564102564102565,-0.33333333333333337,-0.33333333333333337,-0.5833333333333334,0.0,-0.5833333333333334,0.5833333333333333,-1.0,0.20598290598290592,68.65140994173794,1.0,-119.77129235220855,0.0,0.0,-10.0,0.0
2024-09-25,600047778,600047778|5145681|5222338,5145681,5222338,kevin vallejos,cam teague,1,kevin vallejos,KO-TKO,1,2.38,-3.8166423677419807,-7.620000000000003,-2.539999999999992,0.0,0.0,0.0,1.0,0.0,0.0,1.0,0.0,0.0,0.0,0.0,0.0,0.0,15.0,1.0,1.0,4.733333333333333,10.6,0.4465408805031446,0.0,1.0,0.0,0.0,0.0,0.0,3.0,2.0,1.0,-0.25,-0.33333333333333337,-0.25,-0.6666666666666667,-1.0,0.3333333333333333,0.6666666666666666,0.0,-0.14777764440127905,-51.240240218654435,1.0,20.093952447166657,0.0,0.0,0.0,224.0
2024-09-25,600047778,600047778|5216849|5220883,5220883,5216849,francesco mazzeo,kevin christian,0,kevin christian,SUBMISSION,2,9.28,-2.6721972388207824,-10.159999999999997,-12.699999999999989,0.0,0.0,0.0,0.0,0.0,0.0,0.0,0.0,0.0,0.0,0.0,0.0,0.0,0.0,0.0,0.0,0.0,0.0,0.0,0.0,0.0,0.0,0.0,0.0,0.0,-7.0,-6.0,-1.0,-0.033333333333333326,-0.33333333333333337,-0.19999999999999996,-0.5,0.0,-0.5,0.0,0.0,-0.0875541125541125,-6.274698584139287,-3.0,-72.94500797719661,2.0,0.0,-7.0,0.0
2024-10-02,600047779,600047779|4050996|5130607,4050996,5130607,torrez finney,abdellah er-ramy,1,torrez finney,KO-TKO,1,4.17,-2.0944988603462065,-10.159999999999997,2.539999999999992,0.0,0.0,0.0,0.0,0.0,0.0,2.0,2.0,1.0,0.5,0.0,0.5,0.5,11.36,0.5,1.0,1.540492957746479,2.8609154929577465,0.5384615384615384,11.223591549295776,16.505281690140848,0.68,0.0,1.3204225352112675,,,,,,,,,,,,,,,,,,,,
2024-10-02,600047779,600047779|4503229|5235875,5235875,4503229,xavier franklin,david martinez,0,david martinez,DEC-UNA,3,15.0,2.800878868149244,2.539999999999992,0.0,0.0,0.0,1.0,0.0,0.0,0.0,0.0,0.0,0.0,0.0,0.0,0.0,0.0,0.0,0.0,0.0,0.0,0.0,0.0,0.0,0.0,0.0,0.0,0.0,0.0,7.0,7.0,-1.0,0.25,-0.33333333333333337,0.0,0.13636363636363635,0.2954545454545454,-0.1590909090909091,-0.13636363636363635,-0.5,-0.25055883361432313,-61.10106095240758,-1.0,73.79157008585662,5.0,1.0,-3.0,0.0
2024-10-02,600047779,600047779|4571450|5125484,4571450,5125484,alberto montes,carlos calderon,1,alberto montes,SUBMISSION,2,7.63,1.6975023443328752,-10.159999999999997,-5.0800000000000125,0.0,0.0,-1.0,0.0,0.0,0.0,0.0,0.0,0.0,0.0,0.0,0.0,0.0,0.0,0.0,0.0,0.0,0.0,0.0,0.0,0.0,0.0,0.0,0.0,0.0,-2.0,-1.0,-1.0,0.33333333333333337,0.33333333333333337,0.33333333333333337,-0.5,0.0,-0.5,0.5,-1.0,-0.1952380952380952,-28.62142032376778,0.0,-2.0350961994422505,0.0,0.0,0.0,2249.0
2024-10-02,600047779,600047779|5081274|5213352,5213352,5081274,diyar nurgozhay,bartosz szewczyk,1,diyar nurgozhay,KO-TKO,2,8.53,0.4079481440412884,-5.079999999999984,2.5400000000000205,0.0,0.0,1.0,0.0,0.0,0.0,0.0,0.0,0.0,0.0,0.0,0.0,0.0,0.0,0.0,0.0,0.0,0.0,0.0,0.0,0.0,0.0,0.0,0.0,0.0,-2.0,2.0,-3.0,0.2727272727272727,0.33333333333333337,0.4,-0.07499999999999996,-0.025000000000000022,-0.04999999999999999,0.07500000000000001,-0.6666666666666666,-0.22859410469704583,-17.42756440299081,2.0,65.18493178445419,0.0,0.0,10.0,0.0
2024-10-02,600047779,600047779|5149961|5150152,5150152,5149961,christien savoie,jacobe smith,0,jacobe smith,KO-TKO,2,7.92,3.3840530606377968,-7.620000000000003,0.0,0.0,0.0,-1.0,0.0,0.0,0.0,0.0,0.0,0.0,0.0,0.0,0.0,0.0,0.0,0.0,0.0,0.0,0.0,0.0,0.0,0.0,0.0,0.0,0.0,,,,,,,,,,,,,,,,,,,,
2024-10-09,600047780,600047780|4896556|5212748,4896556,5212748,vanilto antunes,islam dulatov,0,islam dulatov,KO-TKO,1,2.73,3.59487190017591,-7.620000000000003,-7.620000000000003,0.0,0.0,0.0,0.0,0.0,0.0,0.0,0.0,0.0,0.0,0.0,0.0,0.0,0.0,0.0,0.0,0.0,0.0,0.0,0.0,0.0,0.0,0.0,0.0,,,,,,,,,,,,,,,,,,,,
2024-10-09,600047780,600047780|5001017|5218814,5218814,5001017,anthony drilich,sean gauci,0,sean gauci,DEC-UNA,3,15.0,2.5599430515342547,0.0,2.539999999999992,0.0,0.0,1.0,-1.0,0.0,0.0,0.0,0.0,0.0,0.0,0.0,0.0,0.0,0.0,0.0,0.0,0.0,0.0,0.0,0.0,0.0,0.0,0.0,0.0,0.0,-8.0,-9.0,1.0,-0.5757575757575757,-0.6666666666666667,-0.6666666666666667,0.5,0.5,0.0,-0.5,0.0,0.3460858585858585,50.462467048107555,0.0,-129.05278181855533,0.0,0.0,-7.0,0.0
2024-10-09,600047780,600047780|5193167|5212351,5193167,5212351,chasen blair,kody steele,0,kody steele,KO-TKO,2,9.12,-3.4826177128893825,2.5400000000000205,0.0,0.0,0.0,0.0,0.0,0.0,0.0,0.0,0.0,0.0,0.0,0.0,0.0,0.0,0.0,0.0,0.0,0.0,0.0,0.0,0.0,0.0,0.0,0.0,0.0,0.0,15.0,10.0,5.0,-0.2941176470588235,-0.33333333333333337,-0.19999999999999996,0.0,-0.33333333333333337,0.3333333333333333,0.0,0.6,-0.2415329768270944,-70.96007586198903,0.0,48.1222476391099,16.0,0.75,-2.0,0.0
2024-10-09,600047780,600047780|5217455|5217935,5217455,5217935,islem masraf,artem vakhitov,0,artem vakhitov,KO-TKO,1,4.38,-5.177382150215266,-2.539999999999992,-2.539999999999992,0.0,0.0,1.0,0.0,0.0,0.0,0.0,0.0,0.0,0.0,0.0,0.0,0.0,0.0,0.0,0.0,0.0,0.0,0.0,0.0,0.0,0.0,0.0,0.0,,,,,,,,,,,,,,,,,,,,
2024-10-09,600047780,600047780|5218817|5218818,5218818,5218817,lucas camacho,mario pinto,0,mario pinto,KO-TKO,1,1.72,5.243091918382991,-2.5400000000000205,2.539999999999992,0.0,0.0,0.0,0.0,0.0,0.0,0.0,0.0,0.0,0.0,0.0,0.0,0.0,0.0,0.0,0.0,0.0,0.0,0.0,0.0,0.0,0.0,0.0,0.0,,,,,,,,,,,,,,,,,,,,
2024-10-16,600047781,600047781|5057385|5213179,5213179,5057385,yadier del valle,antonio monteiro,1,yadier del valle,DEC-UNA,3,15.0,-1.075997453746485,5.079999999999984,-2.5400000000000205,0.0,0.0,1.0,0.0,0.0,0.0,0.0,0.0,0.0,0.0,0.0,0.0,0.0,0.0,0.0,0.0,0.0,0.0,0.0,0.0,0.0,0.0,0.0,0.0,0.0,-23.0,-16.0,-5.0,0.2272727272727273,0.33333333333333337,0.19999999999999996,-0.47058823529411764,-0.17647058823529413,-0.29411764705882354,0.5294117647058824,-0.2,0.23245870510832312,125.08946355543844,-4.0,-116.99495884851422,-10.0,-0.6,1.0,0.0
2024-10-16,600047781,600047781|5134399|5147552,5147552,5134399,heraldo souza,nick klein,0,nick klein,SUBMISSION,1,0.62,0.7310211708659295,-5.079999999999984,-10.160000000000023,0.0,0.0,0.0,0.0,0.0,0.0,0.0,0.0,0.0,0.0,0.0,0.0,0.0,0.0,0.0,0.0,0.0,0.0,0.0,0.0,0.0,0.0,0.0,0.0,0.0,2.0,2.0,0.0,0.0,0.0,0.0,0.0,0.6666666666666666,-0.6666666666666667,0.0,0.0,-0.003450655624568588,-51.755672862758956,0.0,31.57335246986804,0.0,0.0,2.0,-357.0
2024-10-16,600047781,600047781|5195917|5218137,5195917,5218137,nick piccininni,luis gurule,0,luis gurule,DEC-SPLT,3,15.0,-3.0828832898690592,2.539999999999992,5.079999999999984,0.0,0.0,0.0,0.0,0.0,0.0,1.0,1.0,1.0,0.0,0.0,0.0,1.0,15.0,1.0,1.0,5.066666666666666,7.333333333333333,0.6909090909090909,0.0,5.0,0.0,0.0,0.0,,,,,,,,,,,,,,,,,,,,
2024-10-16,600047781,600047781|5218668|5236142,5236142,5218668,jonathan micallef,mohamed ado,1,jonathan micallef,SUBMISSION,1,3.02,1.163610477970117,2.539999999999992,2.5400000000000205,0.0,0.0,1.0,-1.0,0.0,0.0,0.0,0.0,0.0,0.0,0.0,0.0,0.0,0.0,0.0,0.0,0.0,0.0,0.0,0.0,0.0,0.0,0.0,0.0,,,,,,,,,,,,,,,,,,,,
2024-10-16,600047781,600047781|5223853|5223854,5223853,5223854,leslie hernandez,julieta martinez,0,julieta martinez,DEC-SPLT,3,15.0,6.710610074128834,5.0800000000000125,6.350000000000023,0.0,0.0,0.0,0.0,0.0,0.0,0.0,0.0,0.0,0.0,0.0,0.0,0.0,0.0,0.0,0.0,0.0,0.0,0.0,0.0,0.0,0.0,0.0,0.0,0.0,9.0,6.0,3.0,-0.2727272727272727,-0.33333333333333337,-0.19999999999999996,0.5,0.5,0.0,-0.5,0.0,-0.2757575757575758,-60.037464244188186,-1.0,28.11429757608994,10.0,0.8,-2.0,0.0
2025-08-12,600055020,600055020|5147207|5282842,5282842,5147207,chris ewert,yuri panferov,0,yuri panferov,DEC-UNA,3,15.0,2.981580730610485,-2.539999999999992,6.349999999999994,0.0,0.0,0.0,0.0,0.0,0.0,-1.0,0.0,0.0,0.0,0.0,0.0,0.0,-7.720000000000001,0.0,-1.0,-0.9067357512953368,-1.5544041450777202,-0.5833333333333334,-13.60103626943005,-21.37305699481865,-0.6363636363636364,0.0,-3.8860103626943,,,,,,,,,,,,,,,,,,,,
2025-08-12,600055020,600055020|5149437|5296753,5149437,5296753,murtaza talha,baisangur susurkaev,0,baisangur susurkaev,KO-TKO,1,3.07,4.498381212482116,-5.0800000000000125,-12.699999999999989,0.0,0.0,0.0,0.0,0.0,0.0,1.0,0.0,0.0,0.0,0.0,0.0,0.0,9.77,0.0,1.0,4.912998976458547,8.393039918116685,0.5853658536585366,0.0,7.676560900716479,0.0,0.0,0.0,,,,,,,,,,,,,,,,,,,,
2025-08-12,600055020,600055020|5264471|5290957,5290957,5264471,ty miller,jimmy drago,1,ty miller,DEC-UNA,3,15.0,-5.292374244508785,10.159999999999997,15.240000000000007,0.0,0.0,0.0,0.0,0.0,0.0,0.0,0.0,0.0,0.0,0.0,0.0,0.0,0.0,0.0,0.0,0.0,0.0,0.0,0.0,0.0,0.0,0.0,0.0,,,,,,,,,,,,,,,,,,,,
2025-08-12,600055020,600055020|5265556|5279283,5265556,5279283,radley da silva,george mangos,1,radley da silva,DEC-UNA,3,15.0,8.164438694839731,-2.5400000000000205,2.539999999999992,0.0,0.0,0.0,-1.0,0.0,0.0,0.0,0.0,0.0,0.0,0.0,0.0,0.0,0.0,0.0,0.0,0.0,0.0,0.0,0.0,0.0,0.0,0.0,0.0,,,,,,,,,,,,,,,,,,,,
2025-08-12,600055020,600055020|5287881|5287948,5287881,5287948,ilian bouafia,neemias santana,1,ilian bouafia,DEC-UNA,3,15.0,-0.3449762828805518,7.620000000000003,5.0800000000000125,0.0,0.0,1.0,0.0,0.0,0.0,0.0,0.0,0.0,0.0,0.0,0.0,0.0,0.0,0.0,0.0,0.0,0.0,0.0,0.0,0.0,0.0,0.0,0.0,,,,,,,,,,,,,,,,,,,,
2025-08-20,600055021,600055021|4049391|5220468,4049391,5220468,josh hokit,guilherme uriel,1,josh hokit,KO-TKO,2,6.1,-0.7310211708659331,0.0,-2.5400000000000205,0.0,0.0,0.0,0.0,0.0,0.0,0.0,0.0,0.0,0.0,0.0,0.0,0.0,0.0,0.0,0.0,0.0,0.0,0.0,0.0,0.0,0.0,0.0,0.0,0.0,-2.0,1.0,-3.0,0.23076923076923073,0.33333333333333337,0.19999999999999996,0.0,-0.04545454545454547,0.045454545454545414,0.0,-1.0,-0.023117791299609558,-0.9251794345086637,1.0,61.92765169302265,0.0,0.19999999999999996,11.0,0.0
2025-08-20,600055021,600055021|4694832|5296762,5296762,4694832,brandon holmes,cam rowston,0,cam rowston,KO-TKO,1,2.97,-2.047954441227404,-2.539999999999992,-10.159999999999997,0.0,0.0,0.0,0.0,0.0,0.0,-1.0,0.0,0.0,0.0,0.0,0.0,0.0,-15.0,-1.0,-1.0,-1.8666666666666667,-3.533333333333333,-0.5283018867924528,-10.0,-14.0,-0.7142857142857143,0.0,0.0,,,,,,,,,,,,,,,,,,,,
2025-08-20,600055021,600055021|4969974|5219928,4969974,5219928,jose delano,manuel exposito,1,jose delano,DEC-UNA,3,15.0,3.657843761336647,2.539999999999992,5.0800000000000125,0.0,0.0,0.0,0.0,0.0,0.0,0.0,0.0,0.0,0.0,0.0,0.0,0.0,0.0,0.0,0.0,0.0,0.0,0.0,0.0,0.0,0.0,0.0,0.0,,,,,,,,,,,,,,,,,,,,
2025-08-20,600055021,600055021|5212852|5292169,5292169,5212852,kaushik saikumar,louis lee scott,0,louis lee scott,KO-TKO,3,12.33,2.209490954639726,5.0800000000000125,2.539999999999992,0.0,0.0,0.0,0.0,0.0,0.0,0.0,0.0,0.0,0.0,0.0,0.0,0.0,0.0,0.0,0.0,0.0,0.0,0.0,0.0,0.0,0.0,0.0,0.0,0.0,-9.0,-10.0,1.0,-0.5,-0.5,-0.5,0.18181818181818177,0.36363636363636365,-0.18181818181818182,-0.18181818181818182,1.0,0.20177489177489183,104.49145343015448,-2.0,-140.27365265627554,-1.0,-1.0,-11.0,0.0
2025-08-20,600055021,600055021|5290789|5290796,5290796,5290789,ramiro jimenez,tommy cuozzi,1,ramiro jimenez,KO-TKO,1,2.88,0.6215048905863902,0.0,5.079999999999984,0.0,0.0,1.0,0.0,0.0,0.0,0.0,0.0,0.0,0.0,0.0,0.0,0.0,0.0,0.0,0.0,0.0,0.0,0.0,0.0,0.0,0.0,0.0,0.0,,,,,,,,,,,,,,,,,,,,
2025-08-27,600055005,600055005|4413642|5302831,5302831,4413642,donte johnson,darion abbey,1,donte johnson,KO-TKO,1,1.07,-5.913879135095176,-15.240000000000007,-17.78,0.0,0.0,1.0,0.0,0.0,0.0,0.0,0.0,0.0,0.0,0.0,0.0,0.0,0.0,0.0,0.0,0.0,0.0,0.0,0.0,0.0,0.0,0.0,0.0,0.0,-15.0,-8.0,-7.0,0.4375,0.33333333333333337,0.4,0.2222222222222222,0.4444444444444444,-0.2222222222222222,-0.2222222222222222,-1.0,0.16154258578431374,45.33374311046464,0.0,-23.971395242804647,-4.0,0.0,1.0,0.0
2025-08-27,600055005,600055005|4915407|5099679,4915407,5099679,damon wilson,marcio barbosa,0,marcio barbosa,KO-TKO,1,4.23,5.06239005592175,7.620000000000003,-3.8100000000000014,0.0,0.0,0.0,1.0,0.0,0.0,0.0,0.0,0.0,0.0,0.0,0.0,0.0,0.0,0.0,0.0,0.0,0.0,0.0,0.0,0.0,0.0,0.0,0.0,0.0,-12.0,-14.0,2.0,-0.3241106719367589,-0.33333333333333337,-0.6,0.050000000000000044,0.19999999999999996,-0.15,-0.05,-0.4,-0.08617225717338772,-8.935541512372083,-10.0,-187.10487311903148,0.0,-0.20000000000000007,-6.0,0.0
2025-08-27,600055005,600055005|5085291|5180489,5085291,5180489,manoel sousa,cristian perez,1,manoel sousa,KO-TKO,3,13.0,2.2012772336187574,0.0,-5.079999999999984,0.0,0.0,0.0,0.0,0.0,0.0,0.0,0.0,0.0,0.0,0.0,0.0,0.0,0.0,0.0,0.0,0.0,0.0,0.0,0.0,0.0,0.0,0.0,0.0,0.0,11.0,11.0,0.0,0.17460317460317454,0.33333333333333337,-0.20000000000000007,0.15000000000000002,0.5625,-0.4125,-0.15000000000000002,-0.5,0.04637329990271177,34.536448222802164,7.0,146.1507997750457,7.0,0.7142857142857143,3.0,0.0
2025-08-27,600055005,600055005|5216997|5291085,5291085,5216997,ryan gandra,trent miller,1,ryan gandra,KO-TKO,1,2.85,0.4818716332299786,5.079999999999984,6.349999999999994,0.0,0.0,0.0,0.0,0.0,0.0,0.0,0.0,0.0,0.0,0.0,0.0,0.0,0.0,0.0,0.0,0.0,0.0,0.0,0.0,0.0,0.0,0.0,0.0,0.0,-1.0,1.0,-2.0,0.15909090909090906,0.33333333333333337,0.4,-0.0888888888888888,0.033333333333333326,-0.1222222222222222,0.0888888888888889,0.0,0.09263882198680096,24.3699036555131,6.0,63.572937657436114,2.0,0.0,9.0,0.0
2025-08-27,600055005,600055005|5220971|5291025,5220971,5291025,alik lorenz,abdul-rakhman yakhyaev,0,abdul-rakhman yakhyaev,KO-TKO,1,0.5,3.9398481830564656,0.0,-1.2700000000000102,0.0,0.0,0.0,0.0,0.0,0.0,0.0,0.0,0.0,0.0,0.0,0.0,0.0,0.0,0.0,0.0,0.0,0.0,0.0,0.0,0.0,0.0,0.0,0.0,0.0,5.0,3.0,2.0,-0.16666666666666663,-0.33333333333333337,-0.19999999999999996,0.1428571428571429,0.3714285714285715,-0.22857142857142854,-0.14285714285714285,1.0,-0.3424388111888112,-42.088217193015225,-1.0,-13.291979438749422,6.0,0.0,-7.0,0.0
2025-09-03,600055006,600055006|4063786|5124146,4063786,5124146,mandel nallo,samuel silva,1,mandel nallo,KO-TKO,1,3.48,6.43681937342998,0.0,6.349999999999994,0.0,0.0,0.0,0.0,0.0,1.0,0.0,0.0,0.0,0.0,0.0,0.0,0.0,0.0,0.0,0.0,0.0,0.0,0.0,0.0,0.0,0.0,0.0,0.0,0.0,-14.0,-8.0,-7.0,0.07407407407407407,0.33333333333333337,0.0,0.25,0.625,-0.375,-0.25,0.36363636363636365,0.033552899320420715,48.283512672657025,-2.0,-36.83278103617431,5.0,-0.3571428571428571,4.0,0.0
2025-09-03,600055006,600055006|4629138|5228596,4629138,5228596,jean-paul lebosnoyani,jack congdon,1,jean-paul lebosnoyani,KO-TKO,1,1.13,-1.6865507163049216,-7.620000000000003,-8.890000000000015,0.0,0.0,0.0,0.0,0.0,0.0,0.0,0.0,0.0,0.0,0.0,0.0,0.0,0.0,0.0,0.0,0.0,0.0,0.0,0.0,0.0,0.0,0.0,0.0,0.0,15.0,14.0,1.0,0.25,0.6666666666666667,0.4,-0.11764705882352944,-0.3725490196078431,0.25490196078431376,0.11764705882352941,0.0,-0.24928640073376923,-36.388906489180044,1.0,140.5814727228019,17.0,0.8823529411764706,7.0,0.0
2025-09-03,600055006,600055006|4977642|5216978,4977642,5216978,theo haig,cezary oleksiejczuk,0,cezary oleksiejczuk,KO-TKO,1,0.6,3.370363525602855,-2.539999999999992,5.079999999999984,0.0,0.0,-1.0,0.0,0.0,0.0,0.0,0.0,0.0,0.0,0.0,0.0,0.0,0.0,0.0,0.0,0.0,0.0,0.0,0.0,0.0,0.0,0.0,0.0,0.0,4.0,4.0,0.0,0.051948051948051965,-0.33333333333333337,0.0,0.0,-1.0,1.0,0.0,1.0,-0.29153277994562604,-124.64604583357709,-3.0,5.996799297915231,8.0,1.0,-3.0,0.0
2025-09-03,600055006,600055006|5150021|5200305,5150021,5200305,eduardo chapolin,an tuan ho,1,eduardo chapolin,DEC-UNA,3,15.0,4.846095402369659,2.5400000000000205,1.2700000000000102,0.0,0.0,0.0,-1.0,0.0,0.0,-1.0,0.0,0.0,0.0,0.0,0.0,0.0,-2.42,0.0,-1.0,-4.132231404958678,-11.15702479338843,-0.3703703703703703,0.0,0.0,0.0,0.0,0.0,,,,,,,,,,,,,,,,,,,,
2025-09-03,600055006,600055006|5212849|5295176,5212849,5295176,tommy mcmillen,david mgoyan,1,tommy mcmillen,DEC-MAJ,3,15.0,6.527170304660601,7.620000000000003,8.890000000000015,0.0,0.0,0.0,0.0,0.0,0.0,0.0,0.0,0.0,0.0,0.0,0.0,0.0,0.0,0.0,0.0,0.0,0.0,0.0,0.0,0.0,0.0,0.0,0.0,0.0,-2.0,-2.0,0.0,0.0,0.0,0.0,0.33333333333333337,-0.6666666666666666,1.0,-0.3333333333333333,0.0,-0.02115384615384608,-64.42870830252082,-1.0,-37.2460060632784,-2.0,-1.0,-2.0,-71.0
2025-09-10,600055007,600055007|4958170|5222338,5222338,4958170,cam teague,lerryan douglas,0,lerryan douglas,KO-TKO,1,0.6,-2.800878868149244,0.0,-7.620000000000003,0.0,0.0,0.0,0.0,0.0,0.0,1.0,0.0,0.0,0.0,0.0,0.0,0.0,2.38,0.0,1.0,5.882352941176471,21.42857142857143,0.2745098039215686,0.0,0.0,0.0,0.0,0.0,0.0,-22.0,-16.0,-6.0,-0.20833333333333337,-0.5,-0.5,0.17647058823529416,0.3529411764705882,-0.17647058823529413,-0.17647058823529413,0.1428571428571429,0.014344322989917946,78.69697876988994,-7.0,-154.5583434972948,-12.0,-0.6666666666666666,-9.0,0.0
2025-09-10,600055007,600055007|5157674|5278269,5278269,5157674,carol foro,shanelle dyer,1,carol foro,DEC-UNA,3,15.0,4.090433068440831,-10.159999999999997,-8.889999999999986,0.0,0.0,0.0,0.0,0.0,0.0,0.0,0.0,0.0,0.0,0.0,0.0,0.0,0.0,0.0,0.0,0.0,0.0,0.0,0.0,0.0,0.0,0.0,0.0,0.0,-7.0,-8.0,1.0,-0.5666666666666667,-0.3333333333333333,-0.46666666666666673,-0.5555555555555556,-0.5555555555555556,0.0,0.5555555555555556,0.0,0.573939393939394,66.24345932552342,-1.0,-107.24321867387312,-1.0,-1.0,1.0,0.0
2025-09-10,600055007,600055007|5193167|5293557,5193167,5293557,chasen blair,samuel sanches,0,samuel sanches,KO-TKO,1,2.02,4.290300279950991,0.0,-8.889999999999986,0.0,0.0,0.0,0.0,0.0,0.0,1.0,0.0,0.0,0.0,0.0,0.0,0.0,9.12,0.0,1.0,5.2631578947368425,13.377192982456142,0.3934426229508196,0.0,1.6447368421052633,0.0,0.0,0.0,0.0,8.0,3.0,5.0,-0.21666666666666667,-0.33333333333333337,-0.4,0.18181818181818177,-0.1558441558441559,0.33766233766233766,-0.18181818181818182,-0.33333333333333337,0.15757776050345706,29.99016623670036,2.0,-30.200961049078842,18.0,0.7777777777777778,-8.0,0.0
2025-09-10,600055007,600055007|5239615|5292023,5292023,5239615,anthony guarascio,steven asplund,0,steven asplund,KO-TKO,1,0.27,4.3833891181886,-7.620000000000003,-15.240000000000007,0.0,0.0,0.0,0.0,0.0,0.0,0.0,0.0,0.0,0.0,0.0,0.0,0.0,0.0,0.0,0.0,0.0,0.0,0.0,0.0,0.0,0.0,0.0,0.0,0.0,-11.0,-10.0,-1.0,-0.34615384615384615,-0.5,-0.5,0.2727272727272727,0.2727272727272727,0.0,-0.2727272727272727,0.0,0.3835164835164835,96.16859524680854,-1.0,-103.59504466014505,-11.0,-0.8181818181818182,-5.0,0.0
2025-09-10,600055007,600055007|5292014|5307524,5307524,5292014,freddy vidal,felipe franco,1,freddy vidal,SUBMISSION,3,14.8,6.658589840996051,5.0800000000000125,8.890000000000015,0.0,0.0,0.0,0.0,0.0,0.0,0.0,0.0,0.0,0.0,0.0,0.0,0.0,0.0,0.0,0.0,0.0,0.0,0.0,0.0,0.0,0.0,0.0,0.0,,,,,,,,,,,,,,,,,,,,
2025-09-17,600055031,600055031|5086848|5282412,5086848,5282412,raphael uchegbu,cody chovancek,0,cody chovancek,KO-TKO,3,10.17,2.9377742184986677,2.539999999999992,15.23999999999998,0.0,0.0,0.0,-1.0,0.0,0.0,0.0,0.0,0.0,0.0,0.0,0.0,0.0,0.0,0.0,0.0,0.0,0.0,0.0,0.0,0.0,0.0,0.0,0.0,0.0,11.0,8.0,3.0,-0.2142857142857143,-0.33333333333333337,-0.19999999999999996,0.24242424242424243,-0.303030303030303,0.5454545454545454,-0.2424242424242424,0.3333333333333333,-0.07860591789163207,-42.44547367983705,3.0,48.01909914534508,4.0,0.75,-3.0,0.0
2025-09-17,600055031,600055031|5109011|5293566,5293566,5109011,in soo hwang,paddy mccorry,0,paddy mccorry,DEC-UNA,3,15.0,3.890565856930671,-10.159999999999997,2.5400000000000205,0.0,0.0,0.0,-1.0,0.0,0.0,0.0,0.0,0.0,0.0,0.0,0.0,0.0,0.0,0.0,0.0,0.0,0.0,0.0,0.0,0.0,0.0,0.0,0.0,,,,,,,,,,,,,,,,,,,,
2025-09-17,600055031,600055031|5236383|5307813,5236383,5307813,hecher sosa,mackson lee,1,hecher sosa,DEC-UNA,3,15.0,3.3676256185958664,-12.699999999999989,-12.699999999999989,0.0,0.0,0.0,0.0,0.0,0.0,0.0,0.0,0.0,0.0,0.0,0.0,0.0,0.0,0.0,0.0,0.0,0.0,0.0,0.0,0.0,0.0,0.0,0.0,,,,,,,,,,,,,,,,,,,,
2025-09-17,600055031,600055031|5307810|5307811,5307811,5307810,mahamed aly,iwo baraniewski,0,iwo baraniewski,KO-TKO,1,0.33,4.857047030397613,7.620000000000003,11.430000000000009,0.0,0.0,0.0,0.0,0.0,0.0,0.0,0.0,0.0,0.0,0.0,0.0,0.0,0.0,0.0,0.0,0.0,0.0,0.0,0.0,0.0,0.0,0.0,0.0,,,,,,,,,,,,,,,,,,,,
2025-09-17,600055031,600055031|5307814|5307815,5307814,5307815,tommy gantt,adam livingston,1,tommy gantt,SUBMISSION,1,2.78,8.597028001943912,-7.620000000000003,11.429999999999978,0.0,0.0,0.0,0.0,0.0,0.0,0.0,0.0,0.0,0.0,0.0,0.0,0.0,0.0,0.0,0.0,0.0,0.0,0.0,0.0,0.0,0.0,0.0,0.0,,,,,,,,,,,,,,,,,,,,
2025-09-24,600055032,600055032|4687104|5277050,5277050,4687104,justice torres,javier reyes,0,javier reyes,KO-TKO,1,2.53,-4.024723300273106,-5.0800000000000125,-16.50999999999999,0.0,0.0,1.0,0.0,0.0,0.0,0.0,0.0,0.0,0.0,0.0,0.0,0.0,0.0,0.0,0.0,0.0,0.0,0.0,0.0,0.0,0.0,0.0,0.0,0.0,-24.0,-20.0,-4.0,-0.2666666666666667,0.0,0.0,-0.1594202898550725,0.18840579710144922,-0.34782608695652173,0.15942028985507245,-0.23809523809523808,0.06968354679840327,26.40132528127242,-4.0,-144.3154222117837,-7.0,-0.42857142857142855,-2.0,0.0
2025-09-24,600055032,600055032|4916608|5308768,5308768,4916608,murtazali magomedov,brahyam zurcher,1,murtazali magomedov,KO-TKO,1,1.62,-3.460714456833476,2.539999999999992,1.2699999999999818,0.0,0.0,0.0,0.0,0.0,0.0,0.0,0.0,0.0,0.0,0.0,0.0,0.0,0.0,0.0,0.0,0.0,0.0,0.0,0.0,0.0,0.0,0.0,0.0,0.0,-3.0,-4.0,1.0,-0.09999999999999998,-0.3333333333333333,-0.20000000000000007,0.2857142857142857,0.07142857142857145,0.2142857142857143,-0.2857142857142857,-1.0,0.07602317435650768,27.8174616919282,3.0,-41.85698413251953,-3.0,-1.0,1.0,0.0
2025-09-24,600055032,600055032|5264925|5282616,5264925,5282616,mantas kondratavičius,djani barbir,1,mantas kondratavičius,KO-TKO,1,1.1,-1.9357002539408723,0.0,-8.889999999999986,0.0,0.0,0.0,0.0,0.0,0.0,0.0,0.0,0.0,0.0,0.0,0.0,0.0,0.0,0.0,0.0,0.0,0.0,0.0,0.0,0.0,0.0,0.0,0.0,0.0,9.0,9.0,0.0,0.9,1.0,0.8,1.0,0.7777777777777778,0.2222222222222222,0.0,0.0,-0.42599415204678354,-89.15218945993365,0.0,118.64088209917963,2.0,1.0,4.0,0.0
2025-09-24,600055032,600055032|5308769|5308770,5308770,5308769,sofia montenegro,jeisla chaves,0,jeisla chaves,DEC-SPLT,3,15.0,-2.3710274680520484,5.079999999999984,-1.2700000000000102,0.0,0.0,0.0,0.0,0.0,0.0,0.0,0.0,0.0,0.0,0.0,0.0,0.0,0.0,0.0,0.0,0.0,0.0,0.0,0.0,0.0,0.0,0.0,0.0,,,,,,,,,,,,,,,,,,,,
2025-09-24,600055032,600055032|5308871|5308872,5308871,5308872,rafael tobias,jair de oliveira,1,rafael tobias,SUBMISSION,1,3.77,-6.861194959513199,10.159999999999997,12.699999999999989,0.0,0.0,0.0,0.0,0.0,0.0,0.0,0.0,0.0,0.0,0.0,0.0,0.0,0.0,0.0,0.0,0.0,0.0,0.0,0.0,0.0,0.0,0.0,0.0,0.0,15.0,14.0,1.0,0.875,1.0,1.0,0.7857142857142857,0.35714285714285715,0.42857142857142855,0.21428571428571427,0.0,-0.305952380952381,-121.45963178200782,0.0,156.233271399798,2.0,0.0,6.0,0.0
