uid,fighter_id,SDBL,SDBA,SDB_ACC,SDHL,SDHA,SDH_ACC,SDLL,SDLA,SDL_ACC,TSL,TSA,TS_ACC,SSL,SSA,SS_ACC,KD,SCBL,SCBA,SCB_ACC,SCHL,SCHA,SCH_ACC,SCLL,SCLA,SCL_ACC,RV,SR,TDA,TDL,TDS,TD_ACC,SGBL,SGBA,SGB_ACC,SGHL,SGHA,SGH_ACC,SGLL,SGLA,SGL_ACC,AD,ADTB,ADHG,ADTM,ADTS,SM,TSLL,TSLA,SL_ACC,TSBL,TSBA,SB_ACC,TSHL,TSHA,SH_ACC
s:3301~l:3321~e:600036494~c:401579192,4294832,8,8,1.0,18,34,0.53,4,5,0.8,30,47,0.64,30,47,0.64,1,0,0,0.0,0,0,0.0,0,0,0.0,0,0.000,0,0,0,0.0,0,0,0.0,0,0,0.0,0,0,0.0,0,0,0,0,0,0,4,5,0.8,8,8,1.0,18,34,0.53
s:3301~l:3321~e:401128923~c:268320,4243624,5,7,0.71,7,32,0.22,1,3,0.33,111,180,0.62,66,126,0.52,0,8,8,1.0,1,2,0.5,1,1,1.0,0,0.000,7,4,0,0.57,24,25,0.96,19,48,0.4,0,0,0.0,6,3,1,1,1,0,2,4,0.5,37,40,0.92,27,82,0.33
s:3301~l:3321~e:401222786~c:401240128,4690541,4,7,0.57,9,16,0.56,0,0,0.0,14,25,0.56,14,25,0.56,0,0,1,0.0,1,1,1.0,0,0,0.0,0,0.000,1,0,0,0.0,0,0,0.0,0,0,0.0,0,0,0.0,0,0,0,0,0,0,0,0,0.0,4,8,0.5,10,17,0.59
s:3301~l:3321~e:600022207~c:401466056,4963343,10,18,0.56,47,155,0.3,40,57,0.7,106,248,0.43,103,244,0.42,0,0,1,0.0,6,13,0.46,0,0,0.0,0,0.000,0,0,0,0.0,0,0,0.0,0,0,0.0,0,0,0.0,0,0,0,0,0,0,40,57,0.7,10,19,0.53,53,168,0.32
s:3301~l:3321~e:600047781~c:401728707,5134399,1,1,1.0,0,1,0.0,0,0,0.0,1,6,0.17,1,2,0.5,0,0,0,0.0,0,0,0.0,0,0,0.0,0,0.000,1,1,0,1.0,0,0,0.0,0,0,0.0,0,0,0.0,0,0,0,0,0,1,0,0,0.0,1,1,1.0,0,1,0.0
s:3301~l:3321~e:600047781~c:401724486,5213179,10,12,0.83,35,84,0.42,12,12,1.0,177,246,0.72,125,188,0.66,0,13,20,0.65,27,30,0.9,9,9,1.0,0,0.000,6,2,0,0.33,2,2,1.0,17,19,0.89,0,0,0.0,0,0,0,0,0,1,21,21,1.0,25,34,0.74,79,133,0.59
s:3301~l:3321~e:600008642~c:401348175,4873640,0,2,0.0,1,5,0.2,1,1,1.0,12,23,0.52,2,8,0.25,0,0,0,0.0,0,0,0.0,0,0,0.0,0,0.000,5,3,0,0.6,0,0,0.0,0,0,0.0,0,0,0.0,0,0,0,0,0,1,1,1,1.0,0,2,0.0,1,5,0.2
s:3301~l:3321~e:600008640~c:401348173,4227265,4,4,1.0,3,11,0.27,0,0,0.0,9,17,0.53,9,17,0.53,1,0,0,0.0,0,0,0.0,0,0,0.0,0,0.000,1,0,0,0.0,0,0,0.0,2,2,1.0,0,0,0.0,0,0,0,0,0,0,0,0,0.0,4,4,1.0,5,13,0.38
s:3301~l:3321~e:600010081~c:401377630,4815978,1,2,0.5,13,70,0.19,4,6,0.67,36,97,0.37,21,82,0.26,0,0,0,0.0,0,0,0.0,0,0,0.0,0,0.000,3,2,0,0.67,0,0,0.0,3,4,0.75,0,0,0.0,0,0,0,0,0,0,4,6,0.67,1,2,0.5,16,74,0.22
s:3301~l:3321~e:600047624~c:401703014,5223435,7,17,0.41,19,55,0.35,2,2,1.0,48,98,0.49,40,90,0.44,1,5,5,1.0,2,2,1.0,0,0,0.0,0,0.000,4,3,0,0.75,0,0,0.0,5,9,0.56,0,0,0.0,0,0,0,0,0,0,2,2,1.0,12,22,0.55,26,66,0.39
s:3301~l:3321~e:401128921~c:268455,4025699,1,1,1.0,3,7,0.43,2,2,1.0,18,29,0.62,14,23,0.61,1,2,4,0.5,4,6,0.67,1,1,1.0,0,0.000,4,1,0,0.25,0,0,0.0,1,2,0.5,0,0,0.0,3,1,1,0,1,1,3,3,1.0,3,5,0.6,8,15,0.53
s:3301~l:3321~e:600010080~c:401361415,3165120,0,0,0.0,1,5,0.2,0,1,0.0,1,6,0.17,1,6,0.17,0,0,0,0.0,0,0,0.0,0,0,0.0,0,0.000,0,0,0,0.0,0,0,0.0,0,0,0.0,0,0,0.0,0,0,0,0,0,1,0,1,0.0,0,0,0.0,1,5,0.2
s:3301~l:3321~e:600008642~c:401361176,4835135,8,11,0.73,28,91,0.31,1,3,0.33,110,213,0.52,70,163,0.43,0,4,10,0.4,0,0,0.0,0,0,0.0,0,0.000,7,4,0,0.57,0,2,0.0,29,45,0.64,0,1,0.0,0,0,0,0,0,0,1,4,0.25,12,23,0.52,57,136,0.42
s:3301~l:3321~e:400972138~c:265521,4081024,3,6,0.5,5,30,0.17,0,0,0.0,33,66,0.5,20,53,0.38,1,4,4,1.0,0,1,0.0,0,0,0.0,0,0.000,4,2,0,0.5,1,1,1.0,7,11,0.64,0,0,0.0,4,2,1,0,1,2,0,0,0.0,8,11,0.73,12,42,0.29
s:3301~l:3321~e:600047775~c:401699791,5211247,7,7,1.0,65,129,0.5,4,5,0.8,116,186,0.62,85,152,0.56,0,4,4,1.0,4,5,0.8,1,1,1.0,0,0.000,2,1,0,0.5,0,0,0.0,0,1,0.0,0,0,0.0,0,0,0,0,0,0,5,6,0.83,11,11,1.0,69,135,0.51
s:3301~l:3321~e:600047776~c:401703288,5149815,12,17,0.71,47,80,0.59,8,8,1.0,100,144,0.69,89,132,0.67,1,17,19,0.89,4,7,0.57,1,1,1.0,0,0.000,0,0,0,0.0,0,0,0.0,0,0,0.0,0,0,0.0,0,0,0,0,0,0,9,9,1.0,29,36,0.81,51,87,0.59
s:3301~l:3321~e:600036494~c:401581402,5149815,6,11,0.55,16,44,0.36,10,13,0.77,46,85,0.54,33,69,0.48,0,1,1,1.0,0,0,0.0,0,0,0.0,0,0.000,0,0,0,0.0,0,0,0.0,0,0,0.0,0,0,0.0,0,0,0,0,0,0,10,13,0.77,7,12,0.58,16,44,0.36
s:3301~l:3321~e:401033270~c:265466,4339130,3,9,0.33,14,45,0.31,0,0,0.0,58,150,0.39,54,124,0.44,2,5,6,0.83,4,13,0.31,3,3,1.0,0,0.000,3,3,0,1.0,5,7,0.71,19,40,0.48,1,1,1.0,1,0,0,0,1,0,4,4,1.0,13,22,0.59,37,98,0.38
s:3301~l:3321~e:600047780~c:401724477,5218817,0,0,0.0,7,7,1.0,4,4,1.0,14,15,0.93,14,15,0.93,1,0,0,0.0,0,0,0.0,0,0,0.0,0,0.000,0,0,0,0.0,0,0,0.0,3,4,0.75,0,0,0.0,0,0,0,0,0,0,4,4,1.0,0,0,0.0,10,11,0.91
s:3301~l:3321~e:600047774~c:401698247,5212738,22,34,0.65,119,254,0.47,4,5,0.8,184,338,0.54,155,307,0.5,0,1,1,1.0,7,10,0.7,0,0,0.0,0,0.000,0,0,0,0.0,0,0,0.0,2,3,0.67,0,0,0.0,0,0,0,0,0,0,4,5,0.8,23,35,0.66,128,267,0.48
s:3301~l:3321~e:600021772~c:401464156,4904998,2,5,0.4,31,93,0.33,23,25,0.92,84,158,0.53,79,153,0.52,0,1,1,1.0,3,5,0.6,0,0,0.0,0,0.000,6,3,0,0.5,0,0,0.0,19,24,0.79,0,0,0.0,0,0,0,0,0,0,23,25,0.92,3,6,0.5,53,122,0.43
s:3301~l:3321~e:600036494~c:401579190,4869702,0,0,0.0,4,11,0.36,0,0,0.0,61,70,0.87,22,30,0.73,0,1,1,1.0,1,1,1.0,0,0,0.0,0,0.000,3,3,0,1.0,0,0,0.0,16,17,0.94,0,0,0.0,0,0,0,0,0,1,0,0,0.0,1,1,1.0,21,29,0.72
s:3301~l:3321~e:600021770~c:401445833,4684135,2,3,0.67,18,36,0.5,3,4,0.75,26,47,0.55,26,47,0.55,1,0,0,0.0,0,0,0.0,0,0,0.0,1,0.000,1,1,0,1.0,0,0,0.0,3,4,0.75,0,0,0.0,0,0,0,0,0,1,3,4,0.75,2,3,0.67,21,40,0.52
s:3301~l:3321~e:401221630~c:401231040,4684135,3,4,0.75,2,13,0.15,5,5,1.0,15,29,0.52,12,25,0.48,0,0,0,0.0,0,0,0.0,0,0,0.0,0,0.000,1,1,0,1.0,0,0,0.0,2,3,0.67,0,0,0.0,1,0,0,0,1,0,5,5,1.0,3,4,0.75,4,16,0.25
s:3301~l:3321~e:600021770~c:401445833,4944080,2,3,0.67,8,29,0.28,1,1,1.0,11,34,0.32,11,34,0.32,0,0,0,0.0,0,0,0.0,0,0,0.0,1,0.000,1,0,0,0.0,0,0,0.0,0,1,0.0,0,0,0.0,0,0,0,0,0,0,1,1,1.0,2,3,0.67,8,30,0.27
s:3301~l:3321~e:401128924~c:269715,3091099,0,0,0.0,2,3,0.67,0,0,0.0,3,6,0.5,2,3,0.67,0,0,0,0.0,0,0,0.0,0,0,0.0,0,0.000,1,0,0,0.0,0,0,0.0,0,0,0.0,0,0,0.0,1,1,0,0,0,1,0,0,0.0,0,0,0.0,2,3,0.67
s:3301~l:3321~e:401074497~c:265436,3091099,3,5,0.6,27,43,0.63,0,1,0.0,167,207,0.81,48,76,0.63,0,0,0,0.0,1,2,0.5,3,3,1.0,1,0.000,9,3,0,0.33,1,1,1.0,13,21,0.62,0,0,0.0,1,0,1,0,0,0,3,4,0.75,4,6,0.67,41,66,0.62
s:3301~l:3321~e:600022210~c:401482231,5016786,11,16,0.69,28,57,0.49,13,13,1.0,163,226,0.72,116,177,0.66,0,0,0,0.0,0,0,0.0,0,0,0.0,0,0.000,4,3,0,0.75,9,9,1.0,55,82,0.67,0,0,0.0,0,0,0,0,0,0,13,13,1.0,20,25,0.8,83,139,0.6
s:3301~l:3321~e:600008643~c:401348176,4700616,10,13,0.77,23,46,0.5,8,8,1.0,67,94,0.71,52,79,0.66,0,2,2,1.0,2,3,0.67,0,0,0.0,0,0.000,3,0,0,0.0,4,4,1.0,3,3,1.0,0,0,0.0,0,0,0,0,0,0,8,8,1.0,16,19,0.84,28,52,0.54
s:3301~l:3321~e:401033281~c:265447,4290344,1,2,0.5,16,39,0.41,2,3,0.67,30,57,0.53,30,57,0.53,0,2,2,1.0,1,2,0.5,0,0,0.0,0,0.000,4,0,0,0.0,1,1,1.0,7,8,0.88,0,0,0.0,0,0,0,0,0,1,2,3,0.67,4,5,0.8,24,49,0.49
s:3301~l:3321~e:600036500~c:401571749,5152409,3,4,0.75,5,11,0.45,0,0,0.0,10,17,0.59,10,17,0.59,1,0,0,0.0,0,0,0.0,0,0,0.0,0,0.000,0,0,0,0.0,0,0,0.0,2,2,1.0,0,0,0.0,0,0,0,0,0,0,0,0,0.0,3,4,0.75,7,13,0.54
s:3301~l:3321~e:600036495~c:401581383,5152409,0,0,0.0,10,18,0.56,1,1,1.0,11,19,0.58,11,19,0.58,0,0,0,0.0,0,0,0.0,0,0,0.0,0,0.000,0,0,0,0.0,0,0,0.0,0,0,0.0,0,0,0.0,0,0,0,0,0,0,1,1,1.0,0,0,0.0,10,18,0.56
s:3301~l:3321~e:600021771~c:401445834,4786358,3,3,1.0,8,26,0.31,3,4,0.75,16,37,0.43,16,37,0.43,0,2,2,1.0,0,0,0.0,0,0,0.0,0,0.000,0,0,0,0.0,0,0,0.0,0,2,0.0,0,0,0.0,0,0,0,0,0,0,3,4,0.75,5,5,1.0,8,28,0.29
s:3301~l:3321~e:600036499~c:401597329,5060489,5,8,0.62,19,40,0.48,11,13,0.85,122,176,0.69,81,116,0.7,0,13,13,1.0,33,41,0.8,0,0,0.0,0,0.000,1,0,0,0.0,0,0,0.0,0,1,0.0,0,0,0.0,0,0,0,0,0,0,11,13,0.85,18,21,0.86,52,82,0.63
s:3301~l:3321~e:600022209~c:401451170,5060489,4,7,0.57,13,32,0.41,0,0,0.0,21,45,0.47,18,42,0.43,1,0,0,0.0,0,0,0.0,0,0,0.0,0,0.000,3,1,0,0.33,0,0,0.0,1,3,0.33,0,0,0.0,0,0,0,0,0,1,0,0,0.0,4,7,0.57,14,35,0.4
s:3301~l:3321~e:600047776~c:401703289,5212850,7,10,0.7,16,62,0.26,4,8,0.5,87,153,0.57,50,113,0.44,0,11,12,0.92,9,16,0.56,0,0,0.0,0,0.000,1,1,0,1.0,0,0,0.0,3,5,0.6,0,0,0.0,0,0,0,0,0,1,4,8,0.5,18,22,0.82,28,83,0.34
s:3301~l:3321~e:401074498~c:265421,4372194,8,9,0.89,38,94,0.4,12,13,0.92,109,181,0.6,85,154,0.55,0,15,19,0.79,2,3,0.67,1,1,1.0,1,0.000,1,0,0,0.0,0,0,0.0,9,15,0.6,0,0,0.0,1,0,0,0,1,1,13,14,0.93,23,28,0.82,49,112,0.44
s:3301~l:3321~e:600047778~c:401717100,5075992,19,54,0.35,42,139,0.3,33,47,0.7,111,266,0.42,101,254,0.4,0,4,8,0.5,1,2,0.5,0,0,0.0,0,0.000,3,3,0,1.0,0,0,0.0,2,4,0.5,0,0,0.0,0,0,0,0,0,1,33,47,0.7,23,62,0.37,45,145,0.31
s:3301~l:3321~e:600055032~c:401794770,5264925,1,1,1.0,1,9,0.11,0,0,0.0,5,15,0.33,5,15,0.33,1,0,0,0.0,1,2,0.5,0,0,0.0,0,0.000,1,1,0,1.0,0,0,0.0,2,3,0.67,0,0,0.0,0,0,0,0,0,0,0,0,0.0,1,1,1.0,4,14,0.29
s:3301~l:3321~e:600055032~c:401823573,5308768,0,2,0.0,6,15,0.4,0,1,0.0,9,22,0.41,9,22,0.41,1,0,0,0.0,0,0,0.0,0,0,0.0,0,0.000,0,0,0,0.0,0,0,0.0,3,4,0.75,0,0,0.0,0,0,0,0,0,0,0,1,0.0,0,2,0.0,9,19,0.47
s:3301~l:3321~e:600055032~c:401823574,5308770,9,13,0.69,30,108,0.28,6,6,1.0,82,188,0.44,64,160,0.4,1,0,2,0.0,4,7,0.57,0,0,0.0,0,0.000,4,1,0,0.25,4,4,1.0,11,20,0.55,0,0,0.0,0,0,0,0,0,0,6,6,1.0,13,19,0.68,45,135,0.33
s:3301~l:3321~e:600055032~c:401823575,4687104,5,8,0.62,10,27,0.37,0,0,0.0,26,50,0.52,21,45,0.47,1,0,1,0.0,4,6,0.67,0,0,0.0,0,0.000,0,0,0,0.0,0,0,0.0,2,3,0.67,0,0,0.0,0,0,0,0,0,0,0,0,0.0,5,9,0.56,16,36,0.44
s:3301~l:3321~e:600055032~c:401823576,5308872,2,2,1.0,5,15,0.33,7,7,1.0,15,25,0.6,15,25,0.6,0,1,1,1.0,0,0,0.0,0,0,0.0,0,0.000,0,0,0,0.0,0,0,0.0,0,0,0.0,0,0,0.0,0,0,0,0,0,0,7,7,1.0,3,3,1.0,5,15,0.33
s:3301~l:3321~e:600055031~c:401819851,5236383,5,6,0.83,12,31,0.39,2,5,0.4,124,177,0.7,32,64,0.5,0,1,1,1.0,7,15,0.47,0,0,0.0,0,0.000,11,4,0,0.36,0,0,0.0,5,6,0.83,0,0,0.0,0,0,0,0,0,2,2,5,0.4,6,7,0.86,24,52,0.46
s:3301~l:3321~e:600055031~c:401819853,5307810,0,0,0.0,1,2,0.5,0,0,0.0,4,6,0.67,4,6,0.67,1,0,0,0.0,0,0,0.0,0,0,0.0,0,0.000,0,0,0,0.0,0,0,0.0,3,4,0.75,0,0,0.0,0,0,0,0,0,0,0,0,0.0,0,0,0.0,4,6,0.67
s:3301~l:3321~e:600055031~c:401794769,5307815,0,0,0.0,1,2,0.5,0,0,0.0,1,3,0.33,1,3,0.33,0,0,0,0.0,0,1,0.0,0,0,0.0,0,0.000,0,0,0,0.0,0,0,0.0,0,0,0.0,0,0,0.0,0,0,0,0,0,0,0,0,0.0,0,0,0.0,1,3,0.33
s:3301~l:3321~e:600055031~c:401819854,5109011,34,54,0.63,30,80,0.38,24,26,0.92,95,170,0.56,93,168,0.55,0,1,3,0.33,4,5,0.8,0,0,0.0,0,0.000,2,1,0,0.5,0,0,0.0,0,0,0.0,0,0,0.0,0,0,0,0,0,0,24,26,0.92,35,57,0.61,34,85,0.4
s:3301~l:3321~e:600055031~c:401819852,5282412,6,7,0.86,9,31,0.29,3,6,0.5,57,92,0.62,29,58,0.5,2,0,0,0.0,1,1,1.0,0,0,0.0,1,0.000,0,0,0,0.0,0,0,0.0,10,13,0.77,0,0,0.0,0,0,0,0,0,0,3,6,0.5,6,7,0.86,20,45,0.44
s:3301~l:3321~e:600036495~c:401581385,5145766,19,27,0.7,60,140,0.43,1,1,1.0,87,178,0.49,87,178,0.49,0,3,4,0.75,4,6,0.67,0,0,0.0,0,0.000,3,1,0,0.33,0,0,0.0,0,0,0.0,0,0,0.0,0,0,0,0,0,0,1,1,1.0,22,31,0.71,64,146,0.44
s:3301~l:3321~e:600047779~c:401718429,4503229,4,9,0.44,41,115,0.36,32,35,0.91,80,162,0.49,79,161,0.49,0,1,1,1.0,1,1,1.0,0,0,0.0,0,0.000,1,0,0,0.0,0,0,0.0,0,0,0.0,0,0,0.0,0,0,0,0,0,0,32,35,0.91,5,10,0.5,42,116,0.36
s:3301~l:3321~e:401221630~c:401231040,4685871,2,2,1.0,2,5,0.4,12,14,0.86,25,32,0.78,16,21,0.76,0,0,0,0.0,0,0,0.0,0,0,0.0,0,1.000,1,1,1,1.0,0,0,0.0,0,0,0.0,0,0,0.0,0,0,0,0,0,1,12,14,0.86,2,2,1.0,2,5,0.4
s:3301~l:3321~e:401128918~c:264861,4421517,6,8,0.75,34,69,0.49,0,0,0.0,213,257,0.83,102,142,0.72,0,44,44,1.0,14,17,0.82,4,4,1.0,0,0.000,14,0,0,0.0,0,0,0.0,0,0,0.0,0,0,0.0,0,0,0,0,0,0,4,4,1.0,50,52,0.96,48,86,0.56
s:3301~l:3321~e:600047781~c:401728887,5218137,11,18,0.61,74,165,0.45,10,10,1.0,129,235,0.55,105,206,0.51,0,5,5,1.0,5,8,0.62,0,0,0.0,1,0.000,2,0,0,0.0,0,0,0.0,0,0,0.0,0,0,0.0,0,0,0,0,0,0,10,10,1.0,16,23,0.7,79,173,0.46
s:3301~l:3321~e:600022208~c:401467210,5060467,0,0,0.0,1,2,0.5,1,1,1.0,2,3,0.67,2,3,0.67,0,0,0,0.0,0,0,0.0,0,0,0.0,0,0.000,1,1,0,1.0,0,0,0.0,0,0,0.0,0,0,0.0,0,0,0,0,0,1,1,1,1.0,0,0,0.0,1,2,0.5
s:3301~l:3321~e:600055007~c:401819811,5239615,0,0,0.0,6,12,0.5,1,1,1.0,12,18,0.67,11,17,0.65,1,0,0,0.0,0,0,0.0,0,0,0.0,0,0.000,0,0,0,0.0,0,0,0.0,4,4,1.0,0,0,0.0,0,0,0,0,0,0,1,1,1.0,0,0,0.0,10,16,0.62
s:3301~l:3321~e:600055007~c:401808384,4958170,0,0,0.0,4,5,0.8,3,3,1.0,9,10,0.9,7,8,0.88,2,0,0,0.0,0,0,0.0,0,0,0.0,0,0.000,0,0,0,0.0,0,0,0.0,0,0,0.0,0,0,0.0,0,0,0,0,0,0,3,3,1.0,0,0,0.0,4,5,0.8
s:3301~l:3321~e:600055007~c:401819810,5307524,1,2,0.5,3,17,0.18,4,5,0.8,105,146,0.72,42,65,0.65,0,4,4,1.0,10,14,0.71,0,0,0.0,2,0.000,2,0,0,0.0,0,0,0.0,20,23,0.87,0,0,0.0,0,0,0,0,0,1,4,5,0.8,5,6,0.83,33,54,0.61
s:3301~l:3321~e:600055007~c:401808386,5293557,1,1,1.0,6,9,0.67,1,1,1.0,15,20,0.75,12,16,0.75,1,2,2,1.0,2,2,1.0,0,0,0.0,0,0.000,0,0,0,0.0,0,0,0.0,0,1,0.0,0,0,0.0,0,0,0,0,0,0,1,1,1.0,3,3,1.0,8,12,0.67
s:3301~l:3321~e:600055007~c:401808387,5278269,50,66,0.76,49,122,0.4,9,13,0.69,123,218,0.56,117,212,0.55,3,7,7,1.0,2,4,0.5,0,0,0.0,0,0.000,0,0,0,0.0,0,0,0.0,0,0,0.0,0,0,0.0,0,0,0,0,0,0,9,13,0.69,57,73,0.78,51,126,0.4
s:3301~l:3321~e:600011551~c:401379699,4835137,0,2,0.0,5,7,0.71,0,2,0.0,13,23,0.57,13,23,0.57,1,0,0,0.0,0,0,0.0,0,0,0.0,0,0.000,0,0,0,0.0,0,0,0.0,8,12,0.67,0,0,0.0,0,0,0,0,0,0,0,2,0.0,0,2,0.0,13,19,0.68
s:3301~l:3321~e:600008644~c:401363911,4835137,6,7,0.86,27,55,0.49,8,10,0.8,124,163,0.76,68,102,0.67,0,24,26,0.92,3,4,0.75,0,0,0.0,0,0.000,4,3,0,0.75,0,0,0.0,0,0,0.0,0,0,0.0,0,0,0,0,0,0,8,10,0.8,30,33,0.91,30,59,0.51
s:3301~l:3321~e:600036499~c:401597254,5122238,5,8,0.62,29,65,0.45,18,22,0.82,74,124,0.6,70,120,0.58,0,0,0,0.0,0,0,0.0,0,0,0.0,0,0.000,0,0,0,0.0,0,0,0.0,18,25,0.72,0,0,0.0,0,0,0,0,0,0,18,22,0.82,5,8,0.62,47,90,0.52
s:3301~l:3321~e:600036495~c:401571754,4379328,0,1,0.0,24,56,0.43,4,7,0.57,32,69,0.46,32,69,0.46,1,0,0,0.0,0,0,0.0,0,0,0.0,0,0.000,0,0,0,0.0,0,0,0.0,4,5,0.8,0,0,0.0,0,0,0,0,0,0,4,7,0.57,0,1,0.0,28,61,0.46
s:3301~l:3321~e:600022209~c:401467662,5092403,1,1,1.0,19,71,0.27,0,0,0.0,20,72,0.28,20,72,0.28,0,0,0,0.0,0,0,0.0,0,0,0.0,0,0.000,0,0,0,0.0,0,0,0.0,0,0,0.0,0,0,0.0,0,0,0,0,0,1,0,0,0.0,1,1,1.0,19,71,0.27
s:3301~l:3321~e:600055006~c:401794187,4629138,4,4,1.0,4,7,0.57,3,3,1.0,11,14,0.79,11,14,0.79,1,0,0,0.0,0,0,0.0,0,0,0.0,0,0.000,1,0,0,0.0,0,0,0.0,0,0,0.0,0,0,0.0,0,0,0,0,0,0,3,3,1.0,4,4,1.0,4,7,0.57
s:3301~l:3321~e:600055006~c:401805483,5216978,0,0,0.0,6,6,1.0,0,0,0.0,27,27,1.0,17,17,1.0,0,0,0,0.0,0,0,0.0,0,0,0.0,0,0.000,0,0,0,0.0,0,0,0.0,11,11,1.0,0,0,0.0,0,0,0,0,0,0,0,0,0.0,0,0,0.0,17,17,1.0
s:3301~l:3321~e:600055006~c:401805484,5124146,1,1,1.0,5,28,0.18,3,4,0.75,9,33,0.27,9,33,0.27,0,0,0,0.0,0,0,0.0,0,0,0.0,0,0.000,1,0,0,0.0,0,0,0.0,0,0,0.0,0,0,0.0,0,0,0,0,0,0,3,4,0.75,1,1,1.0,5,28,0.18
s:3301~l:3321~e:600055006~c:401805485,5150021,8,14,0.57,5,40,0.12,8,11,0.73,87,154,0.56,37,92,0.4,0,3,3,1.0,2,4,0.5,0,0,0.0,0,0.000,6,5,0,0.83,0,0,0.0,11,20,0.55,0,0,0.0,0,0,0,0,0,0,8,11,0.73,11,17,0.65,18,64,0.28
s:3301~l:3321~e:600055006~c:401805486,5295176,15,19,0.79,49,135,0.36,6,11,0.55,97,209,0.46,85,190,0.45,0,1,1,1.0,12,22,0.55,0,0,0.0,1,0.000,12,2,0,0.17,0,0,0.0,2,2,1.0,0,0,0.0,0,0,0,0,0,1,6,11,0.55,16,20,0.8,63,159,0.4
s:3301~l:3321~e:600055005~c:401813457,5291085,3,4,0.75,20,40,0.5,2,2,1.0,34,65,0.52,32,62,0.52,1,1,1,1.0,6,15,0.4,0,0,0.0,0,0.000,0,0,0,0.0,0,0,0.0,0,0,0.0,0,0,0.0,0,0,0,0,0,0,2,2,1.0,4,5,0.8,26,55,0.47
s:3301~l:3321~e:600055005~c:401804266,5099679,5,8,0.62,23,59,0.39,1,1,1.0,35,74,0.47,35,74,0.47,2,1,1,1.0,3,3,1.0,0,0,0.0,0,0.000,0,0,0,0.0,1,1,1.0,1,1,1.0,0,0,0.0,0,0,0,0,0,0,1,1,1.0,7,10,0.7,27,63,0.43
s:3301~l:3321~e:600055005~c:401804267,5220971,1,1,1.0,0,2,0.0,0,0,0.0,1,3,0.33,1,3,0.33,0,0,0,0.0,0,0,0.0,0,0,0.0,0,0.000,1,0,0,0.0,0,0,0.0,0,0,0.0,0,0,0.0,0,0,0,0,0,0,0,0,0.0,1,1,1.0,0,2,0.0
s:3301~l:3321~e:600055005~c:401804268,5085291,7,7,1.0,15,41,0.37,3,3,1.0,77,110,0.7,42,72,0.58,0,3,3,1.0,1,2,0.5,0,0,0.0,0,0.000,1,0,0,0.0,0,0,0.0,13,16,0.81,0,0,0.0,0,0,0,0,0,2,3,3,1.0,10,10,1.0,29,59,0.49
s:3301~l:3321~e:600055005~c:401813458,4413642,0,0,0.0,8,16,0.5,1,2,0.5,9,18,0.5,9,18,0.5,0,0,0,0.0,0,0,0.0,0,0,0.0,0,0.000,0,0,0,0.0,0,0,0.0,0,0,0.0,0,0,0.0,0,0,0,0,0,0,1,2,0.5,0,0,0.0,8,16,0.5
s:3301~l:3321~e:600021771~c:401463240,4903365,0,0,0.0,23,66,0.35,0,0,0.0,47,95,0.49,43,89,0.48,1,1,1,1.0,9,11,0.82,0,0,0.0,0,0.000,0,0,0,0.0,0,0,0.0,10,11,0.91,0,0,0.0,0,0,0,0,0,0,0,0,0.0,1,1,1.0,42,88,0.48
s:3301~l:3321~e:600036332~c:401579189,5144066,9,12,0.75,74,177,0.42,1,1,1.0,99,206,0.48,87,194,0.45,0,1,1,1.0,1,2,0.5,0,0,0.0,2,0.000,0,0,0,0.0,0,0,0.0,1,1,1.0,0,0,0.0,0,0,0,0,0,0,1,1,1.0,10,13,0.77,76,180,0.42
s:3301~l:3321~e:600047775~c:401699794,5085318,18,28,0.64,32,67,0.48,7,9,0.78,66,117,0.56,64,113,0.57,0,0,0,0.0,7,9,0.78,0,0,0.0,0,0.000,3,0,0,0.0,0,0,0.0,0,0,0.0,0,0,0.0,0,0,0,0,0,0,7,9,0.78,18,28,0.64,39,76,0.51
s:3301~l:3321~e:600047624~c:401686962,5147737,5,5,1.0,3,9,0.33,4,4,1.0,12,18,0.67,12,18,0.67,1,0,0,0.0,0,0,0.0,0,0,0.0,0,0.000,0,0,0,0.0,0,0,0.0,0,0,0.0,0,0,0.0,0,0,0,0,0,0,4,4,1.0,5,5,1.0,3,9,0.33
s:3301~l:3321~e:401128919~c:268446,4329444,7,7,1.0,21,43,0.49,2,2,1.0,142,182,0.78,68,101,0.67,0,6,7,0.86,2,2,1.0,2,2,1.0,0,0.000,5,2,0,0.4,0,0,0.0,28,38,0.74,0,0,0.0,5,2,1,1,1,4,4,4,1.0,13,14,0.93,51,83,0.61
s:3301~l:3321~e:600047779~c:401718430,5213352,11,17,0.65,12,30,0.4,3,6,0.5,32,60,0.53,30,57,0.53,1,1,1,1.0,0,0,0.0,0,0,0.0,0,0.000,0,0,0,0.0,0,0,0.0,3,3,1.0,0,0,0.0,0,0,0,0,0,0,3,6,0.5,12,18,0.67,15,33,0.45
s:3301~l:3321~e:600055021~c:401794169,4969974,40,52,0.77,91,153,0.59,8,8,1.0,149,225,0.66,146,222,0.66,0,2,2,1.0,5,7,0.71,0,0,0.0,1,0.000,1,0,0,0.0,0,0,0.0,0,0,0.0,0,0,0.0,0,0,0,0,0,0,8,8,1.0,42,54,0.78,96,160,0.6
s:3301~l:3321~e:600055021~c:401808380,4694832,3,5,0.6,13,33,0.39,3,3,1.0,29,55,0.53,26,52,0.5,2,1,1,1.0,5,8,0.62,0,0,0.0,0,0.000,2,1,0,0.5,0,0,0.0,1,2,0.5,0,0,0.0,0,0,0,0,0,0,3,3,1.0,4,6,0.67,19,43,0.44
s:3301~l:3321~e:600047773~c:401693510,4694832,5,10,0.5,17,38,0.45,2,2,1.0,80,117,0.68,32,65,0.49,0,2,2,1.0,6,13,0.46,0,0,0.0,0,0.000,0,0,0,0.0,0,0,0.0,0,0,0.0,0,0,0.0,0,0,0,0,0,1,2,2,1.0,7,12,0.58,23,51,0.45
s:3301~l:3321~e:600055021~c:401801205,5212852,19,28,0.68,13,43,0.3,21,23,0.91,79,137,0.58,66,113,0.58,0,5,7,0.71,3,5,0.6,2,3,0.67,0,0.000,3,2,0,0.67,0,0,0.0,3,4,0.75,0,0,0.0,0,0,0,0,0,0,23,26,0.88,24,35,0.69,19,52,0.37
s:3301~l:3321~e:600055021~c:401801206,5220468,1,1,1.0,4,12,0.33,1,2,0.5,13,25,0.52,7,16,0.44,0,0,0,0.0,1,1,1.0,0,0,0.0,0,0.000,0,0,0,0.0,0,0,0.0,0,0,0.0,0,0,0.0,0,0,0,0,0,0,1,2,0.5,1,1,1.0,5,13,0.38
s:3301~l:3321~e:600055021~c:401801207,5290796,13,16,0.81,16,32,0.5,1,1,1.0,49,72,0.68,41,63,0.65,1,1,1,1.0,5,6,0.83,0,0,0.0,0,0.000,1,1,0,1.0,0,0,0.0,5,7,0.71,0,0,0.0,0,0,0,0,0,0,1,1,1.0,14,17,0.82,26,45,0.58
s:3301~l:3321~e:600036495~c:401592855,4801725,1,1,1.0,2,5,0.4,1,1,1.0,17,21,0.81,4,8,0.5,0,0,1,0.0,0,0,0.0,0,0,0.0,1,0.000,1,1,0,1.0,0,0,0.0,0,0,0.0,0,0,0.0,0,0,0,0,0,3,1,1,1.0,1,2,0.5,2,5,0.4
s:3301~l:3321~e:600055020~c:401793731,5287948,4,18,0.22,7,38,0.18,9,11,0.82,28,77,0.36,25,73,0.34,0,2,3,0.67,0,0,0.0,0,0,0.0,0,0.000,2,0,0,0.0,3,3,1.0,0,0,0.0,0,0,0.0,0,0,0,0,0,0,9,11,0.82,9,24,0.38,7,38,0.18
s:3301~l:3321~e:600055020~c:401793732,5264471,9,12,0.75,30,158,0.19,16,16,1.0,59,194,0.3,57,191,0.3,0,0,1,0.0,2,4,0.5,0,0,0.0,0,0.000,2,1,0,0.5,0,0,0.0,0,0,0.0,0,0,0.0,0,0,0,0,0,0,16,16,1.0,9,13,0.69,32,162,0.2
s:3301~l:3321~e:600055020~c:401808378,5149437,0,0,0.0,5,10,0.5,0,0,0.0,28,36,0.78,7,13,0.54,0,1,1,1.0,1,2,0.5,0,0,0.0,0,0.000,5,0,0,0.0,0,0,0.0,0,0,0.0,0,0,0.0,0,0,0,0,0,0,0,0,0.0,1,1,1.0,6,12,0.5
s:3301~l:3321~e:600036499~c:401597329,5149437,0,1,0.0,25,55,0.45,0,1,0.0,67,102,0.66,48,82,0.59,0,5,5,1.0,18,20,0.9,0,0,0.0,0,0.000,5,0,0,0.0,0,0,0.0,0,0,0.0,0,0,0.0,0,0,0,0,0,0,0,1,0.0,5,6,0.83,43,75,0.57
s:3301~l:3321~e:600055020~c:401793734,5265556,1,2,0.5,0,4,0.0,0,0,0.0,5,20,0.25,4,18,0.22,0,0,0,0.0,0,0,0.0,0,0,0.0,2,0.000,6,6,0,1.0,0,0,0.0,3,12,0.25,0,0,0.0,0,0,0,0,0,0,0,0,0.0,1,2,0.5,3,16,0.19
s:3301~l:3321~e:600055020~c:401793735,5147207,11,13,0.85,45,105,0.43,2,2,1.0,84,164,0.51,65,132,0.49,0,1,1,1.0,0,0,0.0,0,0,0.0,1,0.000,7,4,0,0.57,0,0,0.0,6,11,0.55,0,0,0.0,0,0,0,0,0,0,2,2,1.0,12,14,0.86,51,116,0.44
s:3301~l:3321~e:600036500~c:401604871,5147207,1,1,1.0,7,18,0.39,0,0,0.0,29,46,0.63,18,34,0.53,0,1,1,1.0,6,9,0.67,0,0,0.0,0,0.000,0,0,0,0.0,0,0,0.0,3,5,0.6,0,0,0.0,0,0,0,0,0,0,0,0,0.0,2,2,1.0,16,32,0.5
s:3301~l:3321~e:401033277~c:265480,4290956,0,0,0.0,1,2,0.5,0,0,0.0,10,14,0.71,10,14,0.71,1,0,0,0.0,6,9,0.67,0,0,0.0,0,0.000,0,0,0,0.0,0,0,0.0,3,3,1.0,0,0,0.0,0,0,0,0,0,0,0,0,0.0,0,0,0.0,10,14,0.71
s:3301~l:3321~e:401128921~c:268453,4424224,2,3,0.67,14,34,0.41,0,0,0.0,27,50,0.54,20,42,0.48,0,2,2,1.0,2,3,0.67,0,0,0.0,0,0.000,1,1,0,1.0,0,0,0.0,0,0,0.0,0,0,0.0,1,0,1,0,0,1,0,0,0.0,4,5,0.8,16,37,0.43
s:3301~l:3321~e:600010081~c:401370332,4875511,7,12,0.58,64,170,0.38,0,0,0.0,94,208,0.45,78,191,0.41,0,5,5,1.0,2,4,0.5,0,0,0.0,0,0.000,0,0,0,0.0,0,0,0.0,0,0,0.0,0,0,0.0,0,0,0,0,0,0,0,0,0.0,12,17,0.71,66,174,0.38
s:3301~l:3321~e:600036496~c:401591005,5149439,7,10,0.7,59,218,0.27,27,35,0.77,109,286,0.38,100,275,0.36,0,4,5,0.8,3,7,0.43,0,0,0.0,0,0.000,0,0,0,0.0,0,0,0.0,0,0,0.0,0,0,0.0,0,0,0,0,0,0,27,35,0.77,11,15,0.73,62,225,0.28
s:3301~l:3321~e:600021771~c:401445834,4867356,3,5,0.6,6,23,0.26,4,5,0.8,15,35,0.43,15,35,0.43,1,0,0,0.0,0,0,0.0,0,0,0.0,0,0.000,2,0,0,0.0,0,0,0.0,2,2,1.0,0,0,0.0,0,0,0,0,0,0,4,5,0.8,3,5,0.6,8,25,0.32
s:3301~l:3321~e:600010081~c:401380950,4867356,6,11,0.55,17,51,0.33,7,10,0.7,36,79,0.46,36,79,0.46,0,0,0,0.0,2,2,1.0,0,0,0.0,0,0.000,3,2,0,0.67,0,0,0.0,4,5,0.8,0,0,0.0,0,0,0,0,0,0,7,10,0.7,6,11,0.55,23,58,0.4
s:3301~l:3321~e:600021773~c:401445836,5074131,0,1,0.0,6,28,0.21,2,2,1.0,13,37,0.35,13,37,0.35,1,0,0,0.0,0,0,0.0,0,0,0.0,0,0.000,0,0,0,0.0,0,0,0.0,5,6,0.83,0,0,0.0,0,0,0,0,0,0,2,2,1.0,0,1,0.0,11,34,0.32
s:3301~l:3321~e:600047778~c:401717099,5145681,18,21,0.86,23,44,0.52,6,6,1.0,48,74,0.65,48,74,0.65,1,0,0,0.0,0,2,0.0,0,0,0.0,0,0.000,0,0,0,0.0,0,0,0.0,1,1,1.0,0,0,0.0,0,0,0,0,0,0,6,6,1.0,18,21,0.86,24,47,0.51
s:3301~l:3321~e:600036495~c:401581385,5145681,28,40,0.7,32,104,0.31,9,11,0.82,73,161,0.45,71,159,0.45,0,1,2,0.5,1,1,1.0,0,0,0.0,0,0.000,1,0,0,0.0,0,0,0.0,0,1,0.0,0,0,0.0,0,0,0,0,0,0,9,11,0.82,29,42,0.69,33,106,0.31
s:3301~l:3321~e:600047774~c:401690353,5211225,14,16,0.88,50,84,0.6,6,7,0.86,137,191,0.72,98,144,0.68,0,4,4,1.0,12,19,0.63,0,0,0.0,1,0.000,2,1,0,0.5,2,2,1.0,10,12,0.83,0,0,0.0,0,0,0,0,0,0,6,7,0.86,20,22,0.91,72,115,0.63
s:3301~l:3321~e:600036496~c:401591004,4426305,4,5,0.8,92,211,0.44,5,9,0.56,103,228,0.45,103,228,0.45,1,0,0,0.0,0,0,0.0,0,0,0.0,0,0.000,0,0,0,0.0,0,0,0.0,2,3,0.67,0,0,0.0,0,0,0,0,0,0,5,9,0.56,4,5,0.8,94,214,0.44
s:3301~l:3321~e:600008643~c:401361999,4426305,9,14,0.64,100,181,0.55,13,13,1.0,127,213,0.6,126,212,0.59,0,0,0,0.0,2,2,1.0,0,0,0.0,1,0.000,0,0,0,0.0,0,0,0.0,2,2,1.0,0,0,0.0,0,0,0,0,0,0,13,13,1.0,9,14,0.64,104,185,0.56
s:3301~l:3321~e:401128923~c:268319,4426305,12,15,0.8,73,268,0.27,7,7,1.0,93,292,0.32,92,290,0.32,0,0,0,0.0,0,0,0.0,0,0,0.0,0,0.000,0,0,0,0.0,0,0,0.0,0,0,0.0,0,0,0.0,0,0,0,0,0,0,7,7,1.0,12,15,0.8,73,268,0.27
s:3301~l:3321~e:401128923~c:268321,4426312,20,35,0.57,37,129,0.29,37,41,0.9,110,226,0.49,108,223,0.48,0,1,1,1.0,0,0,0.0,1,1,1.0,0,0.000,5,4,0,0.8,1,1,1.0,11,15,0.73,0,0,0.0,1,0,0,1,0,0,38,42,0.9,22,37,0.59,48,144,0.33
s:3301~l:3321~e:600008644~c:401363912,4863327,22,23,0.96,63,165,0.38,16,17,0.94,121,225,0.54,115,219,0.53,0,6,6,1.0,3,3,1.0,0,0,0.0,0,0.000,2,1,0,0.5,0,0,0.0,5,5,1.0,0,0,0.0,0,0,0,0,0,0,16,17,0.94,28,29,0.97,71,173,0.41
s:3301~l:3321~e:600036498~c:401597252,4884877,5,7,0.71,12,38,0.32,12,14,0.86,29,59,0.49,29,59,0.49,1,0,0,0.0,0,0,0.0,0,0,0.0,0,0.000,0,0,0,0.0,0,0,0.0,0,0,0.0,0,0,0.0,0,0,0,0,0,0,12,14,0.86,5,7,0.71,12,38,0.32
s:3301~l:3321~e:600047780~c:401724479,5212748,4,5,0.8,26,52,0.5,0,0,0.0,46,79,0.58,39,69,0.57,1,3,3,1.0,3,4,0.75,0,0,0.0,0,0.000,1,1,0,1.0,0,0,0.0,3,5,0.6,0,0,0.0,0,0,0,0,0,0,0,0,0.0,7,8,0.88,32,61,0.52
s:3301~l:3321~e:600008642~c:401362150,4710386,0,1,0.0,31,86,0.36,10,16,0.62,166,243,0.68,80,150,0.53,0,4,5,0.8,16,21,0.76,0,0,0.0,0,0.000,3,2,0,0.67,1,1,1.0,18,20,0.9,0,0,0.0,0,0,0,0,0,2,10,16,0.62,5,7,0.71,65,127,0.51
s:3301~l:3321~e:600047776~c:401703290,4239113,0,0,0.0,5,11,0.45,1,1,1.0,11,20,0.55,9,17,0.53,0,2,4,0.5,0,0,0.0,0,0,0.0,0,0.000,3,2,0,0.67,0,0,0.0,1,1,1.0,0,0,0.0,0,0,0,0,0,2,1,1,1.0,2,4,0.5,6,12,0.5
s:3301~l:3321~e:600047777~c:401716183,5212856,1,2,0.5,19,39,0.49,7,7,1.0,29,53,0.55,29,53,0.55,1,1,2,0.5,0,1,0.0,0,0,0.0,0,0.000,0,0,0,0.0,0,0,0.0,1,2,0.5,0,0,0.0,0,0,0,0,0,0,7,7,1.0,2,4,0.5,20,42,0.48
s:3301~l:3321~e:600022209~c:401467662,4921516,0,0,0.0,25,67,0.37,1,1,1.0,26,68,0.38,26,68,0.38,0,0,0,0.0,0,0,0.0,0,0,0.0,0,0.000,1,1,0,1.0,0,0,0.0,0,0,0.0,0,0,0.0,0,0,0,0,0,1,1,1,1.0,0,0,0.0,25,67,0.37
s:3301~l:3321~e:401128926~c:270163,3023804,7,9,0.78,22,67,0.33,3,3,1.0,57,108,0.53,54,105,0.51,1,5,5,1.0,13,15,0.87,0,0,0.0,0,0.000,1,0,0,0.0,0,0,0.0,4,6,0.67,0,0,0.0,0,0,0,0,0,0,3,3,1.0,12,14,0.86,39,88,0.44
s:3301~l:3321~e:600022211~c:401451172,2223033,1,3,0.33,1,6,0.17,1,2,0.5,24,46,0.52,18,37,0.49,0,0,0,0.0,0,0,0.0,0,0,0.0,1,0.000,1,0,0,0.0,0,0,0.0,15,26,0.58,0,0,0.0,0,0,0,0,0,0,1,2,0.5,1,3,0.33,16,32,0.5
s:3301~l:3321~e:401033270~c:265465,2223033,0,2,0.0,4,11,0.36,1,1,1.0,5,14,0.36,5,14,0.36,0,0,0,0.0,0,0,0.0,0,0,0.0,0,0.000,0,0,0,0.0,0,0,0.0,0,0,0.0,0,0,0.0,0,0,0,0,0,0,1,1,1.0,0,2,0.0,4,11,0.36
s:3301~l:3321~e:401033270~c:265464,2984770,8,10,0.8,66,99,0.67,2,3,0.67,84,120,0.7,84,120,0.7,1,1,1,1.0,2,2,1.0,0,0,0.0,0,0.000,0,0,0,0.0,0,0,0.0,5,5,1.0,0,0,0.0,0,0,0,0,0,0,2,3,0.67,9,11,0.82,73,106,0.69
s:3301~l:3321~e:600008641~c:401357137,2959422,13,16,0.81,4,8,0.5,9,9,1.0,138,182,0.76,65,77,0.84,1,7,7,1.0,0,0,0.0,0,0,0.0,1,0.000,1,0,0,0.0,1,1,1.0,31,36,0.86,0,0,0.0,0,0,0,0,0,0,9,9,1.0,21,24,0.88,35,44,0.8
s:3301~l:3321~e:600036492~c:401577731,5143888,0,0,0.0,1,3,0.33,0,0,0.0,41,62,0.66,6,16,0.38,0,0,0,0.0,0,0,0.0,0,0,0.0,0,0.000,1,1,0,1.0,0,0,0.0,5,13,0.38,0,0,0.0,0,0,0,0,0,1,0,0,0.0,0,0,0.0,6,16,0.38
s:3301~l:3321~e:401033282~c:265441,4339145,20,31,0.65,48,115,0.42,6,6,1.0,77,156,0.49,77,155,0.5,0,3,3,1.0,0,0,0.0,0,0,0.0,0,0.000,4,0,0,0.0,0,0,0.0,0,0,0.0,0,0,0.0,0,0,0,0,0,0,6,6,1.0,23,34,0.68,48,115,0.42
s:3301~l:3321~e:600010081~c:401380950,4877915,6,6,1.0,30,48,0.62,3,4,0.75,44,64,0.69,41,61,0.67,1,2,2,1.0,0,1,0.0,0,0,0.0,0,0.000,0,0,0,0.0,0,0,0.0,0,0,0.0,0,0,0.0,0,0,0,0,0,0,3,4,0.75,8,8,1.0,30,49,0.61
s:3301~l:3321~e:600047779~c:401718431,5149961,2,3,0.67,6,14,0.43,3,3,1.0,65,85,0.76,55,72,0.76,0,0,0,0.0,4,5,0.8,0,0,0.0,0,0.000,8,7,0,0.88,0,0,0.0,39,46,0.85,1,1,1.0,0,0,0,0,0,0,4,4,1.0,2,3,0.67,49,65,0.75
s:3301~l:3321~e:401223624~c:401252310,4038116,8,11,0.73,41,90,0.46,15,16,0.94,88,144,0.61,66,122,0.54,1,0,0,0.0,2,4,0.5,0,0,0.0,0,0.000,0,0,0,0.0,0,0,0.0,0,1,0.0,0,0,0.0,0,0,0,0,0,0,15,16,0.94,8,11,0.73,43,95,0.45
s:3301~l:3321~e:600047773~c:401693508,4001837,1,1,1.0,3,8,0.38,0,1,0.0,28,36,0.78,15,23,0.65,1,3,3,1.0,3,3,1.0,1,1,1.0,0,0.000,0,0,0,0.0,0,0,0.0,4,6,0.67,0,0,0.0,0,0,0,0,0,0,1,2,0.5,4,4,1.0,10,17,0.59
s:3301~l:3321~e:600008644~c:401363913,4001837,7,8,0.88,24,39,0.62,11,12,0.92,115,147,0.78,78,106,0.74,0,7,9,0.78,2,3,0.67,0,0,0.0,0,0.000,4,3,0,0.75,5,5,1.0,22,30,0.73,0,0,0.0,0,0,0,0,0,0,11,12,0.92,19,22,0.86,48,72,0.67
s:3301~l:3321~e:401223625~c:401256294,3897242,1,6,0.17,40,143,0.28,1,3,0.33,42,153,0.27,42,153,0.27,0,0,0,0.0,0,1,0.0,0,0,0.0,0,0.000,0,0,0,0.0,0,0,0.0,0,0,0.0,0,0,0.0,0,0,0,0,0,0,1,3,0.33,1,6,0.17,40,144,0.28
s:3301~l:3321~e:600047774~c:401698247,5144006,27,42,0.64,57,142,0.4,14,23,0.61,105,218,0.48,102,215,0.47,0,1,1,1.0,3,7,0.43,0,0,0.0,0,0.000,7,3,0,0.43,0,0,0.0,0,0,0.0,0,0,0.0,0,0,0,0,0,0,14,23,0.61,28,43,0.65,60,149,0.4
s:3301~l:3321~e:600036332~c:401567319,5144006,0,0,0.0,1,3,0.33,1,1,1.0,2,4,0.5,2,4,0.5,0,0,0,0.0,0,0,0.0,0,0,0.0,0,0.000,0,0,0,0.0,0,0,0.0,0,0,0.0,0,0,0.0,0,0,0,0,0,0,1,1,1.0,0,0,0.0,1,3,0.33
s:3301~l:3321~e:600036493~c:401577735,4900808,8,10,0.8,24,68,0.35,4,6,0.67,71,145,0.49,58,129,0.45,0,2,2,1.0,0,1,0.0,0,0,0.0,0,0.000,9,4,0,0.44,0,0,0.0,20,42,0.48,0,0,0.0,0,0,0,0,0,0,4,6,0.67,10,12,0.83,44,111,0.4
s:3301~l:3321~e:401222724~c:401239998,4684474,1,1,1.0,0,3,0.0,0,0,0.0,20,25,0.8,19,23,0.83,0,0,0,0.0,0,0,0.0,0,0,0.0,0,0.000,3,1,0,0.33,0,0,0.0,18,19,0.95,0,0,0.0,2,1,0,0,1,0,0,0,0.0,1,1,1.0,18,22,0.82
s:3301~l:3321~e:600036492~c:401577732,5144320,3,5,0.6,1,6,0.17,0,0,0.0,4,11,0.36,4,11,0.36,0,0,0,0.0,0,0,0.0,0,0,0.0,0,0.000,0,0,0,0.0,0,0,0.0,0,0,0.0,0,0,0.0,0,0,0,0,0,0,0,0,0.0,3,5,0.6,1,6,0.17
s:3301~l:3321~e:600008642~c:401361175,4875506,12,19,0.63,39,147,0.27,12,17,0.71,87,208,0.42,64,185,0.35,0,0,0,0.0,1,2,0.5,0,0,0.0,0,0.000,4,1,0,0.25,0,0,0.0,0,0,0.0,0,0,0.0,0,0,0,0,0,1,12,17,0.71,12,19,0.63,40,149,0.27
s:3301~l:3321~e:401221630~c:401232278,4683395,1,2,0.5,14,43,0.33,9,11,0.82,30,65,0.46,24,58,0.41,0,0,0,0.0,0,2,0.0,0,0,0.0,1,0.000,2,0,0,0.0,0,0,0.0,0,0,0.0,0,0,0.0,0,0,0,0,0,2,9,11,0.82,1,2,0.5,14,45,0.31
s:3301~l:3321~e:400966346~c:265533,4205093,4,6,0.67,21,37,0.57,0,0,0.0,27,45,0.6,27,45,0.6,2,0,0,0.0,2,2,1.0,0,0,0.0,0,0.000,0,0,0,0.0,0,0,0.0,0,0,0.0,0,0,0.0,0,0,0,0,0,0,0,0,0.0,4,6,0.67,23,39,0.59
s:3301~l:3321~e:401033270~c:265467,3943695,19,30,0.63,39,121,0.32,23,29,0.79,87,199,0.44,83,190,0.44,0,0,0,0.0,1,5,0.2,0,0,0.0,0,0.000,3,0,0,0.0,0,1,0.0,1,4,0.25,0,0,0.0,0,0,0,0,0,0,23,29,0.79,19,31,0.61,41,130,0.32
s:3301~l:3321~e:600047773~c:401690352,4738749,0,0,0.0,4,12,0.33,0,0,0.0,51,66,0.77,38,49,0.78,1,11,12,0.92,18,20,0.9,3,3,1.0,0,0.000,3,2,0,0.67,0,0,0.0,1,1,1.0,1,1,1.0,0,0,0,0,0,0,4,4,1.0,11,12,0.92,23,33,0.7
s:3301~l:3321~e:600047624~c:401686960,4691323,5,7,0.71,15,44,0.34,7,7,1.0,28,59,0.47,28,59,0.47,0,0,0,0.0,1,1,1.0,0,0,0.0,0,0.000,1,0,0,0.0,0,0,0.0,0,0,0.0,0,0,0.0,0,0,0,0,0,0,7,7,1.0,5,7,0.71,16,45,0.36
s:3301~l:3321~e:600036495~c:401571754,4691323,3,4,0.75,13,48,0.27,4,5,0.8,20,57,0.35,20,57,0.35,0,0,0,0.0,0,0,0.0,0,0,0.0,0,0.000,0,0,0,0.0,0,0,0.0,0,0,0.0,0,0,0.0,0,0,0,0,0,0,4,5,0.8,3,4,0.75,13,48,0.27
s:3301~l:3321~e:401074498~c:265419,3020408,8,10,0.8,60,92,0.65,16,16,1.0,108,158,0.68,105,154,0.68,0,2,3,0.67,8,11,0.73,0,0,0.0,0,0.000,10,1,0,0.1,0,0,0.0,11,22,0.5,0,0,0.0,0,0,0,0,0,0,16,16,1.0,10,13,0.77,79,125,0.63
s:3301~l:3321~e:401221629~c:401231039,4686565,1,1,1.0,0,0,0.0,0,0,0.0,23,32,0.72,4,8,0.5,0,0,0,0.0,0,0,0.0,0,0,0.0,0,0.000,1,1,0,1.0,1,1,1.0,2,6,0.33,0,0,0.0,3,1,2,0,0,1,0,0,0.0,2,2,1.0,2,6,0.33
s:3301~l:3321~e:600008643~c:401348176,4869426,4,6,0.67,21,72,0.29,10,15,0.67,92,168,0.55,53,121,0.44,0,1,1,1.0,2,6,0.33,0,0,0.0,0,0.000,8,4,0,0.5,0,0,0.0,15,21,0.71,0,0,0.0,0,0,0,0,0,0,10,15,0.67,5,7,0.71,38,99,0.38
s:3301~l:3321~e:401074498~c:265423,3955778,2,3,0.67,13,49,0.27,3,3,1.0,39,92,0.42,36,89,0.4,2,2,3,0.67,0,1,0.0,1,1,1.0,0,0.000,0,0,0,0.0,0,1,0.0,15,28,0.54,0,0,0.0,0,0,0,0,0,0,4,4,1.0,4,7,0.57,28,78,0.36
s:3301~l:3321~e:600036500~c:401604873,5044438,26,30,0.87,38,112,0.34,7,8,0.88,93,181,0.51,80,166,0.48,0,4,5,0.8,5,9,0.56,0,0,0.0,0,0.000,12,7,0,0.58,0,0,0.0,0,1,0.0,0,1,0.0,0,0,0,0,0,1,7,9,0.78,30,35,0.86,43,122,0.35
s:3301~l:3321~e:600021771~c:401463239,5044438,8,20,0.4,51,144,0.35,15,17,0.88,87,202,0.43,74,181,0.41,0,0,0,0.0,0,0,0.0,0,0,0.0,0,0.000,0,0,0,0.0,0,0,0.0,0,0,0.0,0,0,0.0,0,0,0,0,0,1,15,17,0.88,8,20,0.4,51,144,0.35
s:3301~l:3321~e:600010080~c:401370310,3249894,21,32,0.66,32,107,0.3,10,10,1.0,100,199,0.5,77,166,0.46,0,6,6,1.0,6,7,0.86,0,0,0.0,0,0.000,8,0,0,0.0,0,0,0.0,2,4,0.5,0,0,0.0,0,0,0,0,0,1,10,10,1.0,27,38,0.71,40,118,0.34
s:3301~l:3321~e:401223625~c:401256295,4689229,1,2,0.5,2,13,0.15,2,4,0.5,10,25,0.4,10,25,0.4,1,0,0,0.0,0,0,0.0,0,0,0.0,0,0.000,0,0,0,0.0,0,0,0.0,5,6,0.83,0,0,0.0,0,0,0,0,0,0,2,4,0.5,1,2,0.5,7,19,0.37
s:3301~l:3321~e:600008642~c:401361175,4828707,15,24,0.62,87,193,0.45,3,4,0.75,113,232,0.49,108,227,0.48,0,1,1,1.0,1,4,0.25,1,1,1.0,0,0.000,3,0,0,0.0,0,0,0.0,0,0,0.0,0,0,0.0,0,0,0,0,0,0,4,5,0.8,16,25,0.64,88,197,0.45
s:3301~l:3321~e:600022212~c:401451173,5061870,0,0,0.0,1,1,1.0,0,0,0.0,5,7,0.71,5,7,0.71,0,0,0,0.0,0,0,0.0,0,0,0.0,0,0.000,1,1,0,1.0,0,0,0.0,4,6,0.67,0,0,0.0,0,0,0,0,0,1,0,0,0.0,0,0,0.0,5,7,0.71
s:3301~l:3321~e:600021772~c:401460091,5061870,0,0,0.0,0,0,0.0,0,0,0.0,2,3,0.67,2,3,0.67,0,0,0,0.0,0,0,0.0,0,0,0.0,0,0.000,2,2,0,1.0,0,0,0.0,2,3,0.67,0,0,0.0,0,0,0,0,0,2,0,0,0.0,0,0,0.0,2,3,0.67
s:3301~l:3321~e:600022210~c:401482232,5088886,5,5,1.0,51,138,0.37,18,20,0.9,86,178,0.48,81,172,0.47,1,0,0,0.0,7,8,0.88,0,0,0.0,1,0.000,0,0,0,0.0,0,0,0.0,0,1,0.0,0,0,0.0,0,0,0,0,0,0,18,20,0.9,5,5,1.0,58,147,0.39
s:3301~l:3321~e:600036495~c:401581383,5146229,3,6,0.5,6,19,0.32,1,1,1.0,11,31,0.35,11,31,0.35,1,0,0,0.0,0,1,0.0,0,0,0.0,0,0.000,0,0,0,0.0,0,0,0.0,1,4,0.25,0,0,0.0,0,0,0,0,0,0,1,1,1.0,3,6,0.5,7,24,0.29
s:3301~l:3321~e:401128921~c:268457,4249193,2,4,0.5,14,32,0.44,5,5,1.0,51,75,0.68,39,62,0.63,1,4,4,1.0,11,14,0.79,0,0,0.0,0,0.000,0,0,0,0.0,0,0,0.0,3,3,1.0,0,0,0.0,0,0,0,0,0,0,5,5,1.0,6,8,0.75,28,49,0.57
s:3301~l:3321~e:401033284~c:265456,4249193,3,5,0.6,30,82,0.37,5,10,0.5,115,203,0.57,98,183,0.54,0,1,3,0.33,13,16,0.81,0,0,0.0,0,0.000,0,0,0,0.0,0,0,0.0,46,67,0.69,0,0,0.0,1,0,0,1,0,0,5,10,0.5,4,8,0.5,89,165,0.54
s:3301~l:3321~e:400972138~c:265525,4249193,1,3,0.33,9,43,0.21,2,3,0.67,27,71,0.38,17,55,0.31,0,1,2,0.5,0,0,0.0,0,0,0.0,2,0.000,3,0,0,0.0,0,0,0.0,4,4,1.0,0,0,0.0,3,1,1,0,1,0,2,3,0.67,2,5,0.4,13,47,0.28
s:3301~l:3321~e:401222724~c:401239996,2989380,7,7,1.0,3,12,0.25,10,11,0.91,60,88,0.68,27,42,0.64,0,0,0,0.0,0,2,0.0,0,0,0.0,1,0.000,3,2,0,0.67,0,0,0.0,7,10,0.7,0,0,0.0,10,2,1,4,3,7,10,11,0.91,7,7,1.0,10,24,0.42
s:3301~l:3321~e:400966348~c:265549,4063869,2,8,0.25,17,58,0.29,13,16,0.81,78,141,0.55,48,104,0.46,0,4,5,0.8,4,5,0.8,0,0,0.0,0,0.000,7,2,0,0.29,0,0,0.0,8,12,0.67,0,0,0.0,3,2,1,0,0,0,13,16,0.81,6,13,0.46,29,75,0.39
s:3301~l:3321~e:600022207~c:401466055,5077399,4,11,0.36,22,97,0.23,28,34,0.82,78,169,0.46,57,146,0.39,1,0,0,0.0,0,0,0.0,0,0,0.0,0,0.000,3,1,0,0.33,0,0,0.0,3,4,0.75,0,0,0.0,0,0,0,0,0,1,28,34,0.82,4,11,0.36,25,101,0.25
s:3301~l:3321~e:600008640~c:401351343,4881999,4,6,0.67,13,29,0.45,0,0,0.0,37,65,0.57,20,40,0.5,0,0,0,0.0,2,3,0.67,0,0,0.0,0,0.000,0,0,0,0.0,1,1,1.0,0,1,0.0,0,0,0.0,0,0,0,0,0,3,0,0,0.0,5,7,0.71,15,33,0.45
s:3301~l:3321~e:401128922~c:268459,4566991,0,0,0.0,4,12,0.33,0,0,0.0,37,52,0.71,4,12,0.33,1,0,0,0.0,0,0,0.0,0,0,0.0,0,0.000,0,0,0,0.0,0,0,0.0,0,0,0.0,0,0,0.0,0,0,0,0,0,0,0,0,0.0,0,0,0.0,4,12,0.33
s:3301~l:3321~e:401033282~c:265443,4354421,8,11,0.73,8,25,0.32,3,3,1.0,206,284,0.73,81,124,0.65,0,12,13,0.92,1,2,0.5,0,0,0.0,2,0.000,3,0,0,0.0,0,0,0.0,49,70,0.7,0,0,0.0,11,7,2,2,0,3,3,3,1.0,20,24,0.83,58,97,0.6
s:3301~l:3321~e:401033279~c:265477,3955577,8,12,0.67,29,68,0.43,9,10,0.9,57,101,0.56,54,98,0.55,1,4,4,1.0,0,0,0.0,0,0,0.0,0,0.000,1,0,0,0.0,0,0,0.0,4,4,1.0,0,0,0.0,0,0,0,0,0,0,9,10,0.9,12,16,0.75,33,72,0.46
s:3301~l:3321~e:600047774~c:401698248,5138111,10,12,0.83,9,49,0.18,21,23,0.91,64,109,0.59,52,97,0.54,2,4,4,1.0,3,4,0.75,0,0,0.0,0,0.000,2,0,0,0.0,1,1,1.0,4,4,1.0,0,0,0.0,0,0,0,0,0,0,21,23,0.91,15,17,0.88,16,57,0.28
s:3301~l:3321~e:600036494~c:401581402,5138111,9,21,0.43,18,46,0.39,10,16,0.62,74,132,0.56,48,98,0.49,0,0,1,0.0,1,1,1.0,0,0,0.0,0,0.000,8,2,0,0.25,0,0,0.0,10,13,0.77,0,0,0.0,0,0,0,0,0,1,10,16,0.62,9,22,0.41,29,60,0.48
s:3301~l:3321~e:600021773~c:401465219,4374742,3,4,0.75,5,32,0.16,0,1,0.0,62,103,0.6,26,61,0.43,0,9,12,0.75,1,1,1.0,0,0,0.0,0,0.000,1,1,0,1.0,0,0,0.0,8,11,0.73,0,0,0.0,0,0,0,0,0,0,0,1,0.0,12,16,0.75,14,44,0.32
s:3301~l:3321~e:600008640~c:401351343,4422355,4,6,0.67,10,29,0.34,4,4,1.0,59,93,0.63,44,74,0.59,0,1,1,1.0,1,1,1.0,0,0,0.0,0,0.000,4,3,0,0.75,8,9,0.89,16,24,0.67,0,0,0.0,0,0,0,0,0,0,4,4,1.0,13,16,0.81,27,54,0.5
s:3301~l:3321~e:600047778~c:401717097,5153082,5,11,0.45,20,59,0.34,4,5,0.8,69,126,0.55,42,95,0.44,0,1,2,0.5,1,2,0.5,0,0,0.0,0,0.000,0,0,0,0.0,0,0,0.0,11,16,0.69,0,0,0.0,0,0,0,0,0,0,4,5,0.8,6,13,0.46,32,77,0.42
s:3301~l:3321~e:600011551~c:401382498,3936279,7,11,0.64,9,20,0.45,3,4,0.75,77,106,0.73,42,69,0.61,0,4,4,1.0,0,1,0.0,0,0,0.0,0,0.000,5,3,0,0.6,2,2,1.0,17,27,0.63,0,0,0.0,0,0,0,0,0,0,3,4,0.75,13,17,0.76,26,48,0.54
s:3301~l:3321~e:600036497~c:401591072,5139556,2,5,0.4,13,52,0.25,0,0,0.0,66,139,0.47,35,90,0.39,0,2,3,0.67,1,4,0.25,0,0,0.0,0,0.000,24,4,0,0.17,4,4,1.0,13,22,0.59,0,0,0.0,0,0,0,0,0,0,0,0,0.0,8,12,0.67,27,78,0.35
s:3301~l:3321~e:600008641~c:401357139,4396359,0,1,0.0,4,10,0.4,0,0,0.0,10,21,0.48,10,20,0.5,2,3,4,0.75,3,4,0.75,0,0,0.0,0,0.000,0,0,0,0.0,0,0,0.0,0,1,0.0,0,0,0.0,0,0,0,0,0,0,0,0,0.0,3,5,0.6,7,15,0.47
s:3301~l:3321~e:401033281~c:265445,4349153,8,12,0.67,16,38,0.42,10,10,1.0,55,94,0.59,54,93,0.58,1,3,3,1.0,3,6,0.5,0,0,0.0,0,0.000,0,0,0,0.0,0,0,0.0,14,24,0.58,0,0,0.0,0,0,0,0,0,0,10,10,1.0,11,15,0.73,33,68,0.49
s:3301~l:3321~e:600008641~c:401357138,4875505,9,13,0.69,14,70,0.2,19,22,0.86,67,142,0.47,47,114,0.41,0,2,4,0.5,0,0,0.0,0,1,0.0,0,0.000,7,3,0,0.43,0,0,0.0,3,4,0.75,0,0,0.0,0,0,0,0,0,0,19,23,0.83,11,17,0.65,17,74,0.23
s:3301~l:3321~e:600047777~c:401716185,5218421,3,4,0.75,8,17,0.47,0,0,0.0,86,113,0.76,48,67,0.72,1,2,2,1.0,9,11,0.82,0,0,0.0,0,0.000,0,0,0,0.0,2,2,1.0,24,31,0.77,0,0,0.0,0,0,0,0,0,0,0,0,0.0,7,8,0.88,41,59,0.69
s:3301~l:3321~e:600036496~c:401591007,4686723,15,23,0.65,43,99,0.43,6,8,0.75,114,190,0.6,84,152,0.55,0,4,4,1.0,0,0,0.0,0,0,0.0,0,0.000,1,1,0,1.0,2,2,1.0,10,12,0.83,4,4,1.0,0,0,0,0,0,1,10,12,0.83,21,29,0.72,53,111,0.48
s:3301~l:3321~e:600008642~c:401361176,4686723,8,12,0.67,47,108,0.44,5,6,0.83,84,152,0.55,65,132,0.49,0,2,2,1.0,1,2,0.5,0,0,0.0,0,0.000,0,0,0,0.0,0,0,0.0,2,2,1.0,0,0,0.0,0,0,0,0,0,0,5,6,0.83,10,14,0.71,50,112,0.45
s:3301~l:3321~e:401223624~c:401247220,4695736,1,4,0.25,5,13,0.38,4,5,0.8,10,22,0.45,10,22,0.45,1,0,0,0.0,0,0,0.0,0,0,0.0,0,0.000,0,0,0,0.0,0,0,0.0,0,0,0.0,0,0,0.0,0,0,0,0,0,0,4,5,0.8,1,4,0.25,5,13,0.38
s:3301~l:3321~e:600022207~c:401451148,5060505,0,0,0.0,5,11,0.45,0,0,0.0,8,17,0.47,7,13,0.54,0,0,0,0.0,1,1,1.0,0,0,0.0,0,0.000,2,2,0,1.0,0,0,0.0,1,1,1.0,0,0,0.0,0,0,0,0,0,1,0,0,0.0,0,0,0.0,7,13,0.54
s:3301~l:3321~e:400961602~c:237192,3019246,0,0,0.0,0,0,0.0,0,0,0.0,0,0,0.0,0,0,0.0,0,0,0,0.0,0,0,0.0,0,0,0.0,0,0.000,0,0,0,0.0,0,0,0.0,0,0,0.0,0,0,0.0,0,0,0,0,0,0,0,0,0.0,0,0,0.0,0,0,0.0
s:3301~l:3321~e:401033277~c:265482,3887606,0,0,0.0,4,7,0.57,0,0,0.0,4,7,0.57,4,7,0.57,1,0,0,0.0,0,0,0.0,0,0,0.0,0,0.000,0,0,0,0.0,0,0,0.0,0,0,0.0,0,0,0.0,0,0,0,0,0,1,0,0,0.0,0,0,0.0,4,7,0.57
s:3301~l:3321~e:400966347~c:265553,3887606,0,0,0.0,1,2,0.5,0,0,0.0,1,2,0.5,1,2,0.5,0,0,0,0.0,0,0,0.0,0,0,0.0,0,0.000,0,0,0,0.0,0,0,0.0,0,0,0.0,0,0,0.0,0,0,0,0,0,0,0,0,0.0,0,0,0.0,1,2,0.5
s:3301~l:3321~e:600036496~c:401591004,4685730,24,40,0.6,38,229,0.17,6,11,0.55,69,285,0.24,69,285,0.24,0,0,2,0.0,1,3,0.33,0,0,0.0,0,0.000,3,0,0,0.0,0,0,0.0,0,0,0.0,0,0,0.0,0,0,0,0,0,0,6,11,0.55,24,42,0.57,39,232,0.17
s:3301~l:3321~e:600036500~c:401604870,5157669,9,12,0.75,20,44,0.45,16,19,0.84,85,118,0.72,61,92,0.66,0,2,2,1.0,2,2,1.0,0,0,0.0,0,0.000,1,1,0,1.0,0,0,0.0,12,13,0.92,0,0,0.0,0,0,0,0,0,0,16,19,0.84,11,14,0.79,34,59,0.58
s:3301~l:3321~e:600036498~c:401600950,5172179,53,65,0.82,69,159,0.43,10,10,1.0,180,311,0.58,168,294,0.57,0,17,29,0.59,17,29,0.59,2,2,1.0,0,0.000,4,0,0,0.0,0,0,0.0,0,0,0.0,0,0,0.0,0,0,0,0,0,0,12,12,1.0,70,94,0.74,86,188,0.46
s:3301~l:3321~e:600011551~c:401382490,4894791,1,1,1.0,13,27,0.48,1,1,1.0,29,44,0.66,20,35,0.57,1,2,2,1.0,0,1,0.0,0,0,0.0,0,0.000,0,0,0,0.0,0,0,0.0,3,3,1.0,0,0,0.0,0,0,0,0,0,0,1,1,1.0,3,3,1.0,16,31,0.52
s:3301~l:3321~e:600021771~c:401463239,5060394,5,7,0.71,92,208,0.44,4,4,1.0,146,275,0.53,110,232,0.47,0,0,0,0.0,0,1,0.0,0,0,0.0,0,0.000,10,6,0,0.6,0,0,0.0,9,12,0.75,0,0,0.0,0,0,0,0,0,0,4,4,1.0,5,7,0.71,101,221,0.46
s:3301~l:3321~e:400966348~c:265545,4077475,1,1,1.0,12,37,0.32,0,0,0.0,58,92,0.63,35,68,0.51,1,2,3,0.67,8,12,0.67,0,0,0.0,0,0.000,0,0,0,0.0,0,0,0.0,12,15,0.8,0,0,0.0,2,0,2,0,0,1,0,0,0.0,3,4,0.75,32,64,0.5
s:3301~l:3321~e:600022212~c:401483883,5088916,0,5,0.0,15,49,0.31,6,6,1.0,43,84,0.51,25,66,0.38,0,0,1,0.0,4,4,1.0,0,0,0.0,1,0.000,0,0,0,0.0,0,0,0.0,0,1,0.0,0,0,0.0,0,0,0,0,0,2,6,6,1.0,0,6,0.0,19,54,0.35
s:3301~l:3321~e:600008644~c:401363912,4863328,17,20,0.85,52,156,0.33,21,22,0.95,118,229,0.52,96,207,0.46,0,1,1,1.0,5,8,0.62,0,0,0.0,0,0.000,0,0,0,0.0,0,0,0.0,0,0,0.0,0,0,0.0,0,0,0,0,0,0,21,22,0.95,18,21,0.86,57,164,0.35
s:3301~l:3321~e:401222724~c:401239995,4686734,28,36,0.78,35,74,0.47,2,2,1.0,110,167,0.66,102,157,0.65,0,20,22,0.91,16,22,0.73,0,0,0.0,0,0.000,2,0,0,0.0,0,0,0.0,1,1,1.0,0,0,0.0,0,0,0,0,0,0,2,2,1.0,48,58,0.83,52,97,0.54
s:3301~l:3321~e:600036492~c:401577730,4684240,1,1,1.0,12,19,0.63,3,3,1.0,21,29,0.72,21,29,0.72,1,0,0,0.0,0,0,0.0,0,0,0.0,0,0.000,0,0,0,0.0,0,0,0.0,5,6,0.83,0,0,0.0,0,0,0,0,0,0,3,3,1.0,1,1,1.0,17,25,0.68
s:3301~l:3321~e:600011552~c:401382951,4867357,6,8,0.75,5,23,0.22,7,8,0.88,109,155,0.7,70,110,0.64,0,0,0,0.0,1,1,1.0,0,0,0.0,0,0.000,5,3,0,0.6,9,10,0.9,42,60,0.7,0,0,0.0,0,0,0,0,0,1,7,8,0.88,15,18,0.83,48,84,0.57
s:3301~l:3321~e:600036495~c:401592854,5032015,1,1,1.0,4,10,0.4,0,2,0.0,64,75,0.85,22,33,0.67,0,7,8,0.88,5,6,0.83,1,1,1.0,0,0.000,7,2,0,0.29,0,0,0.0,4,5,0.8,0,0,0.0,0,0,0,0,0,1,1,3,0.33,8,9,0.89,13,21,0.62
s:3301~l:3321~e:600021773~c:401465220,5074130,5,8,0.62,20,43,0.47,1,1,1.0,95,134,0.71,53,89,0.6,1,2,3,0.67,9,11,0.82,0,0,0.0,0,0.000,0,0,0,0.0,0,0,0.0,16,23,0.7,0,0,0.0,0,0,0,0,0,0,1,1,1.0,7,11,0.64,45,77,0.58
s:3301~l:3321~e:600022207~c:401466054,5074274,0,0,0.0,5,23,0.22,3,6,0.5,38,68,0.56,24,52,0.46,0,2,4,0.5,0,0,0.0,0,0,0.0,1,0.000,8,3,0,0.38,0,0,0.0,14,19,0.74,0,0,0.0,0,0,0,0,0,1,3,6,0.5,2,4,0.5,19,42,0.45
s:3301~l:3321~e:600047777~c:401690356,5144797,5,8,0.62,54,152,0.36,4,5,0.8,83,188,0.44,75,180,0.42,0,2,2,1.0,5,6,0.83,0,0,0.0,0,0.000,11,5,0,0.45,2,2,1.0,3,5,0.6,0,0,0.0,0,0,0,0,0,1,4,5,0.8,9,12,0.75,62,163,0.38
s:3301~l:3321~e:600047780~c:401724475,5212351,14,17,0.82,30,96,0.31,2,2,1.0,53,123,0.43,48,118,0.41,1,0,1,0.0,1,1,1.0,0,0,0.0,0,0.000,3,0,0,0.0,0,0,0.0,1,1,1.0,0,0,0.0,0,0,0,0,0,0,2,2,1.0,14,18,0.78,32,98,0.33
s:3301~l:3321~e:401074496~c:265428,4371001,2,4,0.5,0,2,0.0,0,0,0.0,3,8,0.38,3,8,0.38,0,0,0,0.0,1,2,0.5,0,0,0.0,0,0.000,0,0,0,0.0,0,0,0.0,0,0,0.0,0,0,0.0,0,0,0,0,0,1,0,0,0.0,2,4,0.5,1,4,0.25
s:3301~l:3321~e:600021772~c:401445835,4565641,3,3,1.0,62,172,0.36,3,4,0.75,71,182,0.39,69,180,0.38,0,1,1,1.0,0,0,0.0,0,0,0.0,0,0.000,2,0,0,0.0,0,0,0.0,0,0,0.0,0,0,0.0,0,0,0,0,0,0,3,4,0.75,4,4,1.0,62,172,0.36
s:3301~l:3321~e:401128926~c:270162,4565641,3,3,1.0,21,36,0.58,0,1,0.0,76,99,0.77,49,66,0.74,0,1,1,1.0,6,7,0.86,0,0,0.0,0,0.000,11,7,0,0.64,0,0,0.0,18,18,1.0,0,0,0.0,3,0,1,0,2,0,0,1,0.0,4,4,1.0,45,61,0.74
s:3301~l:3321~e:401128922~c:268462,4425355,12,14,0.86,45,83,0.54,5,5,1.0,97,144,0.67,93,139,0.67,0,16,18,0.89,4,7,0.57,4,4,1.0,0,0.000,0,0,0,0.0,1,1,1.0,6,7,0.86,0,0,0.0,0,0,0,0,0,0,9,9,1.0,29,33,0.88,55,97,0.57
s:3301~l:3321~e:600008641~c:401357140,3960072,1,3,0.33,14,42,0.33,2,2,1.0,58,99,0.59,31,65,0.48,0,3,5,0.6,1,2,0.5,0,0,0.0,0,0.000,12,5,0,0.42,0,0,0.0,8,9,0.89,2,2,1.0,0,0,0,0,0,0,4,4,1.0,4,8,0.5,23,53,0.43
s:3301~l:3321~e:600047775~c:401711524,5120304,2,5,0.4,10,24,0.42,4,4,1.0,49,91,0.54,22,42,0.52,0,2,2,1.0,4,7,0.57,0,0,0.0,0,0.000,15,10,0,0.67,0,0,0.0,0,0,0.0,0,0,0.0,0,0,0,0,0,2,4,4,1.0,4,7,0.57,14,31,0.45
s:3301~l:3321~e:401221629~c:401231060,4685870,5,5,1.0,4,6,0.67,4,4,1.0,32,36,0.89,32,36,0.89,2,0,0,0.0,0,0,0.0,0,0,0.0,0,0.000,0,0,0,0.0,6,6,1.0,13,15,0.87,0,0,0.0,1,0,1,0,0,0,4,4,1.0,11,11,1.0,17,21,0.81
s:3301~l:3321~e:600008644~c:401348177,4873642,0,0,0.0,8,13,0.62,3,3,1.0,27,34,0.79,18,25,0.72,1,3,3,1.0,3,3,1.0,0,0,0.0,0,0.000,1,0,0,0.0,0,0,0.0,1,3,0.33,0,0,0.0,0,0,0,0,0,0,3,3,1.0,3,3,1.0,12,19,0.63
s:3301~l:3321~e:600022208~c:401467212,5060398,4,4,1.0,5,8,0.62,0,0,0.0,117,152,0.77,19,26,0.73,0,0,0,0.0,1,1,1.0,0,0,0.0,0,0.000,8,4,0,0.5,2,4,0.5,7,9,0.78,0,0,0.0,0,0,0,0,0,0,0,0,0.0,6,8,0.75,13,18,0.72
s:3301~l:3321~e:401128920~c:268448,4423876,0,0,0.0,5,11,0.45,2,2,1.0,42,56,0.75,13,20,0.65,0,0,0,0.0,0,0,0.0,0,0,0.0,0,0.000,1,1,0,1.0,0,0,0.0,6,7,0.86,0,0,0.0,5,1,0,2,2,1,2,2,1.0,0,0,0.0,11,18,0.61
s:3301~l:3321~e:401128922~c:268463,3900088,17,19,0.89,66,94,0.7,8,8,1.0,159,199,0.8,127,161,0.79,0,18,20,0.9,17,18,0.94,0,0,0.0,1,0.000,3,0,0,0.0,0,0,0.0,1,2,0.5,0,0,0.0,0,0,0,0,0,0,8,8,1.0,35,39,0.9,84,114,0.74
s:3301~l:3321~e:401221629~c:401231059,2594871,11,14,0.79,39,65,0.6,7,7,1.0,145,194,0.75,117,156,0.75,1,9,11,0.82,34,41,0.83,0,0,0.0,0,0.000,1,1,0,1.0,0,0,0.0,17,18,0.94,0,0,0.0,0,0,0,0,0,0,7,7,1.0,20,25,0.8,90,124,0.73
s:3301~l:3321~e:600011551~c:401382497,4816066,11,19,0.58,14,68,0.21,0,3,0.0,58,139,0.42,43,120,0.36,0,8,9,0.89,7,14,0.5,0,0,0.0,0,0.000,13,3,0,0.23,0,0,0.0,3,7,0.43,0,0,0.0,0,0,0,0,0,0,0,3,0.0,19,28,0.68,24,89,0.27
s:3301~l:3321~e:600011552~c:401382952,3309918,3,7,0.43,6,31,0.19,0,0,0.0,42,82,0.51,12,43,0.28,0,3,3,1.0,0,2,0.0,0,0,0.0,0,0.000,2,0,0,0.0,0,0,0.0,0,0,0.0,0,0,0.0,0,0,0,0,0,2,0,0,0.0,6,10,0.6,6,33,0.18
s:3301~l:3321~e:600036496~c:401571753,5075748,9,18,0.5,19,58,0.33,12,14,0.86,175,277,0.63,74,136,0.54,2,4,4,1.0,13,18,0.72,0,0,0.0,0,0.000,0,0,0,0.0,4,4,1.0,13,20,0.65,0,0,0.0,0,0,0,0,0,0,12,14,0.86,17,26,0.65,45,96,0.47
s:3301~l:3321~e:600036496~c:401591006,5145497,1,2,0.5,21,52,0.4,2,2,1.0,25,59,0.42,25,59,0.42,2,1,1,1.0,0,2,0.0,0,0,0.0,0,0.000,0,0,0,0.0,0,0,0.0,0,0,0.0,0,0,0.0,0,0,0,0,0,0,2,2,1.0,2,3,0.67,21,54,0.39
s:3301~l:3321~e:600047773~c:401693509,4775129,4,6,0.67,13,65,0.2,9,11,0.82,68,134,0.51,40,102,0.39,1,0,0,0.0,0,0,0.0,0,0,0.0,0,0.000,0,0,0,0.0,0,0,0.0,14,20,0.7,0,0,0.0,0,0,0,0,0,2,9,11,0.82,4,6,0.67,27,85,0.32
s:3301~l:3321~e:600036500~c:401571749,4775129,3,3,1.0,4,19,0.21,0,0,0.0,7,22,0.32,7,22,0.32,0,0,0,0.0,0,0,0.0,0,0,0.0,0,0.000,0,0,0,0.0,0,0,0.0,0,0,0.0,0,0,0.0,0,0,0,0,0,0,0,0,0.0,3,3,1.0,4,19,0.21
s:3301~l:3321~e:401128920~c:268449,3955820,0,0,0.0,0,0,0.0,0,0,0.0,0,0,0.0,0,0,0.0,0,0,0,0.0,0,0,0.0,0,0,0.0,0,0.000,0,0,0,0.0,0,0,0.0,0,0,0.0,0,0,0.0,0,0,0,0,0,0,0,0,0.0,0,0,0.0,0,0,0.0
s:3301~l:3321~e:400966347~c:265557,4074001,3,4,0.75,32,88,0.36,5,5,1.0,64,134,0.48,54,121,0.45,1,0,1,0.0,1,3,0.33,1,1,1.0,0,0.167,6,4,1,0.67,0,0,0.0,12,19,0.63,0,0,0.0,3,2,1,0,0,3,6,6,1.0,3,5,0.6,45,110,0.41
s:3301~l:3321~e:600022211~c:401483871,5077131,2,3,0.67,4,8,0.5,2,2,1.0,16,26,0.62,16,26,0.62,1,1,1,1.0,3,3,1.0,0,0,0.0,0,0.000,0,0,0,0.0,0,0,0.0,4,9,0.44,0,0,0.0,0,0,0,0,0,0,2,2,1.0,3,4,0.75,11,20,0.55
s:3301~l:3321~e:600036499~c:401571750,4293183,1,6,0.17,2,10,0.2,4,5,0.8,13,30,0.43,9,26,0.35,0,0,0,0.0,0,0,0.0,0,0,0.0,0,0.000,2,1,0,0.5,0,0,0.0,1,4,0.25,1,1,1.0,0,0,0,0,0,2,5,6,0.83,1,6,0.17,3,14,0.21
s:3301~l:3321~e:400966348~c:265546,4237015,1,2,0.5,1,4,0.25,0,0,0.0,15,27,0.56,14,25,0.56,1,0,0,0.0,4,4,1.0,0,0,0.0,0,0.000,0,0,0,0.0,0,0,0.0,8,15,0.53,0,0,0.0,0,0,0,0,0,0,0,0,0.0,1,2,0.5,13,23,0.57
s:3301~l:3321~e:600047781~c:401728707,5147552,1,2,0.5,0,1,0.0,0,0,0.0,1,3,0.33,1,3,0.33,0,0,0,0.0,0,0,0.0,0,0,0.0,0,0.000,0,0,0,0.0,0,0,0.0,0,0,0.0,0,0,0.0,0,0,0,0,0,0,0,0,0.0,1,2,0.5,0,1,0.0
s:3301~l:3321~e:600047781~c:401728887,5195917,10,15,0.67,36,111,0.32,3,3,1.0,137,252,0.54,64,153,0.42,0,9,12,0.75,4,10,0.4,0,0,0.0,0,0.000,20,10,0,0.5,0,0,0.0,2,2,1.0,0,0,0.0,0,0,0,0,0,0,3,3,1.0,19,27,0.7,42,123,0.34
s:3301~l:3321~e:600047774~c:401708027,5195917,6,8,0.75,11,37,0.3,0,0,0.0,71,122,0.58,32,67,0.48,0,5,6,0.83,8,9,0.89,0,0,0.0,0,0.000,16,6,0,0.38,0,0,0.0,2,7,0.29,0,0,0.0,0,0,0,0,0,0,0,0,0.0,11,14,0.79,21,53,0.4
s:3301~l:3321~e:600047781~c:401724507,5223853,5,6,0.83,26,54,0.48,11,18,0.61,68,108,0.63,54,92,0.59,0,6,6,1.0,6,8,0.75,0,0,0.0,1,0.000,3,0,0,0.0,0,0,0.0,0,0,0.0,0,0,0.0,0,0,0,0,0,0,11,18,0.61,11,12,0.92,32,62,0.52
s:3301~l:3321~e:600047781~c:401721187,5236142,0,0,0.0,0,3,0.0,0,0,0.0,3,9,0.33,1,4,0.25,0,1,1,1.0,0,0,0.0,0,0,0.0,1,0.000,2,1,0,0.5,0,0,0.0,0,0,0.0,0,0,0.0,0,0,0,0,0,1,0,0,0.0,1,1,1.0,0,3,0.0
s:3301~l:3321~e:401221630~c:401232278,4565671,2,2,1.0,21,60,0.35,0,0,0.0,87,151,0.58,47,95,0.49,0,1,1,1.0,1,2,0.5,0,0,0.0,0,0.000,1,1,0,1.0,1,1,1.0,21,29,0.72,0,0,0.0,4,1,2,0,1,0,0,0,0.0,4,4,1.0,43,91,0.47
s:3301~l:3321~e:600047773~c:401693511,5001014,3,3,1.0,11,29,0.38,5,5,1.0,40,58,0.69,27,45,0.6,1,1,1,1.0,1,1,1.0,0,0,0.0,0,0.000,4,1,0,0.25,0,0,0.0,6,6,1.0,0,0,0.0,0,0,0,0,0,1,5,5,1.0,4,4,1.0,18,36,0.5
s:3301~l:3321~e:600036500~c:401606729,5146278,0,1,0.0,2,3,0.67,1,1,1.0,14,21,0.67,8,15,0.53,1,1,1,1.0,1,5,0.2,0,0,0.0,0,0.000,0,0,0,0.0,0,0,0.0,3,4,0.75,0,0,0.0,0,0,0,0,0,0,1,1,1.0,1,2,0.5,6,12,0.5
s:3301~l:3321~e:600047780~c:401690359,5217935,3,3,1.0,7,8,0.88,0,0,0.0,28,34,0.82,17,20,0.85,1,4,4,1.0,2,4,0.5,0,0,0.0,0,0.000,2,0,0,0.0,0,0,0.0,1,1,1.0,0,0,0.0,0,0,0,0,0,0,0,0,0.0,7,7,1.0,10,13,0.77
s:3301~l:3321~e:600055007~c:401808386,5193167,0,0,0.0,0,1,0.0,0,0,0.0,0,1,0.0,0,1,0.0,0,0,0,0.0,0,0,0.0,0,0,0.0,0,0.000,3,0,0,0.0,0,0,0.0,0,0,0.0,0,0,0.0,0,0,0,0,0,0,0,0,0.0,0,0,0.0,0,1,0.0
s:3301~l:3321~e:600047780~c:401724475,5193167,4,9,0.44,39,105,0.37,5,5,1.0,49,123,0.4,48,122,0.39,0,0,0,0.0,0,2,0.0,0,0,0.0,0,0.000,1,0,0,0.0,0,0,0.0,0,1,0.0,0,0,0.0,0,0,0,0,0,0,5,5,1.0,4,9,0.44,39,108,0.36
s:3301~l:3321~e:600047780~c:401724481,5218814,10,13,0.77,67,246,0.27,4,6,0.67,95,287,0.33,87,276,0.32,0,2,2,1.0,4,9,0.44,0,0,0.0,0,0.000,1,0,0,0.0,0,0,0.0,0,0,0.0,0,0,0.0,0,0,0,0,0,0,4,6,0.67,12,15,0.8,71,255,0.28
s:3301~l:3321~e:600047779~c:401718430,5081274,6,23,0.26,6,33,0.18,11,13,0.85,24,71,0.34,23,69,0.33,0,0,0,0.0,0,0,0.0,0,0,0.0,0,0.000,1,0,0,0.0,0,0,0.0,0,0,0.0,0,0,0.0,0,0,0,0,0,0,11,13,0.85,6,23,0.26,6,33,0.18
s:3301~l:3321~e:600047779~c:401690358,5125484,7,10,0.7,22,67,0.33,0,0,0.0,40,94,0.43,37,88,0.42,0,4,5,0.8,4,6,0.67,0,0,0.0,0,0.000,6,2,0,0.33,0,0,0.0,0,0,0.0,0,0,0.0,0,0,0,0,0,0,0,0,0.0,11,15,0.73,26,73,0.36
s:3301~l:3321~e:600047779~c:401718429,5235875,6,8,0.75,38,127,0.3,0,1,0.0,47,140,0.34,46,139,0.33,0,1,2,0.5,1,1,1.0,0,0,0.0,0,0.000,3,0,0,0.0,0,0,0.0,0,0,0.0,0,0,0.0,0,0,0,0,0,0,0,1,0.0,7,10,0.7,39,128,0.3
s:3301~l:3321~e:600047779~c:401718428,5130607,0,0,0.0,0,3,0.0,0,0,0.0,2,5,0.4,0,3,0.0,0,0,0,0.0,0,0,0.0,0,0,0.0,0,0.000,0,0,0,0.0,0,0,0.0,0,0,0.0,0,0,0.0,0,0,0,0,0,0,0,0,0.0,0,0,0.0,0,3,0.0
s:3301~l:3321~e:600047779~c:401718431,5150152,4,4,1.0,1,13,0.08,6,7,0.86,13,26,0.5,11,24,0.46,0,0,0,0.0,0,0,0.0,0,0,0.0,0,0.000,0,0,0,0.0,0,0,0.0,0,0,0.0,0,0,0.0,0,0,0,0,0,0,6,7,0.86,4,4,1.0,1,13,0.08
s:3301~l:3321~e:401033284~c:265455,4354423,0,0,0.0,4,9,0.44,1,1,1.0,41,55,0.75,36,48,0.75,0,2,2,1.0,0,0,0.0,0,0,0.0,0,0.000,4,3,0,0.75,0,0,0.0,29,36,0.81,0,0,0.0,4,0,2,2,0,1,1,1,1.0,2,2,1.0,33,45,0.73
s:3301~l:3321~e:600008640~c:401351344,4713584,29,42,0.69,29,78,0.37,14,16,0.88,178,271,0.66,100,173,0.58,0,11,15,0.73,6,8,0.75,0,0,0.0,0,0.000,8,4,0,0.5,1,1,1.0,10,13,0.77,0,0,0.0,0,0,0,0,0,0,14,16,0.88,41,58,0.71,45,99,0.45
s:3301~l:3321~e:600047778~c:401690357,5216851,0,0,0.0,5,18,0.28,7,7,1.0,12,26,0.46,12,26,0.46,1,0,0,0.0,0,0,0.0,0,0,0.0,0,0.000,0,0,0,0.0,0,0,0.0,0,1,0.0,0,0,0.0,0,0,0,0,0,1,7,7,1.0,0,0,0.0,5,19,0.26
s:3301~l:3321~e:600047778~c:401717097,4082400,7,7,1.0,20,56,0.36,4,5,0.8,75,137,0.55,47,97,0.48,1,0,0,0.0,2,4,0.5,0,0,0.0,0,0.000,5,2,0,0.4,0,0,0.0,14,25,0.56,0,0,0.0,0,0,0,0,0,0,4,5,0.8,7,7,1.0,36,85,0.42
s:3301~l:3321~e:600047778~c:401717098,5220883,1,1,1.0,3,17,0.18,5,5,1.0,35,63,0.56,17,38,0.45,0,1,1,1.0,1,1,1.0,0,0,0.0,0,0.000,4,2,0,0.5,0,0,0.0,6,13,0.46,0,0,0.0,0,0,0,0,0,0,5,5,1.0,2,2,1.0,10,31,0.32
s:3301~l:3321~e:600055007~c:401808384,5222338,0,1,0.0,0,5,0.0,3,3,1.0,3,9,0.33,3,9,0.33,0,0,0,0.0,0,0,0.0,0,0,0.0,0,0.000,0,0,0,0.0,0,0,0.0,0,0,0.0,0,0,0.0,0,0,0,0,0,0,3,3,1.0,0,1,0.0,0,5,0.0
s:3301~l:3321~e:600047778~c:401717099,5222338,0,0,0.0,8,43,0.19,4,5,0.8,14,51,0.27,14,51,0.27,0,1,1,1.0,1,2,0.5,0,0,0.0,0,0.000,0,0,0,0.0,0,0,0.0,0,0,0.0,0,0,0.0,0,0,0,0,0,0,4,5,0.8,1,1,1.0,9,45,0.2
s:3301~l:3321~e:600047777~c:401716183,5212857,1,1,1.0,15,42,0.36,1,1,1.0,19,47,0.4,19,46,0.41,0,1,1,1.0,1,1,1.0,0,0,0.0,0,0.000,0,0,0,0.0,0,0,0.0,0,0,0.0,0,0,0.0,0,0,0,0,0,0,1,1,1.0,2,2,1.0,16,43,0.37
s:3301~l:3321~e:600047777~c:401716184,5218815,5,11,0.45,51,100,0.51,6,6,1.0,101,168,0.6,68,124,0.55,0,2,2,1.0,2,3,0.67,0,0,0.0,0,0.000,10,6,0,0.6,0,0,0.0,2,2,1.0,0,0,0.0,0,0,0,0,0,0,6,6,1.0,7,13,0.54,55,105,0.52
s:3301~l:3321~e:600047777~c:401716185,5218420,0,2,0.0,1,4,0.25,0,0,0.0,14,31,0.45,11,25,0.44,0,0,0,0.0,0,0,0.0,0,0,0.0,0,0.000,11,1,0,0.09,0,0,0.0,10,19,0.53,0,0,0.0,0,0,0,0,0,0,0,0,0.0,0,2,0.0,11,23,0.48
s:3301~l:3321~e:600047777~c:401716186,4935217,10,12,0.83,21,47,0.45,0,0,0.0,84,117,0.72,56,87,0.64,1,0,0,0.0,17,17,1.0,0,0,0.0,0,0.000,0,0,0,0.0,0,0,0.0,8,11,0.73,0,0,0.0,0,0,0,0,0,0,0,0,0.0,10,12,0.83,46,75,0.61
s:3301~l:3321~e:600036497~c:401591069,4935217,4,9,0.44,10,18,0.56,3,3,1.0,17,30,0.57,17,30,0.57,0,0,0,0.0,0,0,0.0,0,0,0.0,0,0.000,0,0,0,0.0,0,0,0.0,0,0,0.0,0,0,0.0,0,0,0,0,0,0,3,3,1.0,4,9,0.44,10,18,0.56
s:3301~l:3321~e:600047776~c:401715288,5228275,6,6,1.0,13,35,0.37,4,5,0.8,26,50,0.52,25,49,0.51,0,1,1,1.0,1,2,0.5,0,0,0.0,0,0.000,2,0,0,0.0,0,0,0.0,0,0,0.0,0,0,0.0,0,0,0,0,0,0,4,5,0.8,7,7,1.0,14,37,0.38
s:3301~l:3321~e:600047776~c:401703289,5212853,8,8,1.0,29,50,0.58,2,2,1.0,85,114,0.75,68,94,0.72,0,22,25,0.88,7,9,0.78,0,0,0.0,0,0.000,16,4,0,0.25,0,0,0.0,0,0,0.0,0,0,0.0,0,0,0,0,0,0,2,2,1.0,30,33,0.91,36,59,0.61
s:3301~l:3321~e:600047775~c:401690354,5214599,13,21,0.62,20,76,0.26,9,12,0.75,69,144,0.48,50,117,0.43,0,5,5,1.0,2,2,1.0,1,1,1.0,0,0.000,2,1,0,0.5,0,0,0.0,0,0,0.0,0,0,0.0,0,0,0,0,0,0,10,13,0.77,18,26,0.69,22,78,0.28
s:3301~l:3321~e:600047775~c:401699794,5157667,33,43,0.77,29,75,0.39,8,12,0.67,100,171,0.58,81,146,0.55,0,3,3,1.0,7,11,0.64,0,0,0.0,0,0.000,22,9,0,0.41,0,0,0.0,1,2,0.5,0,0,0.0,0,0,0,0,0,1,8,12,0.67,36,46,0.78,37,88,0.42
s:3301~l:3321~e:600047774~c:401690353,4705665,6,12,0.5,13,36,0.36,12,14,0.86,63,110,0.57,45,86,0.52,0,0,0,0.0,5,9,0.56,0,0,0.0,1,0.000,5,1,0,0.2,0,0,0.0,9,15,0.6,0,0,0.0,0,0,0,0,0,0,12,14,0.86,6,12,0.5,27,60,0.45
s:3301~l:3321~e:600047774~c:401698248,5013686,12,19,0.63,17,58,0.29,0,3,0.0,36,89,0.4,30,81,0.37,0,0,0,0.0,1,1,1.0,0,0,0.0,0,0.000,0,0,0,0.0,0,0,0.0,0,0,0.0,0,0,0.0,0,0,0,0,0,0,0,3,0.0,12,19,0.63,18,59,0.31
s:3301~l:3321~e:600047774~c:401698249,4421157,4,9,0.44,9,27,0.33,6,6,1.0,19,43,0.44,19,42,0.45,0,0,0,0.0,0,0,0.0,0,0,0.0,0,0.000,1,0,0,0.0,0,0,0.0,0,0,0.0,0,0,0.0,0,0,0,0,0,0,6,6,1.0,4,9,0.44,9,27,0.33
s:3301~l:3321~e:600036499~c:401597253,5157817,3,5,0.6,13,70,0.19,0,2,0.0,48,116,0.41,24,91,0.26,0,1,2,0.5,3,6,0.5,0,0,0.0,0,0.000,1,0,0,0.0,0,0,0.0,4,6,0.67,0,0,0.0,0,0,0,0,0,0,0,2,0.0,4,7,0.57,20,82,0.24
s:3301~l:3321~e:600047773~c:401690352,5212851,2,2,1.0,7,17,0.41,0,0,0.0,43,64,0.67,26,46,0.57,0,15,20,0.75,2,7,0.29,0,0,0.0,0,0.000,1,0,0,0.0,0,0,0.0,0,0,0.0,0,0,0.0,0,0,0,0,0,0,0,0,0.0,17,22,0.77,9,24,0.38
s:3301~l:3321~e:600047773~c:401693509,4245470,8,10,0.8,14,41,0.34,6,6,1.0,71,108,0.66,29,60,0.48,0,0,0,0.0,0,1,0.0,0,0,0.0,0,0.000,8,1,0,0.12,0,0,0.0,1,2,0.5,0,0,0.0,0,0,0,0,0,1,6,6,1.0,8,10,0.8,15,44,0.34
s:3301~l:3321~e:600047779~c:401718428,4050996,0,0,0.0,1,1,1.0,0,0,0.0,49,51,0.96,35,35,1.0,0,0,0,0.0,0,0,0.0,0,0,0.0,0,0.000,1,1,0,1.0,0,0,0.0,34,34,1.0,0,0,0.0,0,0,0,0,0,1,0,0,0.0,0,0,0.0,35,35,1.0
s:3301~l:3321~e:600047773~c:401693510,4050996,0,0,0.0,15,31,0.48,0,0,0.0,50,84,0.6,28,53,0.53,0,0,0,0.0,3,5,0.6,0,0,0.0,0,0.000,14,10,0,0.71,0,0,0.0,10,17,0.59,0,0,0.0,0,0,0,0,0,0,0,0,0.0,0,0,0.0,28,53,0.53
s:3301~l:3321~e:600036500~c:401604871,4050996,0,1,0.0,2,4,0.5,0,0,0.0,31,49,0.63,7,12,0.58,0,0,0,0.0,1,1,1.0,0,0,0.0,0,0.000,11,7,0,0.64,0,0,0.0,4,6,0.67,0,0,0.0,0,0,0,0,0,2,0,0,0.0,0,1,0.0,7,11,0.64
s:3301~l:3321~e:401128924~c:269716,3089633,0,1,0.0,1,4,0.25,0,0,0.0,5,12,0.42,5,11,0.45,0,3,5,0.6,0,0,0.0,1,1,1.0,0,0.000,0,0,0,0.0,0,0,0.0,0,0,0.0,0,0,0.0,0,0,0,0,0,1,1,1,1.0,3,6,0.5,1,4,0.25
s:3301~l:3321~e:600047624~c:401703013,4295666,18,32,0.56,23,62,0.37,8,8,1.0,63,120,0.52,58,113,0.51,0,7,7,1.0,2,4,0.5,0,0,0.0,0,0.000,0,0,0,0.0,0,0,0.0,0,0,0.0,0,0,0.0,0,0,0,0,0,0,8,8,1.0,25,39,0.64,25,66,0.38
s:3301~l:3321~e:600047624~c:401703014,5212749,8,12,0.67,13,31,0.42,4,4,1.0,32,57,0.56,27,52,0.52,0,0,0,0.0,1,3,0.33,0,0,0.0,2,0.000,3,0,0,0.0,1,1,1.0,0,1,0.0,0,0,0.0,0,0,0,0,0,0,4,4,1.0,9,13,0.69,14,35,0.4
s:3301~l:3321~e:600055006~c:401805485,5200305,8,9,0.89,8,41,0.2,1,6,0.17,53,106,0.5,24,68,0.35,0,1,1,1.0,2,6,0.33,0,0,0.0,0,0.000,8,2,0,0.25,0,0,0.0,4,5,0.8,0,0,0.0,0,0,0,0,0,0,1,6,0.17,9,10,0.9,14,52,0.27
s:3301~l:3321~e:600047624~c:401686962,5200305,0,1,0.0,6,22,0.27,4,4,1.0,10,27,0.37,10,27,0.37,0,0,0,0.0,0,0,0.0,0,0,0.0,0,0.000,0,0,0,0.0,0,0,0.0,0,0,0.0,0,0,0.0,0,0,0,0,0,0,4,4,1.0,0,1,0.0,6,22,0.27
s:3301~l:3321~e:600036492~c:401577732,4878592,2,3,0.67,2,6,0.33,1,1,1.0,13,20,0.65,13,20,0.65,1,0,0,0.0,0,0,0.0,0,0,0.0,0,0.000,0,0,0,0.0,0,0,0.0,8,10,0.8,0,0,0.0,0,0,0,0,0,0,1,1,1.0,2,3,0.67,10,16,0.62
s:3301~l:3321~e:401033270~c:265463,3948876,0,0,0.0,1,2,0.5,0,0,0.0,7,8,0.88,7,8,0.88,0,0,0,0.0,0,0,0.0,0,0,0.0,0,0.000,0,0,0,0.0,0,0,0.0,6,6,1.0,0,0,0.0,0,0,0,0,0,0,0,0,0.0,0,0,0.0,7,8,0.88
s:3301~l:3321~e:400966347~c:265556,3948876,0,0,0.0,6,29,0.21,2,2,1.0,9,33,0.27,9,33,0.27,0,1,1,1.0,0,1,0.0,0,0,0.0,0,0.000,2,0,0,0.0,0,0,0.0,0,0,0.0,0,0,0.0,0,0,0,0,0,0,2,2,1.0,1,1,1.0,6,30,0.2
s:3301~l:3321~e:401033277~c:265481,3957071,8,16,0.5,17,34,0.5,2,2,1.0,39,69,0.57,38,65,0.58,0,0,0,0.0,7,7,1.0,1,1,1.0,0,0.000,1,0,0,0.0,0,0,0.0,3,5,0.6,0,0,0.0,1,0,1,0,0,0,3,3,1.0,8,16,0.5,27,46,0.59
s:3301~l:3321~e:600036497~c:401591069,4868702,4,5,0.8,19,47,0.4,3,4,0.75,28,60,0.47,27,58,0.47,0,0,1,0.0,1,1,1.0,0,0,0.0,0,0.000,1,1,0,1.0,0,0,0.0,0,0,0.0,0,0,0.0,0,0,0,0,0,1,3,4,0.75,4,6,0.67,20,48,0.42
s:3301~l:3321~e:401128917~c:268441,4076472,19,26,0.73,97,215,0.45,14,16,0.88,163,293,0.56,147,276,0.53,0,9,10,0.9,6,6,1.0,2,3,0.67,0,0.000,2,0,0,0.0,0,0,0.0,0,0,0.0,0,0,0.0,0,0,0,0,0,0,16,19,0.84,28,36,0.78,103,221,0.47
s:3301~l:3321~e:600036492~c:401579129,5027356,6,8,0.75,4,18,0.22,2,3,0.67,70,95,0.74,26,50,0.52,0,5,6,0.83,2,3,0.67,1,1,1.0,0,0.000,0,0,0,0.0,1,1,1.0,5,10,0.5,0,0,0.0,0,0,0,0,0,1,3,4,0.75,12,15,0.8,11,31,0.35
s:3301~l:3321~e:401128923~c:268320,4426285,4,6,0.67,19,55,0.35,4,4,1.0,64,112,0.57,39,80,0.49,0,6,6,1.0,0,1,0.0,1,1,1.0,2,0.000,1,0,0,0.0,1,2,0.5,4,5,0.8,0,0,0.0,0,0,0,0,0,0,5,5,1.0,11,14,0.79,23,61,0.38
s:3301~l:3321~e:600022207~c:401466053,4358252,0,0,0.0,0,0,0.0,0,0,0.0,1,1,1.0,1,1,1.0,0,0,0,0.0,0,0,0.0,0,0,0.0,0,0.000,0,0,0,0.0,1,1,1.0,0,0,0.0,0,0,0.0,0,0,0,0,0,0,0,0,0.0,1,1,1.0,0,0,0.0
s:3301~l:3321~e:600010081~c:401370333,4406574,0,0,0.0,4,5,0.8,1,1,1.0,73,83,0.88,23,26,0.88,1,3,3,1.0,1,2,0.5,14,15,0.93,0,0.000,1,0,0,0.0,0,0,0.0,0,0,0.0,0,0,0.0,0,0,0,0,0,0,15,16,0.94,3,3,1.0,5,7,0.71
s:3301~l:3321~e:600022210~c:401482233,4684776,5,7,0.71,1,4,0.25,0,0,0.0,7,12,0.58,7,12,0.58,0,1,1,1.0,0,0,0.0,0,0,0.0,0,0.000,3,1,0,0.33,0,0,0.0,0,0,0.0,0,0,0.0,0,0,0,0,0,1,0,0,0.0,6,8,0.75,1,4,0.25
s:3301~l:3321~e:401128919~c:268447,4010864,0,1,0.0,43,89,0.48,0,0,0.0,119,178,0.67,73,128,0.57,1,1,1,1.0,8,10,0.8,0,0,0.0,0,0.000,4,3,0,0.75,6,6,1.0,15,21,0.71,0,0,0.0,6,0,4,0,2,0,0,0,0.0,7,8,0.88,66,120,0.55
s:3301~l:3321~e:600021773~c:401465218,4360028,6,7,0.86,3,9,0.33,4,5,0.8,81,105,0.77,50,71,0.7,0,4,6,0.67,0,3,0.0,0,0,0.0,6,0.000,1,1,0,1.0,0,1,0.0,33,40,0.82,0,0,0.0,0,0,0,0,0,1,4,5,0.8,10,14,0.71,36,52,0.69
s:3301~l:3321~e:401222724~c:401239997,4360028,2,8,0.25,5,12,0.42,2,2,1.0,47,71,0.66,15,32,0.47,0,1,1,1.0,2,5,0.4,0,0,0.0,2,0.000,1,0,0,0.0,0,0,0.0,3,4,0.75,0,0,0.0,0,0,0,0,0,0,2,2,1.0,3,9,0.33,10,21,0.48
s:3301~l:3321~e:400961602~c:237190,3928693,24,49,0.49,31,160,0.19,32,46,0.7,130,312,0.42,110,291,0.38,0,11,18,0.61,11,17,0.65,1,1,1.0,0,0.000,5,0,0,0.0,0,0,0.0,0,0,0.0,0,0,0.0,0,0,0,0,0,0,33,47,0.7,35,67,0.52,42,177,0.24
s:3301~l:3321~e:600036493~c:401571756,5143223,5,6,0.83,1,4,0.25,2,3,0.67,8,13,0.62,8,13,0.62,0,0,0,0.0,0,0,0.0,0,0,0.0,0,0.000,0,0,0,0.0,0,0,0.0,0,0,0.0,0,0,0.0,0,0,0,0,0,1,2,3,0.67,5,6,0.83,1,4,0.25
s:3301~l:3321~e:401128917~c:268439,4423214,14,17,0.82,28,101,0.28,4,5,0.8,106,192,0.55,47,126,0.37,0,0,0,0.0,0,1,0.0,0,0,0.0,0,0.000,4,3,0,0.75,0,0,0.0,1,2,0.5,0,0,0.0,2,0,2,0,0,0,4,5,0.8,14,17,0.82,29,104,0.28
s:3301~l:3321~e:600021771~c:401463238,4869425,16,24,0.67,42,125,0.34,8,9,0.89,94,194,0.48,79,175,0.45,3,6,6,1.0,3,4,0.75,0,0,0.0,0,0.000,1,0,0,0.0,0,0,0.0,4,7,0.57,0,0,0.0,0,0,0,0,0,0,8,9,0.89,22,30,0.73,49,136,0.36
s:3301~l:3321~e:600036332~c:401567319,5144007,5,6,0.83,3,8,0.38,1,1,1.0,16,27,0.59,13,24,0.54,2,0,0,0.0,0,0,0.0,0,0,0.0,0,0.000,0,0,0,0.0,0,0,0.0,4,9,0.44,0,0,0.0,0,0,0,0,0,0,1,1,1.0,5,6,0.83,7,17,0.41
s:3301~l:3321~e:600008643~c:401362000,4875509,22,28,0.79,21,60,0.35,30,31,0.97,99,146,0.68,91,138,0.66,0,7,7,1.0,7,8,0.88,4,4,1.0,0,0.000,1,0,0,0.0,0,0,0.0,0,0,0.0,0,0,0.0,0,0,0,0,0,1,34,35,0.97,29,35,0.83,28,68,0.41
s:3301~l:3321~e:600022208~c:401467211,4689965,0,0,0.0,0,1,0.0,0,0,0.0,8,12,0.67,0,2,0.0,0,0,0,0.0,0,0,0.0,0,0,0.0,0,0.000,4,2,0,0.5,0,0,0.0,0,1,0.0,0,0,0.0,0,0,0,0,0,1,0,0,0.0,0,0,0.0,0,2,0.0
s:3301~l:3321~e:600022209~c:401451170,5060483,2,3,0.67,29,65,0.45,0,0,0.0,52,95,0.55,42,84,0.5,1,0,0,0.0,0,0,0.0,0,0,0.0,1,0.000,0,0,0,0.0,1,1,1.0,10,15,0.67,0,0,0.0,0,0,0,0,0,0,0,0,0.0,3,4,0.75,39,80,0.49
s:3301~l:3321~e:600036498~c:401600950,5149147,27,41,0.66,112,299,0.37,9,9,1.0,208,440,0.47,184,405,0.45,0,12,16,0.75,24,40,0.6,0,0,0.0,0,0.000,2,1,0,0.5,0,0,0.0,0,0,0.0,0,0,0.0,0,0,0,0,0,0,9,9,1.0,39,57,0.68,136,339,0.4
s:3301~l:3321~e:400968458~c:238654,3155425,0,0,0.0,6,29,0.21,3,5,0.6,15,41,0.37,13,39,0.33,0,2,2,1.0,2,3,0.67,0,0,0.0,0,0.000,0,0,0,0.0,0,0,0.0,0,0,0.0,0,0,0.0,0,0,0,0,0,1,3,5,0.6,2,2,1.0,8,32,0.25
s:3301~l:3321~e:600036332~c:401567320,5007668,40,45,0.89,32,69,0.46,20,20,1.0,156,211,0.74,121,173,0.7,0,10,12,0.83,7,11,0.64,12,16,0.75,0,0.000,0,0,0,0.0,0,0,0.0,0,0,0.0,0,0,0.0,0,0,0,0,0,0,32,36,0.89,50,57,0.88,39,80,0.49
s:3301~l:3321~e:600011553~c:401379701,4895360,13,37,0.35,23,110,0.21,12,17,0.71,56,173,0.32,49,166,0.3,0,0,0,0.0,1,2,0.5,0,0,0.0,0,0.000,0,0,0,0.0,0,0,0.0,0,0,0.0,0,0,0.0,0,0,0,0,0,0,12,17,0.71,13,37,0.35,24,112,0.21
s:3301~l:3321~e:401074497~c:265413,4379258,4,4,1.0,6,14,0.43,3,3,1.0,39,53,0.74,35,46,0.76,0,3,3,1.0,9,11,0.82,0,0,0.0,0,0.000,1,1,0,1.0,5,6,0.83,5,5,1.0,0,0,0.0,1,0,1,0,0,0,3,3,1.0,12,13,0.92,20,30,0.67
s:3301~l:3321~e:600036332~c:401567318,5144068,6,10,0.6,6,25,0.24,6,10,0.6,96,146,0.66,71,116,0.61,0,3,3,1.0,1,2,0.5,5,5,1.0,1,0.000,0,0,0,0.0,9,9,1.0,35,52,0.67,0,0,0.0,0,0,0,0,0,0,11,15,0.73,18,22,0.82,42,79,0.53
s:3301~l:3321~e:401033279~c:265477,3915502,7,8,0.88,33,52,0.63,3,4,0.75,52,75,0.69,51,74,0.69,1,1,1,1.0,6,6,1.0,0,0,0.0,0,0.000,0,0,0,0.0,0,0,0.0,1,3,0.33,0,0,0.0,0,0,0,0,0,0,3,4,0.75,8,9,0.89,40,61,0.66
s:3301~l:3321~e:600021770~c:401460459,4875513,3,5,0.6,8,15,0.53,5,9,0.56,71,100,0.71,21,37,0.57,0,0,1,0.0,2,3,0.67,0,0,0.0,0,0.000,16,11,0,0.69,0,0,0.0,3,4,0.75,0,0,0.0,0,0,0,0,0,0,5,9,0.56,3,6,0.5,13,22,0.59
s:3301~l:3321~e:600008643~c:401357660,4374436,1,2,0.5,12,22,0.55,0,0,0.0,49,79,0.62,39,69,0.57,1,1,1,1.0,8,12,0.67,0,0,0.0,0,0.000,2,1,0,0.5,0,0,0.0,17,32,0.53,0,0,0.0,0,0,0,0,0,1,0,0,0.0,2,3,0.67,37,66,0.56
s:3301~l:3321~e:600036493~c:401577737,5144312,2,2,1.0,7,22,0.32,4,4,1.0,51,72,0.71,34,55,0.62,0,0,0,0.0,4,7,0.57,0,0,0.0,0,0.000,0,0,0,0.0,7,7,1.0,10,13,0.77,0,0,0.0,0,0,0,0,0,0,4,4,1.0,9,9,1.0,21,42,0.5
s:3301~l:3321~e:401033283~c:265431,4245094,1,1,1.0,13,16,0.81,1,1,1.0,19,22,0.86,19,22,0.86,1,0,0,0.0,0,0,0.0,0,0,0.0,0,0.000,0,0,0,0.0,0,0,0.0,4,4,1.0,0,0,0.0,0,0,0,0,0,0,1,1,1.0,1,1,1.0,17,20,0.85
s:3301~l:3321~e:400972137~c:265526,4245094,6,7,0.86,96,303,0.32,0,0,0.0,103,312,0.33,102,311,0.33,0,0,0,0.0,0,0,0.0,0,0,0.0,0,0.000,0,0,0,0.0,0,0,0.0,0,1,0.0,0,0,0.0,0,0,0,0,0,0,0,0,0.0,6,7,0.86,96,304,0.32
s:3301~l:3321~e:600036498~c:401597250,4702589,41,56,0.73,103,178,0.58,9,9,1.0,213,328,0.65,204,317,0.64,1,5,10,0.5,42,59,0.71,0,0,0.0,0,0.000,3,2,0,0.67,0,0,0.0,3,4,0.75,1,1,1.0,0,0,0,0,0,0,10,10,1.0,46,66,0.7,148,241,0.61
s:3301~l:3321~e:600036494~c:401579192,4816283,3,4,0.75,8,25,0.32,11,12,0.92,28,49,0.57,23,44,0.52,0,0,0,0.0,1,3,0.33,0,0,0.0,0,0.000,1,1,0,1.0,0,0,0.0,0,0,0.0,0,0,0.0,0,0,0,0,0,0,11,12,0.92,3,4,0.75,9,28,0.32
s:3301~l:3321~e:600008641~c:401357140,4816062,2,3,0.67,17,37,0.46,5,5,1.0,68,104,0.65,47,78,0.6,1,6,6,1.0,3,4,0.75,0,0,0.0,1,0.000,2,0,0,0.0,2,2,1.0,12,21,0.57,0,0,0.0,0,0,0,0,0,1,5,5,1.0,10,11,0.91,32,62,0.52
s:3301~l:3321~e:401033281~c:265444,4246307,10,11,0.91,15,49,0.31,21,21,1.0,118,169,0.7,112,163,0.69,0,8,9,0.89,16,21,0.76,23,26,0.88,0,0.000,5,2,0,0.4,2,3,0.67,17,23,0.74,0,0,0.0,3,0,2,0,1,0,44,47,0.94,20,23,0.87,48,93,0.52
s:3301~l:3321~e:401221631~c:401233642,4276994,1,2,0.5,3,14,0.21,8,8,1.0,36,57,0.63,29,49,0.59,1,2,3,0.67,1,3,0.33,0,0,0.0,0,0.000,0,0,0,0.0,1,1,1.0,13,18,0.72,0,0,0.0,2,0,0,1,1,1,8,8,1.0,4,6,0.67,17,35,0.49
s:3301~l:3321~e:401033279~c:265476,4276994,3,5,0.6,2,8,0.25,0,1,0.0,12,22,0.55,8,18,0.44,1,1,1,1.0,1,2,0.5,0,0,0.0,0,0.000,0,0,0,0.0,0,0,0.0,1,1,1.0,0,0,0.0,0,0,0,0,0,0,0,1,0.0,4,6,0.67,4,11,0.36
s:3301~l:3321~e:600036497~c:401591071,5145498,0,0,0.0,1,1,1.0,0,0,0.0,7,8,0.88,4,4,1.0,1,0,0,0.0,0,0,0.0,0,0,0.0,1,0.000,0,0,0,0.0,0,0,0.0,3,3,1.0,0,0,0.0,0,0,0,0,0,1,0,0,0.0,0,0,0.0,4,4,1.0
s:3301~l:3321~e:401221632~c:401231042,4237148,1,2,0.5,25,40,0.62,6,6,1.0,37,54,0.69,34,51,0.67,1,2,2,1.0,0,1,0.0,0,0,0.0,0,0.000,1,1,0,1.0,0,0,0.0,0,0,0.0,0,0,0.0,1,0,0,0,1,1,6,6,1.0,3,4,0.75,25,41,0.61
s:3301~l:3321~e:401128917~c:268439,4237148,10,12,0.83,21,47,0.45,4,4,1.0,37,66,0.56,36,65,0.55,0,1,2,0.5,0,0,0.0,0,0,0.0,0,0.000,0,0,0,0.0,0,0,0.0,0,0,0.0,0,0,0.0,0,0,0,0,0,0,4,4,1.0,11,14,0.79,21,47,0.45
s:3301~l:3321~e:400961602~c:237191,4237148,1,2,0.5,2,8,0.25,0,0,0.0,11,21,0.52,5,12,0.42,0,2,2,1.0,0,0,0.0,0,0,0.0,0,0.000,5,2,0,0.4,0,0,0.0,0,0,0.0,0,0,0.0,1,1,0,0,0,0,0,0,0.0,3,4,0.75,2,8,0.25
s:3301~l:3321~e:600021773~c:401465217,5074126,0,1,0.0,2,3,0.67,2,2,1.0,4,6,0.67,4,6,0.67,1,0,0,0.0,0,0,0.0,0,0,0.0,0,0.000,0,0,0,0.0,0,0,0.0,0,0,0.0,0,0,0.0,0,0,0,0,0,0,2,2,1.0,0,1,0.0,2,3,0.67
s:3301~l:3321~e:600022212~c:401483886,5088891,1,1,1.0,4,7,0.57,3,3,1.0,9,12,0.75,9,12,0.75,2,0,0,0.0,0,0,0.0,0,0,0.0,0,0.000,0,0,0,0.0,0,0,0.0,1,1,1.0,0,0,0.0,0,0,0,0,0,0,3,3,1.0,1,1,1.0,5,8,0.62
s:3301~l:3321~e:401222786~c:401241750,4690540,2,6,0.33,26,88,0.3,7,10,0.7,73,157,0.46,52,126,0.41,0,13,13,1.0,4,8,0.5,0,0,0.0,2,0.000,4,0,0,0.0,0,0,0.0,0,1,0.0,0,0,0.0,1,0,0,0,1,0,7,10,0.7,15,19,0.79,30,97,0.31
s:3301~l:3321~e:600036498~c:401597809,5152138,5,7,0.71,5,12,0.42,1,1,1.0,16,28,0.57,16,28,0.57,0,1,1,1.0,4,6,0.67,0,0,0.0,0,0.000,0,0,0,0.0,0,0,0.0,0,1,0.0,0,0,0.0,0,0,0,0,0,0,1,1,1.0,6,8,0.75,9,19,0.47
s:3301~l:3321~e:600036494~c:401579191,5123311,11,15,0.73,27,105,0.26,4,4,1.0,44,127,0.35,43,126,0.34,0,1,1,1.0,0,1,0.0,0,0,0.0,0,0.000,0,0,0,0.0,0,0,0.0,0,0,0.0,0,0,0.0,0,0,0,0,0,0,4,4,1.0,12,16,0.75,27,106,0.25
s:3301~l:3321~e:600022208~c:401467213,5080936,2,2,1.0,7,13,0.54,0,2,0.0,10,18,0.56,9,17,0.53,0,0,0,0.0,0,0,0.0,0,0,0.0,0,0.000,0,0,0,0.0,0,0,0.0,0,0,0.0,0,0,0.0,0,0,0,0,0,2,0,2,0.0,2,2,1.0,7,13,0.54
s:3301~l:3321~e:600036500~c:401604872,5157668,3,3,1.0,12,25,0.48,7,8,0.88,25,41,0.61,24,40,0.6,1,0,1,0.0,2,2,1.0,0,0,0.0,0,0.000,0,0,0,0.0,0,0,0.0,0,1,0.0,0,0,0.0,0,0,0,0,0,0,7,8,0.88,3,4,0.75,14,28,0.5
s:3301~l:3321~e:401074497~c:265434,3146944,1,2,0.5,42,76,0.55,8,8,1.0,114,155,0.74,81,119,0.68,0,5,5,1.0,7,8,0.88,0,0,0.0,2,1.000,1,1,1,1.0,4,4,1.0,14,16,0.88,0,0,0.0,5,1,1,2,1,3,8,8,1.0,10,11,0.91,63,100,0.63
s:3301~l:3321~e:600021771~c:401463238,4812389,12,23,0.52,41,136,0.3,3,3,1.0,72,182,0.4,67,176,0.38,0,4,4,1.0,6,9,0.67,1,1,1.0,0,0.000,1,0,0,0.0,0,0,0.0,0,0,0.0,0,0,0.0,0,0,0,0,0,0,4,4,1.0,16,27,0.59,47,145,0.32
s:3301~l:3321~e:600022212~c:401483885,5076593,0,1,0.0,0,0,0.0,1,1,1.0,120,180,0.67,48,60,0.8,0,0,0,0.0,0,0,0.0,0,0,0.0,0,0.000,4,2,0,0.5,0,0,0.0,47,58,0.81,0,0,0.0,0,0,0,0,0,0,1,1,1.0,0,1,0.0,47,58,0.81
s:3301~l:3321~e:600021770~c:401460461,5074121,11,18,0.61,19,89,0.21,13,19,0.68,53,140,0.38,45,131,0.34,1,1,1,1.0,1,3,0.33,0,0,0.0,0,0.000,0,0,0,0.0,0,0,0.0,0,1,0.0,0,0,0.0,0,0,0,0,0,0,13,19,0.68,12,19,0.63,20,93,0.22
s:3301~l:3321~e:600022210~c:401451171,5048900,6,7,0.86,7,20,0.35,9,9,1.0,68,95,0.72,54,79,0.68,0,4,9,0.44,8,8,1.0,0,0,0.0,0,0.000,2,1,0,0.5,0,0,0.0,20,26,0.77,0,0,0.0,0,0,0,0,0,0,9,9,1.0,10,16,0.62,35,54,0.65
s:3301~l:3321~e:401221630~c:401232277,3998248,0,0,0.0,6,9,0.67,0,0,0.0,7,10,0.7,7,10,0.7,1,1,1,1.0,0,0,0.0,0,0,0.0,0,0.000,0,0,0,0.0,0,0,0.0,0,0,0.0,0,0,0.0,0,0,0,0,0,0,0,0,0.0,1,1,1.0,6,9,0.67
s:3301~l:3321~e:600036500~c:401604873,5157670,16,24,0.67,31,108,0.29,8,9,0.89,57,146,0.39,57,144,0.4,0,0,0,0.0,2,2,1.0,0,0,0.0,0,0.000,2,0,0,0.0,0,0,0.0,0,1,0.0,0,0,0.0,0,0,0,0,0,0,8,9,0.89,16,24,0.67,33,111,0.3
s:3301~l:3321~e:600036500~c:401604872,4683526,0,1,0.0,6,19,0.32,1,1,1.0,8,22,0.36,8,22,0.36,0,0,0,0.0,0,0,0.0,1,1,1.0,0,0.000,8,0,0,0.0,0,0,0.0,0,0,0.0,0,0,0.0,0,0,0,0,0,0,2,2,1.0,0,1,0.0,6,19,0.32
s:3301~l:3321~e:600036499~c:401571750,5119536,0,3,0.0,4,16,0.25,2,2,1.0,18,34,0.53,8,23,0.35,0,1,1,1.0,0,0,0.0,0,0,0.0,0,0.000,3,1,0,0.33,0,0,0.0,1,1,1.0,0,0,0.0,0,0,0,0,0,0,2,2,1.0,1,4,0.25,5,17,0.29
s:3301~l:3321~e:600036499~c:401597253,5149440,21,29,0.72,27,98,0.28,19,21,0.9,117,213,0.55,73,156,0.47,0,1,1,1.0,2,2,1.0,0,0,0.0,0,0.000,7,6,0,0.86,0,0,0.0,3,5,0.6,0,0,0.0,0,0,0,0,0,0,19,21,0.9,22,30,0.73,32,105,0.3
s:3301~l:3321~e:600036499~c:401597254,4565683,10,13,0.77,16,88,0.18,26,32,0.81,75,158,0.47,60,143,0.42,0,6,7,0.86,2,3,0.67,0,0,0.0,0,0.000,3,0,0,0.0,0,0,0.0,0,0,0.0,0,0,0.0,0,0,0,0,0,0,26,32,0.81,16,20,0.8,18,91,0.2
s:3301~l:3321~e:600036498~c:401597809,5088544,2,4,0.5,1,8,0.12,4,5,0.8,7,18,0.39,7,18,0.39,0,0,1,0.0,0,0,0.0,0,0,0.0,0,0.000,0,0,0,0.0,0,0,0.0,0,0,0.0,0,0,0.0,0,0,0,0,0,0,4,5,0.8,2,5,0.4,1,8,0.12
s:3301~l:3321~e:600036498~c:401597249,5149190,0,0,0.0,2,6,0.33,1,1,1.0,20,30,0.67,14,19,0.74,0,3,3,1.0,0,0,0.0,0,0,0.0,0,0.000,26,13,0,0.5,0,0,0.0,1,2,0.5,7,7,1.0,0,0,0,0,0,0,8,8,1.0,3,3,1.0,3,8,0.38
s:3301~l:3321~e:600036498~c:401597252,4688624,1,1,1.0,5,16,0.31,1,1,1.0,7,18,0.39,7,18,0.39,0,0,0,0.0,0,0,0.0,0,0,0.0,0,0.000,1,0,0,0.0,0,0,0.0,0,0,0.0,0,0,0.0,0,0,0,0,0,0,1,1,1.0,1,1,1.0,5,16,0.31
s:3301~l:3321~e:600036497~c:401571752,4977643,26,31,0.84,69,167,0.41,9,10,0.9,122,237,0.51,114,222,0.51,0,2,2,1.0,8,12,0.67,0,0,0.0,0,0.000,3,2,0,0.67,0,0,0.0,0,0,0.0,0,0,0.0,0,0,0,0,0,0,9,10,0.9,28,33,0.85,77,179,0.43
s:3301~l:3321~e:600036497~c:401591070,5126213,16,17,0.94,19,50,0.38,1,2,0.5,38,72,0.53,37,70,0.53,0,1,1,1.0,0,0,0.0,0,0,0.0,0,0.000,0,0,0,0.0,0,0,0.0,0,0,0.0,0,0,0.0,0,0,0,0,0,0,1,2,0.5,17,18,0.94,19,50,0.38
s:3301~l:3321~e:600022210~c:401482234,4891678,2,3,0.67,5,13,0.38,9,15,0.6,65,83,0.78,19,34,0.56,0,1,1,1.0,1,1,1.0,1,1,1.0,0,0.000,8,3,0,0.38,0,0,0.0,0,0,0.0,0,0,0.0,0,0,0,0,0,0,10,16,0.62,3,4,0.75,6,14,0.43
s:3301~l:3321~e:600036496~c:401571753,5092399,7,12,0.58,13,86,0.15,3,5,0.6,43,129,0.33,29,112,0.26,0,4,5,0.8,2,4,0.5,0,0,0.0,0,0.000,7,2,0,0.29,0,0,0.0,0,0,0.0,0,0,0.0,0,0,0,0,0,0,3,5,0.6,11,17,0.65,15,90,0.17
s:3301~l:3321~e:600022210~c:401451171,5092399,9,9,1.0,22,46,0.48,1,1,1.0,75,107,0.7,65,96,0.68,0,9,12,0.75,20,24,0.83,0,0,0.0,0,0.000,8,4,0,0.5,0,0,0.0,4,4,1.0,0,0,0.0,0,0,0,0,0,0,1,1,1.0,18,21,0.86,46,74,0.62
s:3301~l:3321~e:600036496~c:401591007,5145494,3,7,0.43,41,147,0.28,9,11,0.82,64,182,0.35,53,168,0.32,0,0,0,0.0,0,3,0.0,0,0,0.0,0,0.000,0,0,0,0.0,0,0,0.0,0,0,0.0,0,0,0.0,0,0,0,0,0,0,9,11,0.82,3,7,0.43,41,150,0.27
s:3301~l:3321~e:600036494~c:401579190,4358022,5,5,1.0,4,14,0.29,6,6,1.0,15,26,0.58,15,25,0.6,0,0,0,0.0,0,0,0.0,0,0,0.0,0,0.000,1,0,0,0.0,0,0,0.0,0,0,0.0,0,0,0.0,0,0,0,0,0,0,6,6,1.0,5,5,1.0,4,14,0.29
s:3301~l:3321~e:600010080~c:401370311,4880596,2,2,1.0,4,16,0.25,0,0,0.0,12,31,0.39,12,31,0.39,1,0,0,0.0,0,0,0.0,0,0,0.0,0,0.000,0,0,0,0.0,0,0,0.0,6,13,0.46,0,0,0.0,0,0,0,0,0,0,0,0,0.0,2,2,1.0,10,29,0.34
s:3301~l:3321~e:600022208~c:401451149,5085249,11,19,0.58,20,44,0.45,23,26,0.88,64,103,0.62,62,101,0.61,1,0,0,0.0,0,0,0.0,0,0,0.0,0,0.000,0,0,0,0.0,0,0,0.0,8,12,0.67,0,0,0.0,0,0,0,0,0,0,23,26,0.88,11,19,0.58,28,56,0.5
s:3301~l:3321~e:600036493~c:401577736,5007635,13,18,0.72,12,48,0.25,4,4,1.0,66,132,0.5,53,114,0.46,0,18,25,0.72,5,13,0.38,0,0,0.0,0,0.000,3,1,0,0.33,0,0,0.0,1,6,0.17,0,0,0.0,0,0,0,0,0,0,4,4,1.0,31,43,0.72,18,67,0.27
s:3301~l:3321~e:600036492~c:401571757,4695485,8,13,0.62,45,207,0.22,15,17,0.88,90,264,0.34,69,241,0.29,0,1,1,1.0,0,3,0.0,0,0,0.0,0,0.000,6,1,0,0.17,0,0,0.0,0,0,0.0,0,0,0.0,0,0,0,0,0,0,15,17,0.88,9,14,0.64,45,210,0.21
s:3301~l:3321~e:600036492~c:401577730,5007669,0,2,0.0,3,10,0.3,4,9,0.44,8,22,0.36,8,22,0.36,0,0,0,0.0,1,1,1.0,0,0,0.0,0,0.000,0,0,0,0.0,0,0,0.0,0,0,0.0,0,0,0.0,0,0,0,0,0,0,4,9,0.44,0,2,0.0,4,11,0.36
s:3301~l:3321~e:600021772~c:401445835,5007669,6,15,0.4,24,85,0.28,46,64,0.72,79,168,0.47,77,165,0.47,0,1,1,1.0,0,0,0.0,0,0,0.0,0,0.000,0,0,0,0.0,0,0,0.0,0,0,0.0,0,0,0.0,0,0,0,0,0,0,46,64,0.72,7,16,0.44,24,85,0.28
s:3301~l:3321~e:600036492~c:401579129,5115163,2,3,0.67,10,23,0.43,0,0,0.0,36,62,0.58,22,47,0.47,0,1,1,1.0,1,7,0.14,0,0,0.0,5,0.000,23,5,0,0.22,0,0,0.0,8,13,0.62,0,0,0.0,0,0,0,0,0,0,0,0,0.0,3,4,0.75,19,43,0.44
s:3301~l:3321~e:600036492~c:401577731,5143887,0,0,0.0,0,3,0.0,0,0,0.0,1,6,0.17,0,3,0.0,0,0,0,0.0,0,0,0.0,0,0,0.0,0,0.000,0,0,0,0.0,0,0,0.0,0,0,0.0,0,0,0.0,0,0,0,0,0,0,0,0,0.0,0,0,0.0,0,3,0.0
s:3301~l:3321~e:401222785~c:401240127,4600143,15,23,0.65,29,88,0.33,0,0,0.0,49,117,0.42,47,114,0.41,1,2,2,1.0,1,1,1.0,0,0,0.0,0,0.000,0,0,0,0.0,0,0,0.0,0,0,0.0,0,0,0.0,0,0,0,0,0,0,0,0,0.0,17,25,0.68,30,89,0.34
s:3301~l:3321~e:401221632~c:401235978,4684468,15,19,0.79,34,135,0.25,8,13,0.62,62,179,0.35,60,176,0.34,0,1,2,0.5,1,6,0.17,1,1,1.0,0,0.000,4,0,0,0.0,0,0,0.0,0,0,0.0,0,0,0.0,0,0,0,0,0,0,9,14,0.64,16,21,0.76,35,141,0.25
s:3301~l:3321~e:600036332~c:401567321,4892422,14,19,0.74,38,106,0.36,13,15,0.87,78,156,0.5,76,154,0.49,0,2,3,0.67,7,9,0.78,2,2,1.0,0,0.000,17,1,0,0.06,0,0,0.0,0,0,0.0,0,0,0.0,0,0,0,0,0,0,15,17,0.88,16,22,0.73,45,115,0.39
s:3301~l:3321~e:600010081~c:401370332,4892422,8,15,0.53,27,91,0.3,5,5,1.0,61,137,0.45,47,119,0.39,0,3,4,0.75,3,3,1.0,1,1,1.0,0,0.000,10,2,0,0.2,0,0,0.0,0,0,0.0,0,0,0.0,0,0,0,0,0,0,6,6,1.0,11,19,0.58,30,94,0.32
s:3301~l:3321~e:401128923~c:266406,4426299,7,10,0.7,6,21,0.29,2,2,1.0,47,70,0.67,44,66,0.67,1,1,1,1.0,0,0,0.0,1,1,1.0,0,0.000,0,0,0,0.0,0,0,0.0,27,31,0.87,0,0,0.0,0,0,0,0,0,0,3,3,1.0,8,11,0.73,33,52,0.63
s:3301~l:3321~e:600021770~c:401460460,4686735,15,22,0.68,12,45,0.27,1,1,1.0,94,149,0.63,49,99,0.49,1,3,3,1.0,10,11,0.91,0,0,0.0,0,0.000,1,1,0,1.0,0,0,0.0,8,17,0.47,0,0,0.0,0,0,0,0,0,0,1,1,1.0,18,25,0.72,30,73,0.41
s:3301~l:3321~e:401222724~c:401239995,4686735,8,20,0.4,17,59,0.29,19,24,0.79,71,145,0.49,57,122,0.47,0,8,8,1.0,4,10,0.4,1,1,1.0,0,0.000,8,2,0,0.25,0,0,0.0,0,0,0.0,0,0,0.0,0,0,0,0,0,1,20,25,0.8,16,28,0.57,21,69,0.3
s:3301~l:3321~e:600011551~c:401382496,4880114,14,20,0.7,29,100,0.29,9,12,0.75,59,142,0.42,53,136,0.39,0,0,0,0.0,1,4,0.25,0,0,0.0,0,0.000,3,0,0,0.0,0,0,0.0,0,0,0.0,0,0,0.0,0,0,0,0,0,0,9,12,0.75,14,20,0.7,30,104,0.29
s:3301~l:3321~e:600010080~c:401370310,4236496,14,21,0.67,22,61,0.36,9,11,0.82,72,128,0.56,52,102,0.51,0,3,3,1.0,1,3,0.33,1,1,1.0,0,0.000,16,5,0,0.31,0,0,0.0,2,2,1.0,0,0,0.0,0,0,0,0,0,2,10,12,0.83,17,24,0.71,25,66,0.38
s:3301~l:3321~e:401128922~c:268459,4425604,4,5,0.8,1,5,0.2,0,1,0.0,20,35,0.57,8,16,0.5,0,0,0,0.0,1,2,0.5,0,0,0.0,0,0.000,6,2,0,0.33,0,0,0.0,2,3,0.67,0,0,0.0,2,2,0,0,0,0,0,1,0.0,4,5,0.8,4,10,0.4
s:3301~l:3321~e:600010080~c:401370313,4874988,2,7,0.29,29,75,0.39,2,2,1.0,47,110,0.43,36,92,0.39,1,0,0,0.0,2,4,0.5,0,0,0.0,0,0.000,8,4,0,0.5,0,0,0.0,1,4,0.25,0,0,0.0,0,0,0,0,0,1,2,2,1.0,2,7,0.29,32,83,0.39
s:3301~l:3321~e:600021772~c:401464156,5076027,7,15,0.47,28,92,0.3,14,15,0.93,62,136,0.46,51,125,0.41,0,0,0,0.0,0,1,0.0,0,0,0.0,0,0.000,0,0,0,0.0,0,0,0.0,2,2,1.0,0,0,0.0,0,0,0,0,0,0,14,15,0.93,7,15,0.47,30,95,0.32
s:3301~l:3321~e:400968459~c:238813,3931156,3,6,0.5,0,7,0.0,0,0,0.0,110,163,0.67,24,49,0.49,0,0,0,0.0,0,1,0.0,0,0,0.0,0,0.000,1,1,0,1.0,1,1,1.0,20,34,0.59,0,0,0.0,4,1,2,0,1,2,0,0,0.0,4,7,0.57,20,42,0.48
s:3301~l:3321~e:401128926~c:266409,3924096,11,12,0.92,48,83,0.58,3,3,1.0,98,139,0.71,84,124,0.68,1,2,2,1.0,0,0,0.0,0,0,0.0,1,0.000,0,0,0,0.0,1,1,1.0,19,23,0.83,0,0,0.0,0,0,0,0,0,0,3,3,1.0,14,15,0.93,67,106,0.63
s:3301~l:3321~e:600022212~c:401483884,5088885,2,2,1.0,2,4,0.5,2,3,0.67,109,162,0.67,52,71,0.73,0,7,9,0.78,1,2,0.5,0,0,0.0,0,0.000,6,4,0,0.67,1,1,1.0,37,50,0.74,0,0,0.0,0,0,0,0,0,0,2,3,0.67,10,12,0.83,40,56,0.71
s:3301~l:3321~e:600011552~c:401382950,4884868,2,5,0.4,54,153,0.35,14,17,0.82,82,188,0.44,76,181,0.42,1,1,1,1.0,5,5,1.0,0,0,0.0,0,0.000,1,1,0,1.0,0,0,0.0,0,0,0.0,0,0,0.0,0,0,0,0,0,0,14,17,0.82,3,6,0.5,59,158,0.37
s:3301~l:3321~e:401222724~c:401239997,4231391,3,6,0.5,5,13,0.38,8,13,0.62,53,109,0.49,28,58,0.48,0,1,1,1.0,0,0,0.0,0,0,0.0,0,0.000,17,12,0,0.71,1,1,1.0,10,24,0.42,0,0,0.0,10,1,2,2,5,1,8,13,0.62,5,8,0.62,15,37,0.41
s:3301~l:3321~e:401074497~c:265413,4348793,0,0,0.0,5,15,0.33,2,3,0.67,8,19,0.42,8,19,0.42,0,0,0,0.0,1,1,1.0,0,0,0.0,0,0.000,0,0,0,0.0,0,0,0.0,0,0,0.0,0,0,0.0,0,0,0,0,0,0,2,3,0.67,0,0,0.0,6,16,0.38
s:3301~l:3321~e:400968458~c:238652,3922491,1,7,0.14,26,66,0.39,1,1,1.0,59,112,0.53,48,100,0.48,0,4,6,0.67,3,6,0.5,0,0,0.0,0,0.105,19,14,2,0.74,1,1,1.0,9,10,0.9,3,3,1.0,6,2,4,0,0,0,4,4,1.0,6,14,0.43,38,82,0.46
s:3301~l:3321~e:600008642~c:401361174,3088682,0,0,0.0,0,1,0.0,0,0,0.0,78,83,0.94,2,3,0.67,0,0,0,0.0,0,0,0.0,0,0,0.0,0,0.000,1,1,0,1.0,0,0,0.0,2,2,1.0,0,0,0.0,0,0,0,0,0,1,0,0,0.0,0,0,0.0,2,3,0.67
s:3301~l:3321~e:401223626~c:401256298,4684678,3,4,0.75,10,34,0.29,13,13,1.0,61,93,0.66,34,62,0.55,0,3,4,0.75,5,7,0.71,0,0,0.0,0,0.000,7,4,0,0.57,0,0,0.0,0,0,0.0,0,0,0.0,5,2,2,0,1,1,13,13,1.0,6,8,0.75,15,41,0.37
s:3301~l:3321~e:401222724~c:401239999,4684678,15,23,0.65,39,122,0.32,17,22,0.77,107,217,0.49,96,200,0.48,0,2,2,1.0,1,2,0.5,0,0,0.0,0,0.000,0,0,0,0.0,1,1,1.0,18,25,0.72,3,3,1.0,0,0,0,0,0,0,20,25,0.8,18,26,0.69,58,149,0.39
s:3301~l:3321~e:401128924~c:269714,4372245,0,0,0.0,22,42,0.52,7,7,1.0,49,71,0.69,44,66,0.67,1,6,6,1.0,7,9,0.78,2,2,1.0,0,0.000,0,0,0,0.0,0,0,0.0,0,0,0.0,0,0,0.0,0,0,0,0,0,0,9,9,1.0,6,6,1.0,29,51,0.57
s:3301~l:3321~e:600022211~c:401483872,3896934,4,5,0.8,9,39,0.23,6,9,0.67,36,81,0.44,29,68,0.43,1,1,1,1.0,0,0,0.0,0,0,0.0,0,0.000,7,2,0,0.29,0,0,0.0,9,14,0.64,0,0,0.0,0,0,0,0,0,1,6,9,0.67,5,6,0.83,18,53,0.34
s:3301~l:3321~e:401128925~c:269723,4084453,5,8,0.62,13,36,0.36,4,4,1.0,118,169,0.7,73,122,0.6,0,2,3,0.67,2,2,1.0,8,8,1.0,1,0.200,5,3,1,0.6,7,7,1.0,32,54,0.59,0,0,0.0,7,1,5,0,1,2,12,12,1.0,14,18,0.78,47,92,0.51
s:3301~l:3321~e:401033280~c:265453,4339490,10,19,0.53,39,79,0.49,1,1,1.0,65,121,0.54,65,120,0.54,1,4,4,1.0,1,2,0.5,0,0,0.0,0,0.000,1,1,0,1.0,0,0,0.0,10,15,0.67,0,0,0.0,0,0,0,0,0,0,1,1,1.0,14,23,0.61,50,96,0.52
s:3301~l:3321~e:600011553~c:401382970,4880807,0,1,0.0,2,7,0.29,1,2,0.5,6,14,0.43,5,13,0.38,1,0,0,0.0,0,0,0.0,0,0,0.0,0,0.000,1,0,0,0.0,0,0,0.0,2,3,0.67,0,0,0.0,0,0,0,0,0,0,1,2,0.5,0,1,0.0,4,10,0.4
s:3301~l:3321~e:600008643~c:401362001,4252258,38,54,0.7,64,165,0.39,36,47,0.77,145,274,0.53,144,272,0.53,0,0,0,0.0,6,6,1.0,0,0,0.0,0,0.000,2,1,0,0.5,0,0,0.0,0,0,0.0,0,0,0.0,0,0,0,0,0,0,36,47,0.77,38,54,0.7,70,171,0.41
s:3301~l:3321~e:600022211~c:401488702,5092398,0,0,0.0,0,4,0.0,1,1,1.0,42,67,0.63,30,51,0.59,0,0,0,0.0,0,0,0.0,0,0,0.0,0,0.000,5,1,0,0.2,4,4,1.0,25,42,0.6,0,0,0.0,0,0,0,0,0,0,1,1,1.0,4,4,1.0,25,46,0.54
s:3301~l:3321~e:600021772~c:401464155,5075335,0,0,0.0,1,2,0.5,0,0,0.0,17,22,0.77,12,17,0.71,0,0,0,0.0,0,0,0.0,0,0,0.0,0,0.000,1,1,0,1.0,0,0,0.0,11,15,0.73,0,0,0.0,0,0,0,0,0,0,0,0,0.0,0,0,0.0,12,17,0.71
s:3301~l:3321~e:401128920~c:268452,4245092,10,13,0.77,81,169,0.48,6,7,0.86,176,287,0.61,142,243,0.58,0,9,9,1.0,21,30,0.7,0,0,0.0,1,0.000,8,4,0,0.5,0,0,0.0,15,15,1.0,0,0,0.0,4,0,1,0,3,0,6,7,0.86,19,22,0.86,117,214,0.55
s:3301~l:3321~e:600022209~c:401467665,5056144,1,1,1.0,14,36,0.39,4,5,0.8,121,168,0.72,50,89,0.56,1,0,1,0.0,0,0,0.0,0,0,0.0,1,0.000,1,1,0,1.0,5,6,0.83,26,40,0.65,0,0,0.0,0,0,0,0,0,0,4,5,0.8,6,8,0.75,40,76,0.53
s:3301~l:3321~e:400972137~c:265527,4249184,8,18,0.44,42,101,0.42,1,2,0.5,87,168,0.52,77,157,0.49,0,9,10,0.9,15,23,0.65,0,0,0.0,0,0.000,0,0,0,0.0,0,0,0.0,2,3,0.67,0,0,0.0,0,0,0,0,0,0,1,2,0.5,17,28,0.61,59,127,0.46
s:3301~l:3321~e:600011552~c:401379700,4896529,0,1,0.0,1,1,1.0,0,2,0.0,26,36,0.72,10,15,0.67,0,0,0,0.0,0,0,0.0,0,0,0.0,0,0.000,1,1,0,1.0,1,1,1.0,8,10,0.8,0,0,0.0,0,0,0,0,0,1,0,2,0.0,1,2,0.5,9,11,0.82
s:3301~l:3321~e:600022212~c:401451173,5088537,0,0,0.0,0,0,0.0,0,1,0.0,0,1,0.0,0,1,0.0,0,0,0,0.0,0,0,0.0,0,0,0.0,0,0.000,0,0,0,0.0,0,0,0.0,0,0,0.0,0,0,0.0,0,0,0,0,0,0,0,1,0.0,0,0,0.0,0,0,0.0
s:3301~l:3321~e:600022212~c:401483885,4871197,2,2,1.0,0,3,0.0,1,1,1.0,7,12,0.58,3,6,0.5,0,0,0,0.0,0,0,0.0,0,0,0.0,0,0.000,0,0,0,0.0,0,0,0.0,0,0,0.0,0,0,0.0,0,0,0,0,0,0,1,1,1.0,2,2,1.0,0,3,0.0
s:3301~l:3321~e:600022211~c:401488702,3128474,1,2,0.5,0,0,0.0,2,3,0.67,21,24,0.88,3,5,0.6,0,0,0,0.0,0,0,0.0,0,0,0.0,0,0.000,0,0,0,0.0,0,0,0.0,0,0,0.0,0,0,0.0,0,0,0,0,0,0,2,3,0.67,1,2,0.5,0,0,0.0
s:3301~l:3321~e:600022210~c:401482233,4684923,5,7,0.71,4,14,0.29,6,6,1.0,19,31,0.61,17,29,0.59,0,1,1,1.0,1,1,1.0,0,0,0.0,0,0.000,0,0,0,0.0,0,0,0.0,0,0,0.0,0,0,0.0,0,0,0,0,0,0,6,6,1.0,6,8,0.75,5,15,0.33
s:3301~l:3321~e:600008641~c:401357137,4684923,3,7,0.43,5,29,0.17,4,8,0.5,24,64,0.38,13,46,0.28,0,1,1,1.0,0,1,0.0,0,0,0.0,0,0.000,4,1,0,0.25,0,0,0.0,0,0,0.0,0,0,0.0,0,0,0,0,0,0,4,8,0.5,4,8,0.5,5,30,0.17
s:3301~l:3321~e:401223625~c:401247221,4684923,4,5,0.8,13,35,0.37,2,2,1.0,93,132,0.7,51,84,0.61,0,3,3,1.0,4,7,0.57,0,0,0.0,2,0.000,0,0,0,0.0,1,1,1.0,24,31,0.77,0,0,0.0,0,0,0,0,0,1,2,2,1.0,8,9,0.89,41,73,0.56
s:3301~l:3321~e:401222786~c:401241752,4375603,7,10,0.7,34,154,0.22,9,13,0.69,70,206,0.34,51,181,0.28,0,0,2,0.0,1,2,0.5,0,0,0.0,0,0.000,1,0,0,0.0,0,0,0.0,0,0,0.0,0,0,0.0,0,0,0,0,0,1,9,13,0.69,7,12,0.58,35,156,0.22
s:3301~l:3321~e:600022209~c:401467664,4294871,8,11,0.73,26,196,0.13,11,17,0.65,45,225,0.2,45,225,0.2,0,0,0,0.0,0,1,0.0,0,0,0.0,0,0.000,2,0,0,0.0,0,0,0.0,0,0,0.0,0,0,0.0,0,0,0,0,0,0,11,17,0.65,8,11,0.73,26,197,0.13
s:3301~l:3321~e:600022208~c:401451149,5080485,6,9,0.67,31,76,0.41,0,0,0.0,37,85,0.44,37,85,0.44,0,0,0,0.0,0,0,0.0,0,0,0.0,0,0.000,0,0,0,0.0,0,0,0.0,0,0,0.0,0,0,0.0,0,0,0,0,0,0,0,0,0.0,6,9,0.67,31,76,0.41
s:3301~l:3321~e:600022208~c:401467213,4213329,2,2,1.0,6,21,0.29,4,4,1.0,12,27,0.44,12,27,0.44,0,0,0,0.0,0,0,0.0,0,0,0.0,0,0.000,0,0,0,0.0,0,0,0.0,0,0,0.0,0,0,0.0,0,0,0,0,0,0,4,4,1.0,2,2,1.0,6,21,0.29
s:3301~l:3321~e:401223624~c:401252313,4251497,1,1,1.0,11,22,0.5,3,5,0.6,18,32,0.56,17,31,0.55,0,0,0,0.0,2,3,0.67,0,0,0.0,0,0.000,0,0,0,0.0,0,0,0.0,0,0,0.0,0,0,0.0,0,0,0,0,0,0,3,5,0.6,1,1,1.0,13,25,0.52
s:3301~l:3321~e:401223624~c:401252312,3074813,17,25,0.68,27,64,0.42,13,18,0.72,79,132,0.6,77,130,0.59,1,0,0,0.0,0,0,0.0,0,0,0.0,0,0.000,0,0,0,0.0,0,0,0.0,20,23,0.87,0,0,0.0,1,0,0,1,0,0,13,18,0.72,17,25,0.68,47,87,0.54
s:3301~l:3321~e:600021773~c:401465219,5030324,5,9,0.56,1,11,0.09,9,11,0.82,41,71,0.58,19,40,0.48,0,2,3,0.67,0,0,0.0,0,0,0.0,1,0.000,4,1,0,0.25,0,1,0.0,1,4,0.25,1,1,1.0,0,0,0,0,0,1,10,12,0.83,7,13,0.54,2,15,0.13
s:3301~l:3321~e:600047777~c:401716186,5074129,10,14,0.71,27,84,0.32,7,7,1.0,76,140,0.54,47,109,0.43,0,2,2,1.0,0,1,0.0,0,0,0.0,0,0.000,12,2,0,0.17,0,0,0.0,1,1,1.0,0,0,0.0,0,0,0,0,0,2,7,7,1.0,12,16,0.75,28,86,0.33
s:3301~l:3321~e:600021773~c:401465220,5074129,4,6,0.67,20,77,0.26,4,4,1.0,56,116,0.48,31,90,0.34,0,1,1,1.0,0,0,0.0,0,0,0.0,1,0.000,9,2,0,0.22,0,0,0.0,2,2,1.0,0,0,0.0,0,0,0,0,0,0,4,4,1.0,5,7,0.71,22,79,0.28
s:3301~l:3321~e:600021772~c:401464155,5060511,0,0,0.0,0,2,0.0,0,0,0.0,2,4,0.5,0,2,0.0,0,0,0,0.0,0,0,0.0,0,0,0.0,0,0.000,0,0,0,0.0,0,0,0.0,0,0,0.0,0,0,0.0,0,0,0,0,0,0,0,0,0.0,0,0,0.0,0,2,0.0
s:3301~l:3321~e:400966347~c:265555,3111997,0,0,0.0,6,11,0.55,0,0,0.0,16,24,0.67,13,21,0.62,1,4,4,1.0,0,0,0.0,0,0,0.0,0,0.000,0,0,0,0.0,0,0,0.0,3,6,0.5,0,0,0.0,0,0,0,0,0,0,0,0,0.0,4,4,1.0,9,17,0.53
s:3301~l:3321~e:600021771~c:401463240,5060387,5,6,0.83,7,17,0.41,0,0,0.0,18,31,0.58,15,27,0.56,0,2,2,1.0,1,2,0.5,0,0,0.0,0,0.000,0,0,0,0.0,0,0,0.0,0,0,0.0,0,0,0.0,0,0,0,0,0,0,0,0,0.0,7,8,0.88,8,19,0.42
s:3301~l:3321~e:600021771~c:401463241,4706975,5,6,0.83,20,54,0.37,8,12,0.67,40,84,0.48,36,79,0.46,1,1,1,1.0,0,3,0.0,1,1,1.0,0,0.000,4,2,0,0.5,0,0,0.0,1,2,0.5,0,0,0.0,0,0,0,0,0,0,9,13,0.69,6,7,0.86,21,59,0.36
s:3301~l:3321~e:401221632~c:401235976,3120449,5,9,0.56,6,20,0.3,5,6,0.83,16,35,0.46,16,35,0.46,0,0,0,0.0,0,0,0.0,0,0,0.0,0,0.000,0,0,0,0.0,0,0,0.0,0,0,0.0,0,0,0.0,0,0,0,0,0,1,5,6,0.83,5,9,0.56,6,20,0.3
s:3301~l:3321~e:600021770~c:401460460,4879763,3,13,0.23,16,38,0.42,4,8,0.5,61,127,0.48,39,80,0.49,0,0,0,0.0,5,8,0.62,7,9,0.78,0,0.000,12,1,0,0.08,0,0,0.0,4,4,1.0,0,0,0.0,0,0,0,0,0,1,11,17,0.65,3,13,0.23,25,50,0.5
s:3301~l:3321~e:600021770~c:401460461,5060382,15,28,0.54,27,118,0.23,7,8,0.88,53,163,0.33,49,155,0.32,0,0,1,0.0,0,0,0.0,0,0,0.0,1,0.000,4,0,0,0.0,0,0,0.0,0,0,0.0,0,0,0.0,0,0,0,0,0,0,7,8,0.88,15,29,0.52,27,118,0.23
s:3301~l:3321~e:400966347~c:265553,4236954,1,1,1.0,0,0,0.0,0,0,0.0,5,7,0.71,5,7,0.71,1,0,1,0.0,3,3,1.0,0,0,0.0,0,0.000,0,0,0,0.0,0,0,0.0,1,2,0.5,0,0,0.0,0,0,0,0,0,0,0,0,0.0,1,2,0.5,4,5,0.8
s:3301~l:3321~e:600011552~c:401382953,4896616,3,4,0.75,11,25,0.44,4,4,1.0,27,44,0.61,25,42,0.6,1,1,2,0.5,0,0,0.0,0,0,0.0,0,0.000,0,0,0,0.0,0,0,0.0,6,7,0.86,0,0,0.0,0,0,0,0,0,0,4,4,1.0,4,6,0.67,17,32,0.53
s:3301~l:3321~e:600008640~c:401351344,4013049,7,7,1.0,26,79,0.33,12,12,1.0,123,209,0.59,73,142,0.51,0,4,7,0.57,2,4,0.5,0,0,0.0,0,0.000,16,5,0,0.31,5,5,1.0,17,28,0.61,0,0,0.0,0,0,0,0,0,0,12,12,1.0,16,19,0.84,45,111,0.41
s:3301~l:3321~e:400966348~c:265547,4013049,2,8,0.25,11,47,0.23,7,7,1.0,97,166,0.58,58,122,0.48,0,0,2,0.0,8,10,0.8,0,0,0.0,2,0.000,0,0,0,0.0,0,0,0.0,30,48,0.62,0,0,0.0,0,0,0,0,0,0,7,7,1.0,2,10,0.2,49,105,0.47
s:3301~l:3321~e:401033283~c:265429,2220951,4,4,1.0,8,12,0.67,0,0,0.0,14,18,0.78,14,18,0.78,1,0,0,0.0,0,0,0.0,0,0,0.0,0,0.000,0,0,0,0.0,0,0,0.0,2,2,1.0,0,0,0.0,0,0,0,0,0,0,0,0,0.0,4,4,1.0,10,14,0.71
s:3301~l:3321~e:401033270~c:265465,2220951,0,0,0.0,6,15,0.4,0,0,0.0,6,15,0.4,6,15,0.4,1,0,0,0.0,0,0,0.0,0,0,0.0,0,0.000,0,0,0,0.0,0,0,0.0,0,0,0.0,0,0,0.0,0,0,0,0,0,0,0,0,0.0,0,0,0.0,6,15,0.4
s:3301~l:3321~e:401223626~c:401247222,4700964,0,0,0.0,2,2,1.0,0,0,0.0,142,210,0.68,37,63,0.59,0,0,0,0.0,0,0,0.0,0,0,0.0,0,0.000,5,2,0,0.4,7,7,1.0,28,54,0.52,0,0,0.0,4,0,3,1,0,0,0,0,0.0,7,7,1.0,30,56,0.54
s:3301~l:3321~e:400972137~c:265527,3041138,5,12,0.42,35,134,0.26,5,8,0.62,104,229,0.45,82,206,0.4,0,16,21,0.76,8,16,0.5,3,4,0.75,0,0.000,12,2,0,0.17,5,5,1.0,5,6,0.83,0,0,0.0,3,0,2,0,1,0,8,12,0.67,26,38,0.68,48,156,0.31
s:3301~l:3321~e:600010080~c:401377230,4783385,5,9,0.56,6,25,0.24,0,0,0.0,15,43,0.35,12,37,0.32,0,0,1,0.0,1,2,0.5,0,0,0.0,0,0.000,5,2,0,0.4,0,0,0.0,0,0,0.0,0,0,0.0,0,0,0,0,0,1,0,0,0.0,5,10,0.5,7,27,0.26
s:3301~l:3321~e:401033277~c:265479,3122837,1,1,1.0,5,6,0.83,1,2,0.5,35,62,0.56,34,61,0.56,1,1,1,1.0,0,1,0.0,0,0,0.0,0,0.000,2,0,0,0.0,2,2,1.0,24,48,0.5,0,0,0.0,2,0,0,1,1,0,1,2,0.5,4,4,1.0,29,55,0.53
s:3301~l:3321~e:401128924~c:269716,3121961,2,2,1.0,6,13,0.46,1,1,1.0,20,36,0.56,17,31,0.55,0,0,0,0.0,2,4,0.5,2,2,1.0,0,0.000,2,0,0,0.0,0,0,0.0,4,9,0.44,0,0,0.0,0,0,0,0,0,0,3,3,1.0,2,2,1.0,12,26,0.46
s:3301~l:3321~e:401223625~c:401256293,4702563,2,2,1.0,5,9,0.56,2,2,1.0,40,54,0.74,18,30,0.6,0,0,0,0.0,3,3,1.0,0,0,0.0,0,0.000,2,2,0,1.0,0,0,0.0,6,14,0.43,0,0,0.0,4,0,1,1,2,2,2,2,1.0,2,2,1.0,14,26,0.54
s:3301~l:3321~e:400968458~c:238653,4227122,6,10,0.6,39,91,0.43,2,3,0.67,73,133,0.55,63,122,0.52,0,0,0,0.0,8,9,0.89,0,0,0.0,0,0.000,0,0,0,0.0,1,1,1.0,7,8,0.88,0,0,0.0,0,0,0,0,0,0,2,3,0.67,7,11,0.64,54,108,0.5
s:3301~l:3321~e:401222786~c:401240128,4040956,3,4,0.75,13,31,0.42,0,0,0.0,18,38,0.47,18,38,0.47,1,0,0,0.0,1,1,1.0,0,0,0.0,0,0.000,0,0,0,0.0,0,0,0.0,1,2,0.5,0,0,0.0,0,0,0,0,0,0,0,0,0.0,3,4,0.75,15,34,0.44
s:3301~l:3321~e:401128922~c:268460,4040956,6,8,0.75,117,275,0.43,9,9,1.0,151,317,0.48,137,299,0.46,0,3,3,1.0,2,4,0.5,0,0,0.0,0,0.000,0,0,0,0.0,0,0,0.0,0,0,0.0,0,0,0.0,0,0,0,0,0,0,9,9,1.0,9,11,0.82,119,279,0.43
s:3301~l:3321~e:401033279~c:265478,4040956,1,1,1.0,24,32,0.75,0,0,0.0,184,203,0.91,94,108,0.87,0,1,1,1.0,3,4,0.75,0,0,0.0,0,0.000,3,3,0,1.0,18,18,1.0,47,52,0.9,0,0,0.0,4,0,3,0,1,0,0,0,0.0,20,20,1.0,74,88,0.84
s:3301~l:3321~e:401033277~c:265483,4339149,2,3,0.67,25,55,0.45,6,6,1.0,40,77,0.52,38,72,0.53,1,0,0,0.0,4,7,0.57,0,0,0.0,0,0.000,0,0,0,0.0,0,0,0.0,1,1,1.0,0,0,0.0,0,0,0,0,0,0,6,6,1.0,2,3,0.67,30,63,0.48
s:3301~l:3321~e:600011551~c:401382498,3924102,1,1,1.0,2,15,0.13,2,2,1.0,21,36,0.58,8,23,0.35,0,1,2,0.5,2,3,0.67,0,0,0.0,0,0.000,6,1,0,0.17,0,0,0.0,0,0,0.0,0,0,0.0,0,0,0,0,0,0,2,2,1.0,2,3,0.67,4,18,0.22
s:3301~l:3321~e:401128921~c:268456,4371002,7,8,0.88,5,12,0.42,16,16,1.0,49,65,0.75,42,55,0.76,1,0,0,0.0,0,0,0.0,0,0,0.0,0,0.000,0,0,0,0.0,2,2,1.0,11,16,0.69,1,1,1.0,2,0,0,1,1,1,17,17,1.0,9,10,0.9,16,28,0.57
s:3301~l:3321~e:401074496~c:265425,4371002,8,8,1.0,18,37,0.49,9,10,0.9,81,104,0.78,49,70,0.7,0,1,1,1.0,0,0,0.0,0,0,0.0,0,0.000,11,4,0,0.36,8,8,1.0,3,4,0.75,2,2,1.0,3,0,0,2,1,0,11,12,0.92,17,17,1.0,21,41,0.51
s:3301~l:3321~e:401223626~c:401256297,4249185,0,1,0.0,0,2,0.0,1,1,1.0,22,28,0.79,22,28,0.79,0,0,0,0.0,0,0,0.0,0,0,0.0,0,0.000,1,1,0,1.0,0,0,0.0,21,24,0.88,0,0,0.0,0,2,1,0,1,2,1,1,1.0,0,1,0.0,21,26,0.81
s:3301~l:3321~e:400972137~c:265528,4249185,1,3,0.33,3,16,0.19,3,4,0.75,50,79,0.63,15,35,0.43,0,0,1,0.0,7,8,0.88,0,0,0.0,1,0.250,4,2,1,0.5,0,0,0.0,1,3,0.33,0,0,0.0,2,2,0,0,0,0,3,4,0.75,1,4,0.25,11,27,0.41
s:3301~l:3321~e:401128925~c:269722,3115959,3,5,0.6,18,37,0.49,6,7,0.86,55,81,0.68,35,57,0.61,0,7,7,1.0,1,1,1.0,0,0,0.0,0,0.000,3,2,0,0.67,0,0,0.0,0,0,0.0,0,0,0.0,1,1,0,0,0,1,6,7,0.86,10,12,0.83,19,38,0.5
s:3301~l:3321~e:600008642~c:401348175,4684857,0,0,0.0,4,5,0.8,0,0,0.0,17,20,0.85,7,8,0.88,0,0,0,0.0,0,0,0.0,0,0,0.0,1,0.000,2,1,0,0.5,1,1,1.0,2,2,1.0,0,0,0.0,0,0,0,0,0,0,0,0,0.0,1,1,1.0,6,7,0.86
s:3301~l:3321~e:600008642~c:401361174,3120454,0,1,0.0,0,3,0.0,1,2,0.5,10,15,0.67,1,6,0.17,0,0,0,0.0,0,0,0.0,0,0,0.0,0,0.000,0,0,0,0.0,0,0,0.0,0,0,0.0,0,0,0.0,0,0,0,0,0,0,1,2,0.5,0,1,0.0,0,3,0.0
s:3301~l:3321~e:600008641~c:401357139,3896935,1,1,1.0,1,7,0.14,0,0,0.0,3,9,0.33,3,9,0.33,0,0,0,0.0,1,1,1.0,0,0,0.0,0,0.000,1,0,0,0.0,0,0,0.0,0,0,0.0,0,0,0.0,0,0,0,0,0,0,0,0,0.0,1,1,1.0,2,8,0.25
s:3301~l:3321~e:401033281~c:265445,3041157,7,11,0.64,22,49,0.45,5,7,0.71,35,68,0.51,34,67,0.51,0,0,0,0.0,0,0,0.0,0,0,0.0,0,0.000,2,1,0,0.5,0,0,0.0,0,0,0.0,0,0,0.0,1,1,0,0,0,1,5,7,0.71,7,11,0.64,22,49,0.45
s:3301~l:3321~e:400972138~c:265523,4030197,10,21,0.48,37,176,0.21,21,28,0.75,76,244,0.31,75,243,0.31,0,4,10,0.4,2,6,0.33,1,2,0.5,0,0.000,1,0,0,0.0,0,0,0.0,0,0,0.0,0,0,0.0,1,0,0,0,1,1,22,30,0.73,14,31,0.45,39,182,0.21
s:3301~l:3321~e:400966346~c:265576,4030197,10,17,0.59,29,88,0.33,7,13,0.54,72,159,0.45,59,143,0.41,0,4,6,0.67,7,13,0.54,0,1,0.0,0,0.000,8,3,0,0.38,0,0,0.0,2,5,0.4,0,0,0.0,4,2,2,0,0,1,7,14,0.5,14,23,0.61,38,106,0.36
s:3301~l:3321~e:401221631~c:401233641,4687126,0,0,0.0,11,39,0.28,7,8,0.88,143,206,0.69,67,108,0.62,0,7,7,1.0,10,14,0.71,0,0,0.0,0,0.000,1,1,0,1.0,1,1,1.0,31,39,0.79,0,0,0.0,4,1,0,1,2,0,7,8,0.88,8,8,1.0,52,92,0.57
s:3301~l:3321~e:401033284~c:265457,4202873,0,0,0.0,0,5,0.0,2,3,0.67,27,33,0.82,10,16,0.62,0,0,0,0.0,0,0,0.0,0,0,0.0,1,0.000,0,0,0,0.0,0,0,0.0,8,8,1.0,0,0,0.0,0,0,0,0,0,0,2,3,0.67,0,0,0.0,8,13,0.62
s:3301~l:3321~e:401221629~c:401231061,4222369,14,25,0.56,6,41,0.15,16,19,0.84,93,161,0.58,48,105,0.46,0,3,6,0.5,1,2,0.5,1,2,0.5,1,0.000,5,0,0,0.0,0,0,0.0,7,10,0.7,0,0,0.0,1,1,0,0,0,0,17,21,0.81,17,31,0.55,14,53,0.26
s:3301~l:3321~e:401128919~c:268443,4423448,10,10,1.0,27,65,0.42,1,1,1.0,78,121,0.64,61,103,0.59,2,10,10,1.0,2,2,1.0,1,1,1.0,0,0.000,2,0,0,0.0,1,1,1.0,9,13,0.69,0,0,0.0,1,1,0,0,0,2,2,2,1.0,21,21,1.0,38,80,0.48
s:3301~l:3321~e:401033281~c:265448,4354318,0,1,0.0,4,7,0.57,0,0,0.0,20,35,0.57,20,35,0.57,1,4,7,0.57,4,7,0.57,0,0,0.0,0,0.000,0,0,0,0.0,0,0,0.0,8,13,0.62,0,0,0.0,0,0,0,0,0,0,0,0,0.0,4,8,0.5,16,27,0.59
s:3301~l:3321~e:401033279~c:265474,4339152,2,3,0.67,22,44,0.5,0,0,0.0,85,122,0.7,73,110,0.66,0,18,21,0.86,14,19,0.74,1,1,1.0,0,0.000,0,0,0,0.0,1,1,1.0,15,21,0.71,0,0,0.0,0,0,0,0,0,0,1,1,1.0,21,25,0.84,51,84,0.61
s:3301~l:3321~e:401033282~c:265440,4354420,12,15,0.8,46,78,0.59,7,7,1.0,65,100,0.65,65,100,0.65,0,0,0,0.0,0,0,0.0,0,0,0.0,0,0.000,0,0,0,0.0,0,0,0.0,0,0,0.0,0,0,0.0,0,0,0,0,0,0,7,7,1.0,12,15,0.8,46,78,0.59
s:3301~l:3321~e:401221632~c:401235977,4684238,9,17,0.53,39,146,0.27,11,13,0.85,86,212,0.41,76,199,0.38,0,12,13,0.92,5,10,0.5,0,0,0.0,0,0.000,2,0,0,0.0,0,0,0.0,0,0,0.0,0,0,0.0,0,0,0,0,0,0,11,13,0.85,21,30,0.7,44,156,0.28
s:3301~l:3321~e:401033282~c:265439,4355664,6,8,0.75,22,46,0.48,2,2,1.0,70,105,0.67,61,96,0.64,0,1,1,1.0,1,1,1.0,3,3,1.0,0,0.000,6,4,0,0.67,3,3,1.0,17,26,0.65,6,6,1.0,0,0,0,0,0,0,11,11,1.0,10,12,0.83,40,73,0.55
s:3301~l:3321~e:401033282~c:265441,4289274,6,8,0.75,71,165,0.43,28,32,0.88,111,215,0.52,111,214,0.52,1,1,1,1.0,4,5,0.8,0,0,0.0,0,0.000,1,0,0,0.0,0,0,0.0,1,3,0.33,0,0,0.0,0,0,0,0,0,0,28,32,0.88,7,9,0.78,76,173,0.44
s:3301~l:3321~e:401128925~c:269723,3119811,3,4,0.75,12,41,0.29,0,0,0.0,20,50,0.4,15,45,0.33,0,0,0,0.0,0,0,0.0,0,0,0.0,2,0.000,3,1,0,0.33,0,0,0.0,0,0,0.0,0,0,0.0,0,0,0,0,0,0,0,0,0.0,3,4,0.75,12,41,0.29
s:3301~l:3321~e:401074498~c:265420,4372196,1,1,1.0,2,9,0.22,3,3,1.0,36,56,0.64,34,53,0.64,0,1,1,1.0,0,0,0.0,0,0,0.0,0,0.000,7,3,0,0.43,0,0,0.0,27,39,0.69,0,0,0.0,6,1,2,3,0,2,3,3,1.0,2,2,1.0,29,48,0.6
s:3301~l:3321~e:401223626~c:401247222,3162581,0,0,0.0,1,5,0.2,1,1,1.0,59,74,0.8,5,12,0.42,0,0,0,0.0,0,0,0.0,0,0,0.0,0,0.000,0,0,0,0.0,0,0,0.0,3,6,0.5,0,0,0.0,0,0,0,0,0,1,1,1,1.0,0,0,0.0,4,11,0.36
s:3301~l:3321~e:401223626~c:401256298,4689223,9,15,0.6,1,24,0.04,6,12,0.5,96,136,0.71,37,75,0.49,0,11,11,1.0,9,12,0.75,0,0,0.0,0,0.000,9,2,0,0.22,1,1,1.0,0,0,0.0,0,0,0.0,0,0,0,0,0,0,6,12,0.5,21,27,0.78,10,36,0.28
s:3301~l:3321~e:401222785~c:401241746,4689223,9,11,0.82,39,95,0.41,1,2,0.5,130,225,0.58,74,148,0.5,0,6,8,0.75,13,23,0.57,0,0,0.0,0,0.000,15,6,0,0.4,0,0,0.0,6,9,0.67,0,0,0.0,4,0,4,0,0,0,1,2,0.5,15,19,0.79,58,127,0.46
s:3301~l:3321~e:401223625~c:401256294,4294278,15,30,0.5,28,122,0.23,7,7,1.0,60,170,0.35,54,163,0.33,0,3,3,1.0,1,1,1.0,0,0,0.0,0,0.000,1,0,0,0.0,0,0,0.0,0,0,0.0,0,0,0.0,0,0,0,0,0,0,7,7,1.0,18,33,0.55,29,123,0.24
s:3301~l:3321~e:401033283~c:265430,4294278,4,5,0.8,13,35,0.37,0,0,0.0,17,40,0.42,17,40,0.42,0,0,0,0.0,0,0,0.0,0,0,0.0,0,0.000,1,0,0,0.0,0,0,0.0,0,0,0.0,0,0,0.0,0,0,0,0,0,0,0,0,0.0,4,5,0.8,13,35,0.37
s:3301~l:3321~e:401222785~c:401241747,3913473,1,2,0.5,2,7,0.29,7,10,0.7,13,23,0.57,13,23,0.57,1,0,0,0.0,0,0,0.0,0,0,0.0,0,0.000,0,0,0,0.0,0,0,0.0,3,4,0.75,0,0,0.0,0,0,0,0,0,0,7,10,0.7,1,2,0.5,5,11,0.45
s:3301~l:3321~e:400966348~c:265545,3913473,1,2,0.5,4,17,0.24,2,2,1.0,52,91,0.57,17,41,0.41,0,1,1,1.0,2,5,0.4,0,0,0.0,0,0.000,7,1,0,0.14,2,2,1.0,5,12,0.42,0,0,0.0,4,2,2,0,0,0,2,2,1.0,4,5,0.8,11,34,0.32
s:3301~l:3321~e:401033282~c:265442,4237606,1,1,1.0,13,25,0.52,3,3,1.0,55,80,0.69,51,76,0.67,1,2,2,1.0,5,8,0.62,0,0,0.0,0,0.000,3,2,0,0.67,1,1,1.0,26,36,0.72,0,0,0.0,2,0,2,0,0,0,3,3,1.0,4,4,1.0,44,69,0.64
s:3301~l:3321~e:401033277~c:265481,3938715,5,5,1.0,10,25,0.4,3,4,0.75,76,106,0.72,49,77,0.64,0,2,4,0.5,4,5,0.8,0,0,0.0,0,0.000,9,4,0,0.44,3,3,1.0,22,31,0.71,0,0,0.0,2,0,0,1,1,1,3,4,0.75,10,12,0.83,36,61,0.59
s:3301~l:3321~e:401221629~c:401231060,4686567,0,0,0.0,2,12,0.17,0,0,0.0,2,12,0.17,2,12,0.17,0,0,0,0.0,0,0,0.0,0,0,0.0,0,0.000,0,0,0,0.0,0,0,0.0,0,0,0.0,0,0,0.0,0,0,0,0,0,0,0,0,0.0,0,0,0.0,2,12,0.17
s:3301~l:3321~e:401221629~c:401231039,3926497,0,0,0.0,1,5,0.2,1,1,1.0,4,9,0.44,2,6,0.33,0,0,0,0.0,0,0,0.0,0,0,0.0,0,0.000,0,0,0,0.0,0,0,0.0,0,0,0.0,0,0,0.0,0,0,0,0,0,0,1,1,1.0,0,0,0.0,1,5,0.2
s:3301~l:3321~e:400972138~c:265521,3926497,6,8,0.75,3,17,0.18,7,9,0.78,21,43,0.49,18,39,0.46,0,0,2,0.0,2,3,0.67,0,0,0.0,1,0.000,1,0,0,0.0,0,0,0.0,0,0,0.0,0,0,0.0,0,0,0,0,0,1,7,9,0.78,6,10,0.6,5,20,0.25
s:3301~l:3321~e:401033280~c:265449,2555540,12,15,0.8,36,83,0.43,1,1,1.0,75,130,0.58,50,102,0.49,1,0,0,0.0,1,2,0.5,0,0,0.0,0,0.000,0,0,0,0.0,0,0,0.0,0,1,0.0,0,0,0.0,0,0,0,0,0,0,1,1,1.0,12,15,0.8,37,86,0.43
s:3301~l:3321~e:401128918~c:264864,4573211,0,0,0.0,7,16,0.44,0,0,0.0,12,24,0.5,12,23,0.52,0,0,0,0.0,5,7,0.71,0,0,0.0,0,0.000,0,0,0,0.0,0,0,0.0,0,0,0.0,0,0,0.0,0,0,0,0,0,0,0,0,0.0,0,0,0.0,12,23,0.52
s:3301~l:3321~e:401128918~c:264861,4033520,5,6,0.83,52,107,0.49,6,6,1.0,134,212,0.63,109,177,0.62,0,17,18,0.94,28,39,0.72,1,1,1.0,0,0.000,0,0,0,0.0,0,0,0.0,0,0,0.0,0,0,0.0,0,0,0,0,0,0,7,7,1.0,22,24,0.92,80,146,0.55
s:3301~l:3321~e:401128918~c:264865,4569669,3,3,1.0,8,23,0.35,0,0,0.0,25,40,0.62,17,32,0.53,1,1,1,1.0,3,3,1.0,1,1,1.0,0,0.000,5,2,0,0.4,0,0,0.0,1,1,1.0,0,0,0.0,2,0,2,0,0,1,1,1,1.0,4,4,1.0,12,27,0.44
s:3301~l:3321~e:401128925~c:266408,4245681,2,4,0.5,4,24,0.17,4,5,0.8,31,58,0.53,25,51,0.49,0,2,2,1.0,12,14,0.86,1,1,1.0,0,0.200,5,2,1,0.4,0,0,0.0,0,1,0.0,0,0,0.0,1,0,0,0,1,0,5,6,0.83,4,6,0.67,16,39,0.41
s:3301~l:3321~e:400968459~c:238811,4245681,2,2,1.0,17,59,0.29,1,2,0.5,43,91,0.47,33,78,0.42,0,5,5,1.0,7,8,0.88,1,1,1.0,0,0.000,4,0,0,0.0,0,0,0.0,0,1,0.0,0,0,0.0,0,0,0,0,0,0,2,3,0.67,7,7,1.0,24,68,0.35
s:3301~l:3321~e:401128924~c:269714,4409396,6,9,0.67,8,25,0.32,1,1,1.0,24,47,0.51,23,46,0.5,0,4,4,1.0,3,6,0.5,1,1,1.0,0,0.000,1,0,0,0.0,0,0,0.0,0,0,0.0,0,0,0.0,0,0,0,0,0,0,2,2,1.0,10,13,0.77,11,31,0.35
s:3301~l:3321~e:401128923~c:268321,3897220,12,16,0.75,79,207,0.38,4,4,1.0,96,228,0.42,95,227,0.42,0,0,0,0.0,0,0,0.0,0,0,0.0,0,0.000,0,0,0,0.0,0,0,0.0,0,0,0.0,0,0,0.0,0,0,0,0,0,0,4,4,1.0,12,16,0.75,79,207,0.38
s:3301~l:3321~e:401128921~c:268453,4424222,4,4,1.0,3,14,0.21,4,4,1.0,41,62,0.66,15,27,0.56,0,0,0,0.0,0,0,0.0,0,0,0.0,0,0.000,4,1,0,0.25,0,0,0.0,4,5,0.8,0,0,0.0,1,0,0,0,1,0,4,4,1.0,4,4,1.0,7,19,0.37
s:3301~l:3321~e:401221631~c:401233643,4424582,7,12,0.58,9,26,0.35,1,2,0.5,41,69,0.59,21,47,0.45,0,0,0,0.0,0,0,0.0,0,0,0.0,2,0.000,3,1,0,0.33,0,0,0.0,4,7,0.57,0,0,0.0,2,1,0,0,1,2,1,2,0.5,7,12,0.58,13,33,0.39
s:3301~l:3321~e:401128921~c:268454,4424582,14,17,0.82,103,143,0.72,2,2,1.0,182,239,0.76,147,195,0.75,0,1,1,1.0,3,4,0.75,0,0,0.0,1,0.000,2,1,0,0.5,1,1,1.0,23,27,0.85,0,0,0.0,4,2,1,0,1,2,2,2,1.0,16,19,0.84,129,174,0.74
s:3301~l:3321~e:401128917~c:268440,4080575,4,5,0.8,30,91,0.33,16,18,0.89,59,126,0.47,56,120,0.47,0,4,4,1.0,2,2,1.0,0,0,0.0,0,0.000,6,2,0,0.33,0,0,0.0,0,0,0.0,0,0,0.0,0,0,0,0,0,0,16,18,0.89,8,9,0.89,32,93,0.34
s:3301~l:3321~e:400968459~c:238660,3020777,1,1,1.0,6,23,0.26,2,2,1.0,41,66,0.62,29,53,0.55,0,0,0,0.0,0,2,0.0,0,0,0.0,1,0.500,2,2,1,1.0,0,0,0.0,20,25,0.8,0,0,0.0,6,1,3,1,1,1,2,2,1.0,1,1,1.0,26,50,0.52
s:3301~l:3321~e:400961602~c:237191,3020777,1,2,0.5,0,6,0.0,5,8,0.62,18,29,0.62,13,24,0.54,0,1,1,1.0,1,2,0.5,0,0,0.0,1,0.000,1,1,0,1.0,0,0,0.0,5,5,1.0,0,0,0.0,2,0,0,0,2,1,5,8,0.62,2,3,0.67,6,13,0.46
s:3301~l:3321~e:400972138~c:265525,3983543,4,4,1.0,6,26,0.23,8,12,0.67,78,112,0.7,45,72,0.62,0,2,2,1.0,1,2,0.5,0,0,0.0,2,0.167,6,2,1,0.33,1,1,1.0,23,25,0.92,0,0,0.0,4,0,2,2,0,1,8,12,0.67,7,7,1.0,30,53,0.57
s:3301~l:3321~e:401033279~c:265475,3611366,0,0,0.0,3,3,1.0,0,0,0.0,3,3,1.0,3,3,1.0,1,0,0,0.0,0,0,0.0,0,0,0.0,0,0.000,0,0,0,0.0,0,0,0.0,0,0,0.0,0,0,0.0,0,0,0,0,0,0,0,0,0.0,0,0,0.0,3,3,1.0
s:3301~l:3321~e:401074497~c:265435,4039957,12,15,0.8,22,94,0.23,12,17,0.71,78,161,0.48,47,127,0.37,0,1,1,1.0,0,0,0.0,0,0,0.0,0,0.000,3,0,0,0.0,0,0,0.0,0,0,0.0,0,0,0.0,0,0,0,0,0,0,12,17,0.71,13,16,0.81,22,94,0.23
s:3301~l:3321~e:401074496~c:265425,3054275,9,11,0.82,15,39,0.38,3,3,1.0,50,78,0.64,38,66,0.58,0,4,4,1.0,4,4,1.0,0,0,0.0,1,0.000,0,0,0,0.0,0,0,0.0,2,4,0.5,1,1,1.0,0,0,0,0,0,0,4,4,1.0,13,15,0.87,21,47,0.45
s:3301~l:3321~e:401074496~c:265427,4371000,6,11,0.55,21,32,0.66,2,4,0.5,45,66,0.68,39,60,0.65,0,2,2,1.0,3,4,0.75,0,0,0.0,0,0.000,2,0,0,0.0,0,0,0.0,5,7,0.71,0,0,0.0,0,0,0,0,0,0,2,4,0.5,8,13,0.62,29,43,0.67
s:3301~l:3321~e:401074496~c:265428,4371003,0,0,0.0,0,5,0.0,1,2,0.5,2,10,0.2,2,9,0.22,0,1,1,1.0,0,1,0.0,0,0,0.0,0,0.000,1,0,0,0.0,0,0,0.0,0,0,0.0,0,0,0.0,0,0,0,0,0,0,1,2,0.5,1,1,1.0,0,6,0.0
s:3301~l:3321~e:401033283~c:265430,4354425,0,1,0.0,23,43,0.53,4,4,1.0,34,55,0.62,34,55,0.62,1,0,0,0.0,7,7,1.0,0,0,0.0,0,0.000,0,0,0,0.0,0,0,0.0,0,0,0.0,0,0,0.0,0,0,0,0,0,0,4,4,1.0,0,1,0.0,30,50,0.6
s:3301~l:3321~e:401033283~c:265431,4354424,4,4,1.0,5,18,0.28,10,10,1.0,19,32,0.59,19,32,0.59,0,0,0,0.0,0,0,0.0,0,0,0.0,0,0.000,0,0,0,0.0,0,0,0.0,0,0,0.0,0,0,0.0,0,0,0,0,0,0,10,10,1.0,4,4,1.0,5,18,0.28
s:3301~l:3321~e:401033282~c:265440,4081555,4,5,0.8,37,83,0.45,0,0,0.0,43,90,0.48,41,88,0.47,0,0,0,0.0,0,0,0.0,0,0,0.0,0,0.000,0,0,0,0.0,0,0,0.0,0,0,0.0,0,0,0.0,0,0,0,0,0,0,0,0,0.0,4,5,0.8,37,83,0.45
s:3301~l:3321~e:401033282~c:265442,3028694,2,4,0.5,1,5,0.2,1,1,1.0,10,20,0.5,6,15,0.4,0,0,0,0.0,2,5,0.4,0,0,0.0,0,0.000,1,0,0,0.0,0,0,0.0,0,0,0.0,0,0,0.0,0,0,0,0,0,0,1,1,1.0,2,4,0.5,3,10,0.3
s:3301~l:3321~e:401033280~c:265449,4357555,1,1,1.0,46,98,0.47,0,0,0.0,78,135,0.58,56,113,0.5,0,0,0,0.0,0,0,0.0,0,0,0.0,0,0.000,7,2,0,0.29,1,1,1.0,8,13,0.62,0,0,0.0,2,0,1,0,1,0,0,0,0.0,2,2,1.0,54,111,0.49
s:3301~l:3321~e:401033279~c:265474,4039866,2,3,0.67,5,10,0.5,4,7,0.57,21,33,0.64,14,26,0.54,0,2,3,0.67,0,0,0.0,1,1,1.0,0,0.000,6,1,0,0.17,0,0,0.0,0,2,0.0,0,0,0.0,0,0,0,0,0,0,5,8,0.62,4,6,0.67,5,12,0.42
s:3301~l:3321~e:401033277~c:265479,4339144,1,2,0.5,2,9,0.22,0,1,0.0,3,12,0.25,3,12,0.25,0,0,0,0.0,0,0,0.0,0,0,0.0,0,0.000,1,0,0,0.0,0,0,0.0,0,0,0.0,0,0,0.0,0,0,0,0,0,0,0,1,0.0,1,2,0.5,2,9,0.22
s:3301~l:3321~e:400972137~c:265529,2984784,1,1,1.0,17,39,0.44,1,2,0.5,27,56,0.48,22,50,0.44,1,0,1,0.0,2,5,0.4,1,1,1.0,0,0.000,0,0,0,0.0,0,0,0.0,0,1,0.0,0,0,0.0,0,0,0,0,0,0,2,3,0.67,1,2,0.5,19,45,0.42
s:3301~l:3321~e:400972138~c:265522,4249191,5,12,0.42,18,56,0.32,2,5,0.4,31,81,0.38,30,79,0.38,0,3,3,1.0,2,2,1.0,0,0,0.0,0,0.000,1,0,0,0.0,0,0,0.0,0,1,0.0,0,0,0.0,0,0,0,0,0,0,2,5,0.4,8,15,0.53,20,59,0.34
s:3301~l:3321~e:400972138~c:265524,3153109,6,7,0.86,23,83,0.28,2,2,1.0,37,100,0.37,34,97,0.35,0,1,2,0.5,1,2,0.5,1,1,1.0,0,0.000,5,0,0,0.0,0,0,0.0,0,0,0.0,0,0,0.0,0,0,0,0,0,0,3,3,1.0,7,9,0.78,24,85,0.28
s:3301~l:3321~e:400968459~c:238813,3074719,1,1,1.0,2,6,0.33,0,0,0.0,10,15,0.67,3,7,0.43,0,0,0,0.0,0,0,0.0,0,0,0.0,0,0.000,2,1,0,0.5,0,0,0.0,0,0,0.0,0,0,0.0,0,0,0,0,0,0,0,0,0.0,1,1,1.0,2,6,0.33
s:3301~l:3321~e:400966347~c:265555,3087807,0,0,0.0,0,4,0.0,2,3,0.67,3,8,0.38,2,7,0.29,0,0,0,0.0,0,0,0.0,0,0,0.0,0,0.000,3,1,0,0.33,0,0,0.0,0,0,0.0,0,0,0.0,0,0,0,0,0,0,2,3,0.67,0,0,0.0,0,4,0.0
s:3301~l:3321~e:400966346~c:265532,2553221,1,2,0.5,4,19,0.21,1,1,1.0,20,41,0.49,18,39,0.46,1,2,2,1.0,5,10,0.5,0,0,0.0,0,0.000,0,0,0,0.0,0,0,0.0,5,5,1.0,0,0,0.0,0,0,0,0,0,0,1,1,1.0,3,4,0.75,14,34,0.41
s:3301~l:3321~e:600055020~c:401808378,5296753,2,3,0.67,3,8,0.38,2,3,0.67,35,42,0.83,10,17,0.59,1,1,1,1.0,2,2,1.0,0,0,0.0,0,0.000,0,0,0,0.0,0,0,0.0,0,0,0.0,0,0,0.0,0,0,0,0,0,0,2,3,0.67,3,4,0.75,5,10,0.5
s:3301~l:3321~e:600055005~c:401813458,5302831,0,0,0.0,9,15,0.6,3,3,1.0,15,21,0.71,15,21,0.71,1,0,0,0.0,0,0,0.0,0,0,0.0,0,0.000,0,0,0,0.0,0,0,0.0,3,3,1.0,0,0,0.0,0,0,0,0,0,0,3,3,1.0,0,0,0.0,12,18,0.67
s:3301~l:3321~e:600036497~c:401591072,5145495,10,13,0.77,52,93,0.56,3,7,0.43,136,209,0.65,87,152,0.57,0,4,4,1.0,8,16,0.5,0,0,0.0,1,0.000,1,1,0,1.0,1,2,0.5,7,13,0.54,2,4,0.5,0,0,0,0,0,0,5,11,0.45,15,19,0.79,67,122,0.55
s:3301~l:3321~e:600047776~c:401715288,5216713,15,22,0.68,13,26,0.5,21,22,0.95,53,77,0.69,52,76,0.68,1,0,0,0.0,3,6,0.5,0,0,0.0,0,0.000,5,0,0,0.0,0,0,0.0,0,0,0.0,0,0,0.0,0,0,0,0,0,0,21,22,0.95,15,22,0.68,16,32,0.5
s:3301~l:3321~e:600055032~c:401794770,5282616,0,0,0.0,2,6,0.33,0,0,0.0,4,10,0.4,4,10,0.4,0,1,1,1.0,1,3,0.33,0,0,0.0,1,0.000,0,0,0,0.0,0,0,0.0,0,0,0.0,0,0,0.0,0,0,0,0,0,0,0,0,0.0,1,1,1.0,3,9,0.33
s:3301~l:3321~e:600055032~c:401823573,4916608,0,5,0.0,0,5,0.0,3,9,0.33,3,19,0.16,3,19,0.16,0,0,0,0.0,0,0,0.0,0,0,0.0,0,0.000,0,0,0,0.0,0,0,0.0,0,0,0.0,0,0,0.0,0,0,0,0,0,0,3,9,0.33,0,5,0.0,0,5,0.0
s:3301~l:3321~e:600055032~c:401823574,5308769,25,31,0.81,45,116,0.39,7,9,0.78,97,185,0.52,85,166,0.51,0,4,4,1.0,3,5,0.6,0,0,0.0,0,0.000,2,0,0,0.0,0,0,0.0,1,1,1.0,0,0,0.0,0,0,0,0,0,0,7,9,0.78,29,35,0.83,49,122,0.4
s:3301~l:3321~e:600055032~c:401823575,5277050,0,1,0.0,0,4,0.0,0,1,0.0,3,10,0.3,2,9,0.22,0,0,0,0.0,2,3,0.67,0,0,0.0,0,0.000,2,1,0,0.5,0,0,0.0,0,0,0.0,0,0,0.0,0,0,0,0,0,0,0,1,0.0,0,1,0.0,2,7,0.29
s:3301~l:3321~e:600055032~c:401823576,5308871,4,7,0.57,8,33,0.24,0,0,0.0,21,52,0.4,13,42,0.31,0,1,1,1.0,0,1,0.0,0,0,0.0,0,0.000,1,1,0,1.0,0,0,0.0,0,0,0.0,0,0,0.0,0,0,0,0,0,1,0,0,0.0,5,8,0.62,8,34,0.24
s:3301~l:3321~e:600055031~c:401819851,5307813,2,8,0.25,5,14,0.36,5,6,0.83,13,29,0.45,13,29,0.45,0,1,1,1.0,0,0,0.0,0,0,0.0,0,0.000,2,0,0,0.0,0,0,0.0,0,0,0.0,0,0,0.0,0,0,0,0,0,1,5,6,0.83,3,9,0.33,5,14,0.36
s:3301~l:3321~e:600055031~c:401819853,5307811,1,1,1.0,0,1,0.0,1,1,1.0,2,3,0.67,2,3,0.67,0,0,0,0.0,0,0,0.0,0,0,0.0,0,0.000,0,0,0,0.0,0,0,0.0,0,0,0.0,0,0,0.0,0,0,0,0,0,0,1,1,1.0,1,1,1.0,0,1,0.0
s:3301~l:3321~e:600055031~c:401794769,5307814,0,0,0.0,1,1,1.0,0,0,0.0,12,15,0.8,3,3,1.0,0,0,0,0.0,1,1,1.0,0,0,0.0,0,0.000,5,2,0,0.4,0,0,0.0,1,1,1.0,0,0,0.0,0,0,0,0,0,1,0,0,0.0,0,0,0.0,3,3,1.0
s:3301~l:3321~e:600055031~c:401819854,5293566,3,6,0.5,20,55,0.36,12,17,0.71,44,89,0.49,37,80,0.46,0,1,1,1.0,1,1,1.0,0,0,0.0,0,0.000,0,0,0,0.0,0,0,0.0,0,0,0.0,0,0,0.0,0,0,0,0,0,0,12,17,0.71,4,7,0.57,21,56,0.38
s:3301~l:3321~e:600055031~c:401819852,5086848,6,7,0.86,10,34,0.29,4,5,0.8,34,67,0.51,25,52,0.48,0,2,2,1.0,1,2,0.5,0,0,0.0,0,0.000,6,1,0,0.17,0,0,0.0,2,2,1.0,0,0,0.0,0,0,0,0,0,0,4,5,0.8,8,9,0.89,13,38,0.34
s:3301~l:3321~e:600055007~c:401819811,5292023,1,1,1.0,1,6,0.17,0,0,0.0,2,7,0.29,2,7,0.29,0,0,0,0.0,0,0,0.0,0,0,0.0,0,0.000,0,0,0,0.0,0,0,0.0,0,0,0.0,0,0,0.0,0,0,0,0,0,0,0,0,0.0,1,1,1.0,1,6,0.17
s:3301~l:3321~e:600055007~c:401819810,5292014,4,4,1.0,10,21,0.48,0,0,0.0,42,57,0.74,33,46,0.72,0,7,8,0.88,7,7,1.0,4,5,0.8,0,0.000,15,6,0,0.4,0,0,0.0,1,1,1.0,0,0,0.0,0,0,0,0,0,0,4,5,0.8,11,12,0.92,18,29,0.62
s:3301~l:3321~e:600055007~c:401808387,5157674,31,43,0.72,60,200,0.3,17,20,0.85,116,275,0.42,115,274,0.42,0,5,5,1.0,2,6,0.33,0,0,0.0,0,0.000,11,0,0,0.0,0,0,0.0,0,0,0.0,0,0,0.0,0,0,0,0,0,0,17,20,0.85,36,48,0.75,62,206,0.3
s:3301~l:3321~e:600036494~c:401571755,5145682,7,13,0.54,18,40,0.45,4,4,1.0,32,60,0.53,32,60,0.53,1,0,0,0.0,0,0,0.0,0,0,0.0,0,0.000,0,0,0,0.0,0,0,0.0,3,3,1.0,0,0,0.0,0,0,0,0,0,0,4,4,1.0,7,13,0.54,21,43,0.49
s:3301~l:3321~e:600055006~c:401794187,5228596,1,1,1.0,3,13,0.23,2,3,0.67,6,17,0.35,6,17,0.35,0,0,0,0.0,0,0,0.0,0,0,0.0,0,0.000,0,0,0,0.0,0,0,0.0,0,0,0.0,0,0,0.0,0,0,0,0,0,0,2,3,0.67,1,1,1.0,3,13,0.23
s:3301~l:3321~e:600055006~c:401805483,4977642,0,0,0.0,0,3,0.0,0,0,0.0,0,3,0.0,0,3,0.0,0,0,0,0.0,0,0,0.0,0,0,0.0,0,0.000,2,0,0,0.0,0,0,0.0,0,0,0.0,0,0,0.0,0,0,0,0,0,0,0,0,0.0,0,0,0.0,0,3,0.0
s:3301~l:3321~e:600055006~c:401805484,4063786,0,3,0.0,14,28,0.5,12,13,0.92,30,48,0.62,30,48,0.62,1,0,0,0.0,0,0,0.0,0,0,0.0,0,0.000,0,0,0,0.0,0,0,0.0,4,4,1.0,0,0,0.0,0,0,0,0,0,0,12,13,0.92,0,3,0.0,18,32,0.56
s:3301~l:3321~e:600055006~c:401805486,5212849,12,22,0.55,78,167,0.47,7,7,1.0,119,227,0.52,113,218,0.52,0,6,7,0.86,10,15,0.67,0,0,0.0,0,0.000,1,0,0,0.0,0,0,0.0,0,0,0.0,0,0,0.0,0,0,0,0,0,0,7,7,1.0,18,29,0.62,88,182,0.48
s:3301~l:3321~e:600055005~c:401813457,5216997,2,4,0.5,3,20,0.15,1,2,0.5,6,30,0.2,6,29,0.21,0,0,0,0.0,0,3,0.0,0,0,0.0,0,0.000,1,0,0,0.0,0,0,0.0,0,0,0.0,0,0,0.0,0,0,0,0,0,0,1,2,0.5,2,4,0.5,3,23,0.13
s:3301~l:3321~e:600055005~c:401804266,4915407,8,14,0.57,13,37,0.35,11,13,0.85,33,66,0.5,32,65,0.49,0,0,0,0.0,0,1,0.0,0,0,0.0,0,0.000,2,0,0,0.0,0,0,0.0,0,0,0.0,0,0,0.0,0,0,0,0,0,0,11,13,0.85,8,14,0.57,13,38,0.34
s:3301~l:3321~e:600055005~c:401804267,5291025,1,2,0.5,4,5,0.8,1,1,1.0,16,18,0.89,16,18,0.89,1,1,1,1.0,0,0,0.0,0,0,0.0,0,0.000,0,0,0,0.0,0,0,0.0,9,9,1.0,0,0,0.0,0,0,0,0,0,0,1,1,1.0,2,3,0.67,13,14,0.93
s:3301~l:3321~e:600055005~c:401804268,5180489,3,4,0.75,7,23,0.3,1,3,0.33,63,96,0.66,17,38,0.45,0,4,4,1.0,1,1,1.0,0,0,0.0,0,0.000,8,3,0,0.38,0,0,0.0,1,3,0.33,0,0,0.0,0,0,0,0,0,1,1,3,0.33,7,8,0.88,9,27,0.33
s:3301~l:3321~e:600011552~c:401382950,4894864,25,50,0.5,26,111,0.23,27,33,0.82,78,196,0.4,78,195,0.4,0,0,0,0.0,0,1,0.0,0,0,0.0,0,0.000,6,0,0,0.0,0,0,0.0,0,0,0.0,0,0,0.0,0,0,0,0,0,0,27,33,0.82,25,50,0.5,26,112,0.23
s:3301~l:3321~e:600055021~c:401794169,5219928,8,12,0.67,26,118,0.22,1,5,0.2,38,140,0.27,38,140,0.27,0,0,0,0.0,3,5,0.6,0,0,0.0,0,0.000,5,2,0,0.4,0,0,0.0,0,0,0.0,0,0,0.0,0,0,0,0,0,0,1,5,0.2,8,12,0.67,29,123,0.24
s:3301~l:3321~e:600055021~c:401808380,5296762,4,7,0.57,2,16,0.12,8,8,1.0,14,31,0.45,14,31,0.45,0,0,0,0.0,0,0,0.0,0,0,0.0,0,0.000,0,0,0,0.0,0,0,0.0,0,0,0.0,0,0,0.0,0,0,0,0,0,0,8,8,1.0,4,7,0.57,2,16,0.12
s:3301~l:3321~e:600055021~c:401801205,5292169,2,6,0.33,4,21,0.19,4,7,0.57,26,54,0.48,10,35,0.29,0,0,0,0.0,0,1,0.0,0,0,0.0,1,0.000,1,0,0,0.0,0,0,0.0,0,0,0.0,0,0,0.0,0,0,0,0,0,1,4,7,0.57,2,6,0.33,4,22,0.18
s:3301~l:3321~e:600055021~c:401801206,4049391,0,0,0.0,2,3,0.67,0,0,0.0,51,69,0.74,27,35,0.77,0,0,0,0.0,0,0,0.0,0,0,0.0,0,0.000,13,6,0,0.46,0,0,0.0,25,32,0.78,0,0,0.0,0,0,0,0,0,0,0,0,0.0,0,0,0.0,27,35,0.77
s:3301~l:3321~e:600055021~c:401801207,5290789,0,1,0.0,7,37,0.19,0,0,0.0,7,39,0.18,7,39,0.18,0,0,0,0.0,0,1,0.0,0,0,0.0,0,0.000,1,0,0,0.0,0,0,0.0,0,0,0.0,0,0,0.0,0,0,0,0,0,0,0,0,0.0,0,1,0.0,7,38,0.18
s:3301~l:3321~e:600055020~c:401793731,5287881,3,4,0.75,16,42,0.38,3,4,0.75,34,67,0.51,30,63,0.48,0,0,0,0.0,2,3,0.67,0,0,0.0,0,0.000,0,0,0,0.0,0,0,0.0,6,10,0.6,0,0,0.0,0,0,0,0,0,0,3,4,0.75,3,4,0.75,24,55,0.44
s:3301~l:3321~e:600055020~c:401793732,5290957,5,8,0.62,67,220,0.3,1,1,1.0,89,251,0.35,84,246,0.34,0,4,4,1.0,7,13,0.54,0,0,0.0,0,0.000,0,0,0,0.0,0,0,0.0,0,0,0.0,0,0,0.0,0,0,0,0,0,0,1,1,1.0,9,12,0.75,74,233,0.32
s:3301~l:3321~e:600055020~c:401793734,5279283,1,1,1.0,0,1,0.0,1,2,0.5,56,82,0.68,14,27,0.52,0,1,1,1.0,1,6,0.17,0,0,0.0,4,0.000,1,0,0,0.0,0,0,0.0,10,16,0.62,0,0,0.0,0,0,0,0,0,2,1,2,0.5,2,2,1.0,11,23,0.48
s:3301~l:3321~e:600055020~c:401793735,5282842,4,4,1.0,33,112,0.29,10,11,0.91,78,165,0.47,51,135,0.38,0,1,1,1.0,2,2,1.0,0,0,0.0,1,0.000,0,0,0,0.0,0,0,0.0,1,5,0.2,0,0,0.0,0,0,0,0,0,0,10,11,0.91,5,5,1.0,36,119,0.3
s:3301~l:3321~e:600036332~c:401567321,5144008,27,29,0.93,94,221,0.43,16,17,0.94,163,300,0.54,145,282,0.51,0,5,5,1.0,3,10,0.3,0,0,0.0,0,0.000,1,0,0,0.0,0,0,0.0,0,0,0.0,0,0,0.0,0,0,0,0,0,0,16,17,0.94,32,34,0.94,97,231,0.42
s:3301~l:3321~e:600047775~c:401690354,4701954,5,8,0.62,33,73,0.45,3,3,1.0,107,173,0.62,54,104,0.52,0,1,1,1.0,2,4,0.5,0,0,0.0,0,0.000,6,2,0,0.33,0,0,0.0,10,15,0.67,0,0,0.0,0,0,0,0,0,0,3,3,1.0,6,9,0.67,45,92,0.49
s:3301~l:3321~e:600047624~c:401686958,5211221,0,2,0.0,22,57,0.39,1,1,1.0,55,97,0.57,48,90,0.53,0,0,0,0.0,0,0,0.0,0,0,0.0,0,0.000,0,0,0,0.0,0,0,0.0,25,30,0.83,0,0,0.0,0,0,0,0,0,0,1,1,1.0,0,2,0.0,47,87,0.54
s:3301~l:3321~e:600047774~c:401698249,5212854,5,7,0.71,12,20,0.6,3,3,1.0,20,30,0.67,20,30,0.67,1,0,0,0.0,0,0,0.0,0,0,0.0,0,0.000,1,0,0,0.0,0,0,0.0,0,0,0.0,0,0,0.0,0,0,0,0,0,0,3,3,1.0,5,7,0.71,12,20,0.6
s:3301~l:3321~e:600022207~c:401466056,4601333,5,15,0.33,41,147,0.28,5,6,0.83,55,174,0.32,55,174,0.32,0,1,1,1.0,3,5,0.6,0,0,0.0,0,0.000,4,1,0,0.25,0,0,0.0,0,0,0.0,0,0,0.0,0,0,0,0,0,0,5,6,0.83,6,16,0.38,44,152,0.29
s:3301~l:3321~e:600022211~c:401483870,5088844,0,1,0.0,4,12,0.33,5,6,0.83,91,143,0.64,20,40,0.5,0,0,0,0.0,0,0,0.0,0,0,0.0,3,0.000,5,3,0,0.6,0,0,0.0,11,21,0.52,0,0,0.0,0,0,0,0,0,1,5,6,0.83,0,1,0.0,15,33,0.45
s:3301~l:3321~e:401221629~c:401231061,4685888,4,5,0.8,6,24,0.25,3,4,0.75,27,63,0.43,19,51,0.37,0,0,0,0.0,0,3,0.0,0,0,0.0,1,0.000,4,2,0,0.5,0,0,0.0,4,13,0.31,2,2,1.0,5,1,2,0,2,2,5,6,0.83,4,5,0.8,10,40,0.25
s:3301~l:3321~e:600047775~c:401699793,5211223,1,1,1.0,18,31,0.58,2,2,1.0,27,41,0.66,25,39,0.64,1,0,0,0.0,4,4,1.0,0,0,0.0,0,0.000,0,0,0,0.0,0,0,0.0,0,1,0.0,0,0,0.0,0,0,0,0,0,0,2,2,1.0,1,1,1.0,22,36,0.61
s:3301~l:3321~e:600022209~c:401467664,3093513,18,20,0.9,56,120,0.47,3,4,0.75,85,158,0.54,85,158,0.54,1,1,1,1.0,4,6,0.67,0,0,0.0,0,0.000,3,1,0,0.33,0,0,0.0,3,7,0.43,0,0,0.0,0,0,0,0,0,0,3,4,0.75,19,21,0.9,63,133,0.47
s:3301~l:3321~e:600047781~c:401724486,5057385,2,7,0.29,44,96,0.46,3,4,0.75,71,136,0.52,59,120,0.49,0,1,2,0.5,9,11,0.82,0,0,0.0,0,0.000,3,1,0,0.33,0,0,0.0,0,0,0.0,0,0,0.0,0,0,0,0,0,1,3,4,0.75,3,9,0.33,53,107,0.5
s:3301~l:3321~e:600047781~c:401724507,5223854,8,14,0.57,15,46,0.33,6,9,0.67,50,101,0.5,38,86,0.44,0,5,6,0.83,2,7,0.29,0,0,0.0,0,0.000,11,5,0,0.45,0,0,0.0,2,4,0.5,0,0,0.0,0,0,0,0,0,0,6,9,0.67,13,20,0.65,19,57,0.33
s:3301~l:3321~e:600047781~c:401721187,5218668,1,1,1.0,0,1,0.0,0,0,0.0,6,7,0.86,5,6,0.83,0,4,4,1.0,0,0,0.0,0,0,0.0,0,0.000,2,1,0,0.5,0,0,0.0,0,0,0.0,0,0,0.0,0,0,0,0,0,1,0,0,0.0,5,5,1.0,0,1,0.0
s:3301~l:3321~e:600047780~c:401690359,5217455,0,0,0.0,1,11,0.09,0,0,0.0,6,20,0.3,3,15,0.2,0,0,0,0.0,0,2,0.0,0,0,0.0,0,0.000,5,0,0,0.0,0,0,0.0,2,2,1.0,0,0,0.0,0,0,0,0,0,0,0,0,0.0,0,0,0.0,3,15,0.2
s:3301~l:3321~e:600047780~c:401724477,5218818,2,4,0.5,1,10,0.1,4,4,1.0,7,18,0.39,7,18,0.39,0,0,0,0.0,0,0,0.0,0,0,0.0,0,0.000,0,0,0,0.0,0,0,0.0,0,0,0.0,0,0,0.0,0,0,0,0,0,0,4,4,1.0,2,4,0.5,1,10,0.1
s:3301~l:3321~e:600047780~c:401724481,5001017,20,30,0.67,38,73,0.52,0,0,0.0,86,140,0.61,76,127,0.6,0,3,3,1.0,7,9,0.78,0,0,0.0,0,0.000,9,4,0,0.44,1,1,1.0,7,11,0.64,0,0,0.0,0,0,0,0,0,0,0,0,0.0,24,34,0.71,52,93,0.56
s:3301~l:3321~e:600047779~c:401690358,4571450,10,12,0.83,28,45,0.62,0,0,0.0,38,58,0.66,38,57,0.67,0,0,0,0.0,0,0,0.0,0,0,0.0,1,0.000,0,0,0,0.0,0,0,0.0,0,0,0.0,0,0,0.0,0,0,0,0,0,5,0,0,0.0,10,12,0.83,28,45,0.62
s:3301~l:3321~e:600047778~c:401717098,5216849,1,1,1.0,3,16,0.19,2,2,1.0,16,30,0.53,7,20,0.35,0,0,0,0.0,0,0,0.0,0,0,0.0,0,0.000,0,0,0,0.0,0,0,0.0,1,1,1.0,0,0,0.0,0,0,0,0,0,2,2,2,1.0,1,1,1.0,4,17,0.24
s:3301~l:3321~e:600047776~c:401703288,5224461,7,11,0.64,9,51,0.18,3,3,1.0,30,81,0.37,25,75,0.33,0,2,2,1.0,4,8,0.5,0,0,0.0,0,0.000,3,0,0,0.0,0,0,0.0,0,0,0.0,0,0,0.0,0,0,0,0,0,0,3,3,1.0,9,13,0.69,13,59,0.22
s:3301~l:3321~e:600047776~c:401703290,4690484,0,0,0.0,4,11,0.36,0,0,0.0,25,32,0.78,15,22,0.68,0,0,0,0.0,0,0,0.0,0,0,0.0,0,0.000,1,1,0,1.0,0,0,0.0,11,11,1.0,0,0,0.0,0,0,0,0,0,0,0,0,0.0,0,0,0.0,15,22,0.68
s:3301~l:3321~e:600047775~c:401699791,4848673,10,13,0.77,11,47,0.23,5,5,1.0,81,137,0.59,41,86,0.48,0,13,16,0.81,2,5,0.4,0,0,0.0,0,0.000,15,2,0,0.13,0,0,0.0,0,0,0.0,0,0,0.0,0,0,0,0,0,0,5,5,1.0,23,29,0.79,13,52,0.25
s:3301~l:3321~e:600047774~c:401708027,5211224,14,16,0.88,33,61,0.54,18,21,0.86,125,166,0.75,76,110,0.69,0,7,7,1.0,4,5,0.8,0,0,0.0,1,0.000,5,0,0,0.0,0,0,0.0,0,0,0.0,0,0,0.0,0,0,0,0,0,0,18,21,0.86,21,23,0.91,37,66,0.56
s:3301~l:3321~e:600047773~c:401693511,5144174,0,1,0.0,6,26,0.23,2,3,0.67,14,40,0.35,9,35,0.26,0,0,1,0.0,1,4,0.25,0,0,0.0,0,0.000,0,0,0,0.0,0,0,0.0,0,0,0.0,0,0,0.0,0,0,0,0,0,0,2,3,0.67,0,2,0.0,7,30,0.23
s:3301~l:3321~e:600047624~c:401703013,4813565,17,27,0.63,12,44,0.27,16,25,0.64,74,125,0.59,51,102,0.5,0,5,5,1.0,0,0,0.0,0,0,0.0,0,0.000,2,1,0,0.5,0,0,0.0,1,1,1.0,0,0,0.0,0,0,0,0,0,0,16,25,0.64,22,32,0.69,13,45,0.29
s:3301~l:3321~e:600047624~c:401686960,5149722,2,2,1.0,13,64,0.2,4,4,1.0,26,80,0.32,21,75,0.28,1,0,0,0.0,2,5,0.4,0,0,0.0,0,0.000,6,0,0,0.0,0,0,0.0,0,0,0.0,0,0,0.0,0,0,0,0,0,0,4,4,1.0,2,2,1.0,15,69,0.22
s:3301~l:3321~e:600036498~c:401597250,4893608,48,84,0.57,112,339,0.33,3,4,0.75,204,502,0.41,197,491,0.4,0,11,18,0.61,23,46,0.5,0,0,0.0,0,0.000,1,0,0,0.0,0,0,0.0,0,0,0.0,0,0,0.0,0,0,0,0,0,0,3,4,0.75,59,102,0.58,135,385,0.35
s:3301~l:3321~e:401222785~c:401241749,4045420,1,1,1.0,2,3,0.67,1,1,1.0,5,6,0.83,5,6,0.83,0,0,0,0.0,0,0,0.0,1,1,1.0,0,0.000,2,1,0,0.5,0,0,0.0,0,0,0.0,0,0,0.0,1,0,0,0,1,1,2,2,1.0,1,1,1.0,2,3,0.67
s:3301~l:3321~e:600036500~c:401604870,5147579,11,21,0.52,8,47,0.17,6,8,0.75,35,89,0.39,25,78,0.32,0,0,2,0.0,0,0,0.0,0,0,0.0,0,0.000,4,0,0,0.0,0,0,0.0,0,0,0.0,0,0,0.0,0,0,0,0,0,0,6,8,0.75,11,23,0.48,8,47,0.17
s:3301~l:3321~e:600036500~c:401606729,5149442,2,3,0.67,4,8,0.5,1,2,0.5,32,47,0.68,22,33,0.67,0,5,5,1.0,0,1,0.0,7,7,1.0,1,0.000,15,5,0,0.33,0,0,0.0,3,5,0.6,0,2,0.0,0,0,0,0,0,0,8,11,0.73,7,8,0.88,7,14,0.5
s:3301~l:3321~e:600036498~c:401597249,5119702,1,2,0.5,3,7,0.43,0,1,0.0,17,28,0.61,12,20,0.6,0,5,6,0.83,2,3,0.67,0,0,0.0,0,0.000,2,1,0,0.5,0,0,0.0,1,1,1.0,0,0,0.0,0,0,0,0,0,0,0,1,0.0,6,8,0.75,6,11,0.55
s:3301~l:3321~e:600036495~c:401592854,5068827,1,7,0.14,2,6,0.33,5,7,0.71,17,29,0.59,11,23,0.48,0,2,2,1.0,1,1,1.0,0,0,0.0,0,0.000,8,0,0,0.0,0,0,0.0,0,0,0.0,0,0,0.0,0,0,0,0,0,1,5,7,0.71,3,9,0.33,3,7,0.43
s:3301~l:3321~e:600036493~c:401571756,5143224,0,0,0.0,4,5,0.8,6,7,0.86,13,18,0.72,11,16,0.69,0,0,0,0.0,0,0,0.0,0,0,0.0,0,0.000,1,1,0,1.0,0,0,0.0,1,4,0.25,0,0,0.0,0,0,0,0,0,0,6,7,0.86,0,0,0.0,5,9,0.56
s:3301~l:3321~e:600036493~c:401577735,5056138,4,6,0.67,19,79,0.24,8,9,0.89,54,122,0.44,42,110,0.38,0,1,1,1.0,7,12,0.58,0,0,0.0,0,0.000,0,0,0,0.0,0,0,0.0,3,3,1.0,0,0,0.0,0,0,0,0,0,2,8,9,0.89,5,7,0.71,29,94,0.31
s:3301~l:3321~e:600036493~c:401577736,4403762,5,5,1.0,13,64,0.2,9,14,0.64,81,145,0.56,47,108,0.44,0,20,23,0.87,0,2,0.0,0,0,0.0,0,0.000,0,0,0,0.0,0,0,0.0,0,0,0.0,0,0,0.0,0,0,0,0,0,0,9,14,0.64,25,28,0.89,13,66,0.2
s:3301~l:3321~e:600036332~c:401567320,5075334,1,2,0.5,16,58,0.28,0,0,0.0,18,62,0.29,17,60,0.28,0,0,0,0.0,0,0,0.0,0,0,0.0,0,0.000,7,0,0,0.0,0,0,0.0,0,0,0.0,0,0,0.0,0,0,0,0,0,0,0,0,0.0,1,2,0.5,16,58,0.28
s:3301~l:3321~e:401221631~c:401233640,4683396,14,16,0.88,44,108,0.41,4,5,0.8,103,186,0.55,92,165,0.56,0,7,9,0.78,15,19,0.79,3,3,1.0,0,0.000,2,0,0,0.0,1,1,1.0,3,3,1.0,1,1,1.0,5,3,2,0,0,0,8,9,0.89,22,26,0.85,62,130,0.48
s:3301~l:3321~e:600022212~c:401483884,5088846,1,3,0.33,7,40,0.18,1,3,0.33,55,114,0.48,17,59,0.29,0,5,7,0.71,1,4,0.25,1,1,1.0,1,0.000,2,0,0,0.0,0,0,0.0,1,1,1.0,0,0,0.0,0,0,0,0,0,0,2,4,0.5,6,10,0.6,9,45,0.2
s:3301~l:3321~e:600022209~c:401467663,4701186,0,0,0.0,0,10,0.0,1,2,0.5,5,16,0.31,1,12,0.08,0,0,0,0.0,0,0,0.0,0,0,0.0,1,0.000,0,0,0,0.0,0,0,0.0,0,0,0.0,0,0,0.0,0,0,0,0,0,0,1,2,0.5,0,0,0.0,0,10,0.0
s:3301~l:3321~e:600011552~c:401382951,4021216,6,9,0.67,1,11,0.09,4,10,0.4,29,51,0.57,12,32,0.38,0,0,0,0.0,1,2,0.5,0,0,0.0,0,0.000,0,0,0,0.0,0,0,0.0,0,0,0.0,0,0,0.0,0,0,0,0,0,0,4,10,0.4,6,9,0.67,2,13,0.15
s:3301~l:3321~e:600011551~c:401382490,4875514,0,0,0.0,0,6,0.0,0,0,0.0,42,53,0.79,5,11,0.45,0,3,3,1.0,0,0,0.0,0,0,0.0,0,0.000,5,3,0,0.6,0,0,0.0,2,2,1.0,0,0,0.0,0,0,0,0,0,0,0,0,0.0,3,3,1.0,2,8,0.25
s:3301~l:3321~e:600010081~c:401370333,2502713,2,3,0.67,6,12,0.5,1,1,1.0,13,21,0.62,13,21,0.62,0,1,1,1.0,2,3,0.67,1,1,1.0,0,0.000,0,0,0,0.0,0,0,0.0,0,0,0.0,0,0,0.0,0,0,0,0,0,0,2,2,1.0,3,4,0.75,8,15,0.53
s:3301~l:3321~e:600010080~c:401377230,4875515,8,10,0.8,3,29,0.1,5,5,1.0,22,51,0.43,18,47,0.38,0,0,0,0.0,1,2,0.5,1,1,1.0,0,0.000,1,0,0,0.0,0,0,0.0,0,0,0.0,0,0,0.0,0,0,0,0,0,0,6,6,1.0,8,10,0.8,4,31,0.13
s:3301~l:3321~e:600010080~c:401370313,4874989,10,11,0.91,35,89,0.39,1,1,1.0,59,118,0.5,56,114,0.49,0,6,6,1.0,3,4,0.75,0,0,0.0,1,0.000,0,0,0,0.0,0,0,0.0,1,3,0.33,0,0,0.0,0,0,0,0,0,0,1,1,1.0,16,17,0.94,39,96,0.41
s:3301~l:3321~e:600008643~c:401357660,4835136,0,0,0.0,5,14,0.36,0,0,0.0,10,20,0.5,8,18,0.44,0,1,1,1.0,2,3,0.67,0,0,0.0,0,0.000,0,0,0,0.0,0,0,0.0,0,0,0.0,0,0,0.0,0,0,0,0,0,0,0,0,0.0,1,1,1.0,7,17,0.41
s:3301~l:3321~e:401223624~c:401252310,4693719,5,10,0.5,14,48,0.29,1,3,0.33,20,62,0.32,20,62,0.32,0,0,0,0.0,0,1,0.0,0,0,0.0,0,0.000,5,0,0,0.0,0,0,0.0,0,0,0.0,0,0,0.0,0,0,0,0,0,0,1,3,0.33,5,10,0.5,14,49,0.29
s:3301~l:3321~e:401222785~c:401241746,4685886,15,25,0.6,30,102,0.29,12,15,0.8,97,201,0.48,60,149,0.4,0,0,1,0.0,3,6,0.5,0,0,0.0,0,0.000,0,0,0,0.0,0,0,0.0,0,0,0.0,0,0,0.0,0,0,0,0,0,1,12,15,0.8,15,26,0.58,33,108,0.31
s:3301~l:3321~e:401128925~c:269720,4379326,4,5,0.8,16,35,0.46,4,4,1.0,104,134,0.78,56,85,0.66,0,18,20,0.9,4,8,0.5,4,4,1.0,0,0.250,4,2,1,0.5,1,1,1.0,5,8,0.62,0,0,0.0,3,1,1,0,1,0,8,8,1.0,23,26,0.88,25,51,0.49
s:3301~l:3321~e:401128920~c:268448,4423875,2,3,0.67,0,4,0.0,0,0,0.0,2,8,0.25,2,7,0.29,0,0,0,0.0,0,0,0.0,0,0,0.0,0,0.000,0,0,0,0.0,0,0,0.0,0,0,0.0,0,0,0.0,0,0,0,0,0,0,0,0,0.0,2,3,0.67,0,4,0.0
s:3301~l:3321~e:401074496~c:265426,4379257,2,2,1.0,10,34,0.29,1,1,1.0,16,41,0.39,13,38,0.34,0,0,0,0.0,0,1,0.0,0,0,0.0,0,0.000,7,1,0,0.14,0,0,0.0,0,0,0.0,0,0,0.0,0,0,0,0,0,0,1,1,1.0,2,2,1.0,10,35,0.29
s:3301~l:3321~e:401033283~c:265433,4354427,22,34,0.65,49,101,0.49,14,14,1.0,87,152,0.57,85,149,0.57,0,0,0,0.0,0,0,0.0,0,0,0.0,0,0.000,0,0,0,0.0,0,0,0.0,0,0,0.0,0,0,0.0,0,0,0,0,0,0,14,14,1.0,22,34,0.65,49,101,0.49
s:3301~l:3321~e:401033284~c:265458,4357591,4,5,0.8,8,18,0.44,2,3,0.67,15,27,0.56,15,27,0.56,0,0,0,0.0,1,1,1.0,0,0,0.0,0,0.000,0,0,0,0.0,0,0,0.0,0,0,0.0,0,0,0.0,0,0,0,0,0,0,2,3,0.67,4,5,0.8,9,19,0.47
s:3301~l:3321~e:400972137~c:265526,3039664,27,41,0.66,23,80,0.29,13,14,0.93,66,142,0.46,66,141,0.47,0,1,2,0.5,0,2,0.0,0,0,0.0,0,0.000,7,2,0,0.29,0,0,0.0,2,2,1.0,0,0,0.0,1,0,0,1,0,1,13,14,0.93,28,43,0.65,25,84,0.3
s:3301~l:3321~e:400972137~c:265529,4227123,0,0,0.0,6,21,0.29,1,3,0.33,12,33,0.36,11,32,0.34,0,2,2,1.0,2,6,0.33,0,0,0.0,0,0.000,2,1,0,0.5,0,0,0.0,0,0,0.0,0,0,0.0,2,1,0,0,1,0,1,3,0.33,2,2,1.0,8,27,0.3
s:3301~l:3321~e:400972137~c:265530,3099608,0,0,0.0,2,6,0.33,2,3,0.67,5,12,0.42,5,11,0.45,0,1,2,0.5,0,0,0.0,0,0,0.0,0,0.000,2,0,0,0.0,0,0,0.0,0,0,0.0,0,0,0.0,0,0,0,0,0,0,2,3,0.67,1,2,0.5,2,6,0.33
s:3301~l:3321~e:400968459~c:238814,4232927,8,10,0.8,5,27,0.19,3,3,1.0,125,185,0.68,52,83,0.63,0,6,6,1.0,2,6,0.33,6,6,1.0,0,0.000,5,3,0,0.6,5,5,1.0,17,20,0.85,0,0,0.0,5,2,0,0,3,0,9,9,1.0,19,21,0.9,24,53,0.45
s:3301~l:3321~e:400968458~c:238655,4245091,0,0,0.0,3,6,0.5,1,1,1.0,10,15,0.67,10,15,0.67,0,5,6,0.83,1,2,0.5,0,0,0.0,0,0.000,0,0,0,0.0,0,0,0.0,0,0,0.0,0,0,0.0,0,0,0,0,0,1,1,1,1.0,5,6,0.83,4,8,0.5
s:3301~l:3321~e:400966348~c:265546,4237013,0,0,0.0,1,3,0.33,1,1,1.0,2,4,0.5,2,4,0.5,0,0,0,0.0,0,0,0.0,0,0,0.0,0,0.000,1,0,0,0.0,0,0,0.0,0,0,0.0,0,0,0.0,0,0,0,0,0,0,1,1,1.0,0,0,0.0,1,3,0.33
s:3301~l:3321~e:400966348~c:265547,4073937,2,4,0.5,11,35,0.31,3,3,1.0,50,87,0.57,25,59,0.42,0,0,0,0.0,1,3,0.33,0,0,0.0,0,0.133,15,8,2,0.53,1,1,1.0,7,13,0.54,0,0,0.0,5,2,1,1,1,5,3,3,1.0,3,5,0.6,19,51,0.37
