uid,fight_id,event_id,event_date,event_name,promotion,fighter_id,fighter_name,fight_result,opponent_id,opponent_name,title_fight,fight_end_round,fight_result_type,fight_duration,over_2_5
s:3301~l:3321~e:600036494~c:401579192,600036494-4816283-4426000,600036494,2023-08-30,Dana White's Contender Series,DWC,4294832,carlos prates,W,4816283,mitch ramirez,False,2,KO-TKO,6.23,False
s:3301~l:3321~e:401128923~c:268320,401128923-4426285-4021217,401128923,2019-07-31,Dana White's Contender Series,DWC,4243624,tracy cortez,W,4426285,mariya agapova,False,3,DEC-UNA,15.0,True
s:3301~l:3321~e:401222786~c:401240128,401222786-4021217-4040956,401222786,2020-09-16,Dana White's Contender Series,DWC,4690541,gregory rodrigues,L,4040956,jordan williams,False,1,KO-TKO,2.32,False
s:3301~l:3321~e:600022207~c:401466056,600022207-4021217-4601333,600022207,2022-08-24,Dana White's Contender Series,DWC,4963343,denise gomes,W,4601333,rayanne dos santos,False,3,DEC-UNA,15.0,True
s:3301~l:3321~e:600047781~c:401728707,600047781-5147552-4815978,600047781,2024-10-16,Dana White's Contender Series,DWC,5134399,nick klein,W,5147552,heraldo souza,False,1,SUBMISSION,0.62,False
s:3301~l:3321~e:600047781~c:401724486,600047781-5223435-5057385,600047781,2024-10-16,Dana White's Contender Series,DWC,5213179,yadier del valle,W,5057385,antonio monteiro,False,3,DEC-UNA,15.0,True
s:3301~l:3321~e:600008642~c:401348175,600008642-5211247-4684857,600008642,2021-09-15,Dana White's Contender Series,DWC,4873640,jailton almeida,W,4684857,nasrudin nasrudinov,False,2,SUBMISSION,6.82,False
s:3301~l:3321~e:600008640~c:401348173,600008640-5068545-3110833,600008640,2021-09-01,Dana White's Contender Series,DWC,4227265,azamat murzakanov,W,3110833,matheus scheffel,False,1,KO-TKO,3.0,False
s:3301~l:3321~e:600010081~c:401377630,600010081-5159959-4705600,600010081,2021-10-13,Dana White's Contender Series,DWC,4815978,mitch raposo,L,4705600,jake hadley,False,2,SUBMISSION,8.18,False
s:3301~l:3321~e:600047624~c:401703014,600047624-5211247-5212749,600047624,2024-08-13,Dana White's Contender Series,DWC,5223435,jose miguel delgado,W,5212749,ernie juarez,False,2,KO-TKO,6.42,False
s:3301~l:3321~e:401128921~c:268455,401128921-4255574-5159959,401128921,2019-07-17,Dana White's Contender Series,DWC,4025699,brendan allen,W,4255574,aaron jeffery,False,1,SUBMISSION,3.38,False
s:3301~l:3321~e:600010080~c:401361415,600010080-4892412-3068125,600010080,2021-10-06,Dana White's Contender Series,DWC,3165120,mike malott,W,4892412,shimon smotritsky,False,1,SUBMISSION,0.65,False
s:3301~l:3321~e:600008642~c:401361176,600008642-4944080-4686723,600008642,2021-09-15,Dana White's Contender Series,DWC,4835135,jasmine jasudavicius,W,4686723,julia polastri,False,3,DEC-UNA,15.0,True
s:3301~l:3321~e:400972138~c:265521,400972138-3091099-3926497,400972138,2017-08-30,Dana White's Contender Series,DWC,4081024,matt frevola,W,3926497,jose flores,False,2,SUBMISSION,8.53,False
s:3301~l:3321~e:600047775~c:401699791,600047775-5218817-4848673,600047775,2024-09-04,Dana White's Contender Series,DWC,5211247,djorden santos,W,4848673,will currie,False,3,DEC-UNA,15.0,True
s:3301~l:3321~e:600047776~c:401703288,600047776-5224461-2312150,600047776,2024-09-11,Dana White's Contender Series,DWC,5149815,yousri belgaroui,W,5224461,taiga iwasaki,False,3,KO-TKO,12.57,True
s:3301~l:3321~e:600036494~c:401581402,600036494-2312150-5138111,600036494,2023-08-30,Dana White's Contender Series,DWC,5149815,yousri belgaroui,L,5138111,marco tulio,False,3,DEC-UNA,15.0,True
s:3301~l:3321~e:401033270~c:265466,401033270-5311034-4252349,401033270,2018-06-13,Dana White's Contender Series,DWC,4339130,montel jackson,W,4252349,rico disciullo,False,3,KO-TKO,12.25,False
s:3301~l:3321~e:600047780~c:401724477,600047780-5218818-5311034,600047780,2024-10-09,Dana White's Contender Series,DWC,5218817,mario pinto,W,5218818,lucas camacho,False,1,KO-TKO,1.72,False
s:3301~l:3321~e:600047774~c:401698247,600047774-4053451-5144006,600047774,2024-08-28,Dana White's Contender Series,DWC,5212738,michael aswell jr.,L,5144006,bogdan grad,False,3,DEC-SPLT,15.0,True
s:3301~l:3321~e:600021772~c:401464156,600021772-5076027-5310567,600021772,2022-08-10,Dana White's Contender Series,DWC,4904998,clayton carpenter,W,5076027,édgar cháirez,False,3,DEC-UNA,15.0,True
s:3301~l:3321~e:600036494~c:401579190,600036494-4705658-4358022,600036494,2023-08-30,Dana White's Contender Series,DWC,4869702,thomas petersen,W,4358022,chandler cole,False,2,SUBMISSION,6.13,False
s:3301~l:3321~e:600021770~c:401445833,600021770-4944080-5310076,600021770,2022-07-27,Dana White's Contender Series,DWC,4684135,joe pyfer,W,4944080,ozzy diaz,False,2,KO-TKO,6.65,False
s:3301~l:3321~e:401221630~c:401231040,401221630-4685871-5310076,401221630,2020-08-12,Dana White's Contender Series,DWC,4684135,joe pyfer,L,4685871,dustin stoltzfus,False,1,KO-TKO,4.35,False
s:3301~l:3321~e:600021770~c:401445833,600021770-4233039-4684135,600021770,2022-07-27,Dana White's Contender Series,DWC,4944080,ozzy diaz,L,4684135,joe pyfer,False,2,KO-TKO,6.65,False
s:3301~l:3321~e:401128924~c:269715,401128924-4565642-4233039,401128924,2019-08-07,Dana White's Contender Series,DWC,3091099,andre muniz,W,4565642,taylor johnson,False,1,SUBMISSION,1.77,False
s:3301~l:3321~e:401074497~c:265436,401074497-4081147-4233039,401074497,2018-08-12,Dana White's Contender Series,DWC,3091099,andre muniz,W,4081147,bruno assis,False,3,DEC-UNA,15.0,True
s:3301~l:3321~e:600022210~c:401482231,600022210-5310076-4903519,600022210,2022-09-14,Dana White's Contender Series,DWC,5016786,farid basharat,W,4903519,allan begosso,False,3,DEC-UNA,15.0,True
s:3301~l:3321~e:600008643~c:401348176,600008643-4869426-4786358,600008643,2021-09-22,Dana White's Contender Series,DWC,4700616,nikolay veretennikov,L,4869426,michael morales,False,3,DEC-UNA,15.0,True
s:3301~l:3321~e:401033281~c:265447,401033281-5060489-4079844,401033281,2018-07-18,Dana White's Contender Series,DWC,4290344,austin vanderford,W,4079844,angelo trevino,False,2,SUBMISSION,7.7,False
s:3301~l:3321~e:600036500~c:401571749,600036500-5236383-4775129,600036500,2023-10-11,Dana White's Contender Series,DWC,5152409,ramon taveras,W,4775129,cortavious romious,False,1,KO-TKO,0.48,False
s:3301~l:3321~e:600036495~c:401581383,600036495-5236383-5146229,600036495,2023-09-06,Dana White's Contender Series,DWC,5152409,ramon taveras,L,5146229,serhiy sidey,False,1,KO-TKO,2.43,False
s:3301~l:3321~e:600021771~c:401445834,600021771-4867356-5145766,600021771,2022-08-03,Dana White's Contender Series,DWC,4786358,charlie campbell,L,4867356,chris duncan,False,1,KO-TKO,1.72,False
s:3301~l:3321~e:600036499~c:401597329,600036499-5149437-5307815,600036499,2023-10-04,Dana White's Contender Series,DWC,5060489,rodolfo bellato,W,5149437,murtaza talha,False,2,KO-TKO,9.77,False
s:3301~l:3321~e:600022209~c:401451170,600022209-5307815-5060483,600022209,2022-09-07,Dana White's Contender Series,DWC,5060489,rodolfo bellato,L,5060483,vitor petrino,False,2,KO-TKO,8.6,False
s:3301~l:3321~e:600047776~c:401703289,600047776-5212853-5282412,600047776,2024-09-11,Dana White's Contender Series,DWC,5212850,josias musasa,W,5212853,otari tanzilovi,False,3,DEC-SPLT,15.0,True
s:3301~l:3321~e:401074498~c:265421,401074498-5109011-4372190,401074498,2018-08-12,Dana White's Contender Series,DWC,4372194,luana carolina,W,4372190,mabelly lima,False,3,DEC-UNA,15.0,True
s:3301~l:3321~e:600047778~c:401717100,600047778-5142277-5145766,600047778,2024-09-25,Dana White's Contender Series,DWC,5075992,alexia thainara,W,5142277,rose conceição,False,3,DEC-UNA,15.0,True
s:3301~l:3321~e:600055032~c:401794770,600055032-5282616-4685871,600055032,2025-09-24,Dana White's Contender Series,DWC,5264925,mantas kondratavičius,W,5282616,djani barbir,False,1,KO-TKO,1.1,False
s:3301~l:3321~e:600055032~c:401823573,600055032-5308872-4916608,600055032,2025-09-24,Dana White's Contender Series,DWC,5308768,murtazali magomedov,W,4916608,brahyam zurcher,False,1,KO-TKO,1.62,False
s:3301~l:3321~e:600055032~c:401823574,600055032-5145766-5308769,600055032,2025-09-24,Dana White's Contender Series,DWC,5308770,sofia montenegro,L,5308769,jeisla chaves,False,3,DEC-SPLT,15.0,True
s:3301~l:3321~e:600055032~c:401823575,600055032-5277050-5060467,600055032,2025-09-24,Dana White's Contender Series,DWC,4687104,javier reyes,W,5277050,justice torres,False,1,KO-TKO,2.53,False
s:3301~l:3321~e:600055032~c:401823576,600055032-4233196-5308871,600055032,2025-09-24,Dana White's Contender Series,DWC,5308872,jair de oliveira,L,5308871,rafael tobias,False,1,SUBMISSION,3.77,False
s:3301~l:3321~e:600055031~c:401819851,600055031-5307813-5261515,600055031,2025-09-17,Dana White's Contender Series,DWC,5236383,hecher sosa,W,5307813,mackson lee,False,3,DEC-UNA,15.0,True
s:3301~l:3321~e:600055031~c:401819853,600055031-5307811-5099732,600055031,2025-09-17,Dana White's Contender Series,DWC,5307810,iwo baraniewski,W,5307811,mahamed aly,False,1,KO-TKO,0.33,False
s:3301~l:3321~e:600055031~c:401794769,600055031-5218137-5307814,600055031,2025-09-17,Dana White's Contender Series,DWC,5307815,adam livingston,L,5307814,tommy gantt,False,1,SUBMISSION,2.78,False
s:3301~l:3321~e:600055031~c:401819854,600055031-5293566-5289841,600055031,2025-09-17,Dana White's Contender Series,DWC,5109011,paddy mccorry,W,5293566,in soo hwang,False,3,DEC-UNA,15.0,True
s:3301~l:3321~e:600055031~c:401819852,600055031-5239615-5086848,600055031,2025-09-17,Dana White's Contender Series,DWC,5282412,cody chovancek,W,5086848,raphael uchegbu,False,3,KO-TKO,10.17,False
s:3301~l:3321~e:600036495~c:401581385,600036495-5278269-5145681,600036495,2023-09-06,Dana White's Contender Series,DWC,5145766,jean silva,W,5145681,kevin vallejos,False,3,DEC-UNA,15.0,True
s:3301~l:3321~e:600047779~c:401718429,600047779-5235875-3946951,600047779,2024-10-02,Dana White's Contender Series,DWC,4503229,david martinez,W,5235875,xavier franklin,False,3,DEC-UNA,15.0,True
s:3301~l:3321~e:401221630~c:401231040,401221630-4379328-4684135,401221630,2020-08-12,Dana White's Contender Series,DWC,4685871,dustin stoltzfus,W,4684135,joe pyfer,False,1,KO-TKO,4.35,False
s:3301~l:3321~e:401128918~c:264861,401128918-4835137-4033520,401128918,2019-08-28,Dana White's Contender Series,DWC,4421517,duško todorović,W,4033520,teddy ash,False,3,DEC-UNA,15.0,True
s:3301~l:3321~e:600047781~c:401728887,600047781-4341572-5195917,600047781,2024-10-16,Dana White's Contender Series,DWC,5218137,luis gurule,W,5195917,nick piccininni,False,3,DEC-SPLT,15.0,True
s:3301~l:3321~e:600022208~c:401467210,600022208-5060472-5307524,600022208,2022-08-31,Dana White's Contender Series,DWC,5060467,sedriques dumas,W,5060472,matej penaz,False,1,SUBMISSION,0.78,False
s:3301~l:3321~e:600055007~c:401819811,600055007-5292023-5100571,600055007,2025-09-10,Dana White's Contender Series,DWC,5239615,steven asplund,W,5292023,anthony guarascio,False,1,KO-TKO,0.27,False
s:3301~l:3321~e:600055007~c:401808384,600055007-5222338-4341572,600055007,2025-09-10,Dana White's Contender Series,DWC,4958170,lerryan douglas,W,5222338,cam teague,False,1,KO-TKO,0.6,False
s:3301~l:3321~e:600055007~c:401819810,600055007-4419470-5292014,600055007,2025-09-10,Dana White's Contender Series,DWC,5307524,freddy vidal,W,5292014,felipe franco,False,3,SUBMISSION,14.8,True
s:3301~l:3321~e:600055007~c:401808386,600055007-4712980-5193167,600055007,2025-09-10,Dana White's Contender Series,DWC,5293557,samuel sanches,W,5193167,chasen blair,False,1,KO-TKO,2.02,False
s:3301~l:3321~e:600055007~c:401808387,600055007-5124146-5157674,600055007,2025-09-10,Dana White's Contender Series,DWC,5278269,carol foro,W,5157674,shanelle dyer,False,3,DEC-UNA,15.0,True
s:3301~l:3321~e:600011551~c:401379699,600011551-5295176-4336424,600011551,2021-10-20,Dana White's Contender Series,DWC,4835137,caio borralho,W,4336424,jesse murray,False,1,KO-TKO,1.68,False
s:3301~l:3321~e:600008644~c:401363911,600008644-5295176-4255574,600008644,2021-09-29,Dana White's Contender Series,DWC,4835137,caio borralho,W,4255574,aaron jeffery,False,3,DEC-UNA,15.0,True
s:3301~l:3321~e:600036499~c:401597254,600036499-5150021-4565683,600036499,2023-10-04,Dana White's Contender Series,DWC,5122238,mauricio ruffy,W,4565683,raimond magomedaliev,False,3,KO-TKO,14.75,True
s:3301~l:3321~e:600036495~c:401571754,600036495-4691323-4845284,600036495,2023-09-06,Dana White's Contender Series,DWC,4379328,brendson ribeiro,W,4691323,bruno lopes,False,1,KO-TKO,3.78,False
s:3301~l:3321~e:600022209~c:401467662,600022209-4903365-4921516,600022209,2022-09-07,Dana White's Contender Series,DWC,5092403,trey waters,L,4921516,gabriel bonfim,False,1,SUBMISSION,4.22,False
s:3301~l:3321~e:600055006~c:401794187,600055006-5228596-5085318,600055006,2025-09-03,Dana White's Contender Series,DWC,4629138,jean-paul lebosnoyani,W,5228596,jack congdon,False,1,KO-TKO,1.13,False
s:3301~l:3321~e:600055006~c:401805483,600055006-4903365-4977642,600055006,2025-09-03,Dana White's Contender Series,DWC,5216978,cezary oleksiejczuk,W,4977642,theo haig,False,1,KO-TKO,0.6,False
s:3301~l:3321~e:600055006~c:401805484,600055006-4397797-4063786,600055006,2025-09-03,Dana White's Contender Series,DWC,5124146,samuel silva,L,4063786,mandel nallo,False,1,KO-TKO,3.48,False
s:3301~l:3321~e:600055006~c:401805485,600055006-5200305-3031559,600055006,2025-09-03,Dana White's Contender Series,DWC,5150021,eduardo chapolin,W,5200305,an tuan ho,False,3,DEC-UNA,15.0,True
s:3301~l:3321~e:600055006~c:401805486,600055006-4425962-5212849,600055006,2025-09-03,Dana White's Contender Series,DWC,5295176,david mgoyan,L,5212849,tommy mcmillen,False,3,DEC-MAJ,15.0,True
s:3301~l:3321~e:600055005~c:401813457,600055005-5147737-5216997,600055005,2025-08-27,Dana White's Contender Series,DWC,5291085,ryan gandra,W,5216997,trent miller,False,1,KO-TKO,2.85,False
s:3301~l:3321~e:600055005~c:401804266,600055005-5213352-4915407,600055005,2025-08-27,Dana White's Contender Series,DWC,5099679,marcio barbosa,W,4915407,damon wilson,False,1,KO-TKO,4.23,False
s:3301~l:3321~e:600055005~c:401804267,600055005-5291025-4969974,600055005,2025-08-27,Dana White's Contender Series,DWC,5220971,alik lorenz,L,5291025,abdul-rakhman yakhyaev,False,1,KO-TKO,0.5,False
s:3301~l:3321~e:600055005~c:401804268,600055005-5180489-5212852,600055005,2025-08-27,Dana White's Contender Series,DWC,5085291,manoel sousa,W,5180489,cristian perez,False,3,KO-TKO,13.0,True
s:3301~l:3321~e:600055005~c:401813458,600055005-5302831-4694832,600055005,2025-08-27,Dana White's Contender Series,DWC,4413642,darion abbey,L,5302831,donte johnson,False,1,KO-TKO,1.07,False
s:3301~l:3321~e:600021771~c:401463240,600021771-5060387-5220468,600021771,2022-08-03,Dana White's Contender Series,DWC,4903365,waldo cortes-acosta,W,5060387,danilo suzart,False,1,KO-TKO,3.67,False
s:3301~l:3321~e:600036332~c:401579189,600036332-4684751-4788298,600036332,2023-08-08,Dana White's Contender Series,DWC,5144066,kevin borjas,W,4788298,victor dias,False,3,DEC-UNA,15.0,True
s:3301~l:3321~e:600047775~c:401699794,600047775-5157667-3022067,600047775,2024-09-04,Dana White's Contender Series,DWC,5085318,gauge young,L,5157667,quillan salkilld,False,3,DEC-UNA,15.0,True
s:3301~l:3321~e:600047624~c:401686962,600047624-5200305-4018757,600047624,2024-08-13,Dana White's Contender Series,DWC,5147737,lone'er kavanagh,W,5200305,an tuan ho,False,1,KO-TKO,2.42,False
s:3301~l:3321~e:401128919~c:268446,401128919-4700617-2511778,401128919,2019-06-26,Dana White's Contender Series,DWC,4329444,kyle daukaus,W,2511778,michael lombardo,False,3,DEC-UNA,15.0,True
s:3301~l:3321~e:600047779~c:401718430,600047779-4336757-5081274,600047779,2024-10-02,Dana White's Contender Series,DWC,5213352,diyar nurgozhay,W,5081274,bartosz szewczyk,False,2,KO-TKO,8.53,False
s:3301~l:3321~e:600055021~c:401794169,600055021-5219928-4012999,600055021,2025-08-20,Dana White's Contender Series,DWC,4969974,jose delano,W,5219928,manuel exposito,False,3,DEC-UNA,15.0,True
s:3301~l:3321~e:600055021~c:401808380,600055021-5296762-4238229,600055021,2025-08-20,Dana White's Contender Series,DWC,4694832,cam rowston,W,5296762,brandon holmes,False,1,KO-TKO,2.97,False
s:3301~l:3321~e:600047773~c:401693510,600047773-4238229-4050996,600047773,2024-08-20,Dana White's Contender Series,DWC,4694832,cam rowston,L,4050996,torrez finney,False,3,DEC-UNA,15.0,True
s:3301~l:3321~e:600055021~c:401801205,600055021-5292169-4079621,600055021,2025-08-20,Dana White's Contender Series,DWC,5212852,louis lee scott,W,5292169,kaushik saikumar,False,3,KO-TKO,12.33,False
s:3301~l:3321~e:600055021~c:401801206,600055021-4238229-4049391,600055021,2025-08-20,Dana White's Contender Series,DWC,5220468,guilherme uriel,L,4049391,josh hokit,False,2,KO-TKO,6.1,False
s:3301~l:3321~e:600055021~c:401801207,600055021-5265556-5290789,600055021,2025-08-20,Dana White's Contender Series,DWC,5290796,ramiro jimenez,W,5290789,tommy cuozzi,False,1,KO-TKO,2.88,False
s:3301~l:3321~e:600036495~c:401592855,600036495-5144319-4848674,600036495,2023-09-06,Dana White's Contender Series,DWC,4801725,dione barbosa,W,5144319,rainn guerrero,False,1,SUBMISSION,4.58,False
s:3301~l:3321~e:600055020~c:401793731,600055020-5068617-5287881,600055020,2025-08-12,Dana White's Contender Series,DWC,5287948,neemias santana,L,5287881,ilian bouafia,False,3,DEC-UNA,15.0,True
s:3301~l:3321~e:600055020~c:401793732,600055020-5290957-4424224,600055020,2025-08-12,Dana White's Contender Series,DWC,5264471,jimmy drago,L,5290957,ty miller,False,3,DEC-UNA,15.0,True
s:3301~l:3321~e:600055020~c:401808378,600055020-5296753-5068617,600055020,2025-08-12,Dana White's Contender Series,DWC,5149437,murtaza talha,L,5296753,baisangur susurkaev,False,1,KO-TKO,3.07,False
s:3301~l:3321~e:600036499~c:401597329,600036499-5068617-5060489,600036499,2023-10-04,Dana White's Contender Series,DWC,5149437,murtaza talha,L,5060489,rodolfo bellato,False,2,KO-TKO,9.77,False
s:3301~l:3321~e:600055020~c:401793734,600055020-5279283-5212598,600055020,2025-08-12,Dana White's Contender Series,DWC,5265556,radley da silva,W,5279283,george mangos,False,3,DEC-UNA,15.0,True
s:3301~l:3321~e:600055020~c:401793735,600055020-5282842-3039886,600055020,2025-08-12,Dana White's Contender Series,DWC,5147207,yuri panferov,W,5282842,chris ewert,False,3,DEC-UNA,15.0,True
s:3301~l:3321~e:600036500~c:401604871,600036500-3039886-4050996,600036500,2023-10-11,Dana White's Contender Series,DWC,5147207,yuri panferov,L,4050996,torrez finney,False,2,SUBMISSION,7.720000000000001,False
s:3301~l:3321~e:401033277~c:265480,401033277-4339150-5145681,401033277,2018-06-20,Dana White's Contender Series,DWC,4290956,anthony hernandez,D,4339150,jordan wright,False,1,NO-CONTEST,0.67,False
s:3301~l:3321~e:401128921~c:268453,401128921-4848675-4424222,401128921,2019-07-17,Dana White's Contender Series,DWC,4424224,ode' osbourne,W,4424222,armando villarreal,False,1,SUBMISSION,4.65,False
s:3301~l:3321~e:600010081~c:401370332,600010081-4892422-4815999,600010081,2021-10-13,Dana White's Contender Series,DWC,4875511,christian rodriguez,W,4892422,reyes cortez jr.,False,3,DEC-UNA,15.0,True
s:3301~l:3321~e:600036496~c:401591005,600036496-5211225-5149436,600036496,2023-09-13,Dana White's Contender Series,DWC,5149439,jean matsumoto,W,5149436,kasey tanner,False,3,DEC-UNA,15.0,True
s:3301~l:3321~e:600021771~c:401445834,600021771-5152109-4786358,600021771,2022-08-03,Dana White's Contender Series,DWC,4867356,chris duncan,W,4786358,charlie campbell,False,1,KO-TKO,1.72,False
s:3301~l:3321~e:600010081~c:401380950,600010081-4877915-5152109,600010081,2021-10-13,Dana White's Contender Series,DWC,4867356,chris duncan,L,4877915,viacheslav borshchev,False,2,KO-TKO,5.47,False
s:3301~l:3321~e:600021773~c:401445836,600021773-5074276-3903378,600021773,2022-08-17,Dana White's Contender Series,DWC,5074131,esteban ribovics,W,5074276,thomas paull,False,1,KO-TKO,1.5,False
s:3301~l:3321~e:600047778~c:401717099,600047778-5222338-4895760,600047778,2024-09-25,Dana White's Contender Series,DWC,5145681,kevin vallejos,W,5222338,cam teague,False,1,KO-TKO,2.38,False
s:3301~l:3321~e:600036495~c:401581385,600036495-5145766-4895760,600036495,2023-09-06,Dana White's Contender Series,DWC,5145681,kevin vallejos,L,5145766,jean silva,False,3,DEC-UNA,15.0,True
s:3301~l:3321~e:600047774~c:401690353,600047774-3903378-4705665,600047774,2024-08-28,Dana White's Contender Series,DWC,5211225,andrey pulyaev,W,4705665,liam anderson,False,3,DEC-UNA,15.0,True
s:3301~l:3321~e:600036496~c:401591004,600036496-4685730-3998068,600036496,2023-09-13,Dana White's Contender Series,DWC,4426305,steven nguyen,W,4685730,aj cunningham,False,2,KO-TKO,9.1,False
s:3301~l:3321~e:600008643~c:401361999,600008643-4875510-3998068,600008643,2021-09-22,Dana White's Contender Series,DWC,4426305,steven nguyen,W,4875510,theo rlayang,False,3,DEC-UNA,15.0,True
s:3301~l:3321~e:401128923~c:268319,401128923-3998068-4043437,401128923,2019-07-31,Dana White's Contender Series,DWC,4426305,steven nguyen,L,4043437,aalon cruz,False,3,KO-TKO,14.6,True
s:3301~l:3321~e:401128923~c:268321,401128923-2223033-3897220,401128923,2019-07-31,Dana White's Contender Series,DWC,4426312,daniel rodriguez,W,3897220,rico farrington,False,3,DEC-UNA,15.0,True
s:3301~l:3321~e:600008644~c:401363912,600008644-4863328-5143888,600008644,2021-09-29,Dana White's Contender Series,DWC,4863327,daniel zellhuber,W,4863328,lucas almeida,False,3,DEC-UNA,15.0,True
s:3301~l:3321~e:600036498~c:401597252,600036498-2984770-4688624,600036498,2023-09-27,Dana White's Contender Series,DWC,4884877,vinicius oliveira,W,4688624,victor madrigal,False,1,KO-TKO,3.03,False
s:3301~l:3321~e:600047780~c:401724479,600047780-2959422-4896556,600047780,2024-10-09,Dana White's Contender Series,DWC,5212748,islam dulatov,W,4896556,vanilto antunes,False,1,KO-TKO,2.73,False
s:3301~l:3321~e:600008642~c:401362150,600008642-5120301-4336003,600008642,2021-09-15,Dana White's Contender Series,DWC,4710386,lukasz brzeski,D,4336003,dylan potter,False,3,NO-CONTEST,13.85,True
s:3301~l:3321~e:600047776~c:401703290,600047776-4690484-4243885,600047776,2024-09-11,Dana White's Contender Series,DWC,4239113,nicolle caliari,W,4690484,corinne laframboise,False,1,SUBMISSION,4.75,False
s:3301~l:3321~e:600047777~c:401716183,600047777-5212857-2504169,600047777,2024-09-18,Dana White's Contender Series,DWC,5212856,tallison teixeira,W,5212857,arthur lopes,False,1,KO-TKO,1.95,False
s:3301~l:3321~e:600022209~c:401467662,600022209-5092403-5050129,600022209,2022-09-07,Dana White's Contender Series,DWC,4921516,gabriel bonfim,W,5092403,trey waters,False,1,SUBMISSION,4.22,False
s:3301~l:3321~e:401128926~c:270163,401128926-4573548-5149961,401128926,2019-08-21,Dana White's Contender Series,DWC,3023804,steve garcia,W,4573548,desmond torres,False,1,KO-TKO,4.58,False
s:3301~l:3321~e:600022211~c:401451172,600022211-5076594-5101694,600022211,2022-09-21,Dana White's Contender Series,DWC,2223033,austen lane,W,5076594,richard jacobi,False,1,KO-TKO,4.57,False
s:3301~l:3321~e:401033270~c:265465,401033270-5101694-2220951,401033270,2018-06-13,Dana White's Contender Series,DWC,2223033,austen lane,L,2220951,greg hardy,False,1,KO-TKO,0.95,False
s:3301~l:3321~e:401033270~c:265464,401033270-4065047-4038116,401033270,2018-06-13,Dana White's Contender Series,DWC,2984770,chris curtis,W,4065047,sean lally,False,3,KO-TKO,11.620000000000001,False
s:3301~l:3321~e:600008641~c:401357137,600008641-4684923-5127984,600008641,2021-09-08,Dana White's Contender Series,DWC,2959422,chidi njokuani,W,4684923,mario sousa,False,3,KO-TKO,11.58,False
s:3301~l:3321~e:600036492~c:401577731,600036492-3897242-5143887,600036492,2023-08-15,Dana White's Contender Series,DWC,5143888,eduarda moura,W,5143887,janaina silva,False,1,SUBMISSION,4.0,False
s:3301~l:3321~e:401033282~c:265441,401033282-5144006-4289274,401033282,2018-07-25,Dana White's Contender Series,DWC,4339145,mike davis,L,4289274,sodiq yusuff,False,3,DEC-UNA,15.0,True
s:3301~l:3321~e:600010081~c:401380950,600010081-4024714-4867356,600010081,2021-10-13,Dana White's Contender Series,DWC,4877915,viacheslav borshchev,W,4867356,chris duncan,False,2,KO-TKO,5.47,False
s:3301~l:3321~e:600047779~c:401718431,600047779-5150152-5074120,600047779,2024-10-02,Dana White's Contender Series,DWC,5149961,jacobe smith,W,5150152,christien savoie,False,2,KO-TKO,7.92,False
s:3301~l:3321~e:401223624~c:401252310,401223624-4693719-5144320,401223624,2020-11-05,Dana White's Contender Series,DWC,4038116,ignacio bahamondes,W,4693719,edson gomez,False,2,KO-TKO,7.52,False
s:3301~l:3321~e:600047773~c:401693508,600047773-4863329-2504639,600047773,2024-08-20,Dana White's Contender Series,DWC,4001837,rizvan kuniev,W,4863329,hugo cunha,False,1,KO-TKO,4.98,False
s:3301~l:3321~e:600008644~c:401363913,600008644-4848663-2504639,600008644,2021-09-29,Dana White's Contender Series,DWC,4001837,rizvan kuniev,W,4848663,edivan santos,False,3,KO-TKO,11.0,False
s:3301~l:3321~e:401223625~c:401256294,401223625-4294278-4409219,401223625,2020-11-11,Dana White's Contender Series,DWC,3897242,nikolas motta,W,4294278,joe lowry,False,3,DEC-UNA,15.0,True
s:3301~l:3321~e:600047774~c:401698247,600047774-5212738-4875506,600047774,2024-08-28,Dana White's Contender Series,DWC,5144006,bogdan grad,W,5212738,michael aswell jr.,False,3,DEC-SPLT,15.0,True
s:3301~l:3321~e:600036332~c:401567319,600036332-5144007-4875506,600036332,2023-08-08,Dana White's Contender Series,DWC,5144006,bogdan grad,L,5144007,tom nolan,False,1,KO-TKO,1.38,False
s:3301~l:3321~e:600036493~c:401577735,600036493-5056138-3943695,600036493,2023-08-23,Dana White's Contender Series,DWC,4900808,oban elliott,W,5056138,kaik brito,False,3,DEC-MAJ,15.0,True
s:3301~l:3321~e:401222724~c:401239998,401222724-4193694-4255766,401222724,2020-09-02,Dana White's Contender Series,DWC,4684474,cody brundage,L,4255766,william knight,False,1,KO-TKO,2.38,False
s:3301~l:3321~e:600036492~c:401577732,600036492-4691323-4878592,600036492,2023-08-15,Dana White's Contender Series,DWC,5144320,cameron smotherman,L,4878592,charalampos grigoriou,False,1,KO-TKO,1.0,False
s:3301~l:3321~e:600008642~c:401361175,600008642-4914573-4828707,600008642,2021-09-15,Dana White's Contender Series,DWC,4875506,ange loosa,L,4828707,jack della maddalena,False,3,DEC-UNA,15.0,True
s:3301~l:3321~e:401221630~c:401232278,401221630-4691323-4565671,401221630,2020-08-12,Dana White's Contender Series,DWC,4683395,vanessa demopoulos,L,4565671,cory mckenna,False,3,DEC-UNA,15.0,True
s:3301~l:3321~e:400966346~c:265533,400966346-4914573-4082018,400966346,2017-07-19,Dana White's Contender Series,DWC,4205093,sean o'malley,W,4082018,alfred khashakyan,False,1,KO-TKO,4.23,False
s:3301~l:3321~e:401033270~c:265467,401033270-4339129-5044438,401033270,2018-06-13,Dana White's Contender Series,DWC,3943695,kevin holland,W,4339129,will santiago jr.,False,3,DEC-UNA,15.0,True
s:3301~l:3321~e:600047773~c:401690352,600047773-5212851-3977988,600047773,2024-08-20,Dana White's Contender Series,DWC,4738749,andreas gustafsson,W,5212851,pat pytlik,False,2,KO-TKO,8.33,False
s:3301~l:3321~e:600047624~c:401686960,600047624-5149722-3084914,600047624,2024-08-13,Dana White's Contender Series,DWC,4691323,bruno lopes,W,5149722,mikheil sazhiniani,False,2,KO-TKO,9.23,False
s:3301~l:3321~e:600036495~c:401571754,600036495-3084914-4379328,600036495,2023-09-06,Dana White's Contender Series,DWC,4691323,bruno lopes,L,4379328,brendson ribeiro,False,1,KO-TKO,3.78,False
s:3301~l:3321~e:401074498~c:265419,401074498-4372195-5061870,401074498,2018-08-12,Dana White's Contender Series,DWC,3020408,allan nascimento,L,4372195,raulian paiva,False,3,DEC-SPLT,15.0,True
s:3301~l:3321~e:401221629~c:401231039,401221629-4416297-3926497,401221629,2020-08-05,Dana White's Contender Series,DWC,4686565,jordan leavitt,W,3926497,jose flores,False,1,SUBMISSION,4.25,False
s:3301~l:3321~e:600008643~c:401348176,600008643-5196459-4700616,600008643,2021-09-22,Dana White's Contender Series,DWC,4869426,michael morales,W,4700616,nikolay veretennikov,False,3,DEC-UNA,15.0,True
s:3301~l:3321~e:401074498~c:265423,401074498-4372295-5123963,401074498,2018-08-12,Dana White's Contender Series,DWC,3955778,thiago moises,W,4372295,gleidson cutis,False,1,KO-TKO,4.35,False
s:3301~l:3321~e:600036500~c:401604873,600036500-5157670-4333158,600036500,2023-10-11,Dana White's Contender Series,DWC,5044438,connor matthews,W,5157670,jair farias,False,3,DEC-UNA,15.0,True
s:3301~l:3321~e:600021771~c:401463239,600021771-5060394-4333158,600021771,2022-08-03,Dana White's Contender Series,DWC,5044438,connor matthews,L,5060394,francis marshall,False,3,DEC-UNA,15.0,True
s:3301~l:3321~e:600010080~c:401370310,600010080-4236496-5146229,600010080,2021-10-06,Dana White's Contender Series,DWC,3249894,carlos hernandez,W,4236496,daniel barez,False,3,DEC-SPLT,15.0,True
s:3301~l:3321~e:401223625~c:401256295,401223625-2553021-2504828,401223625,2020-11-11,Dana White's Contender Series,DWC,4689229,luana pinheiro,W,2504828,stephanie frausto,False,1,KO-TKO,2.8,False
s:3301~l:3321~e:600008642~c:401361175,600008642-4875506-4089026,600008642,2021-09-15,Dana White's Contender Series,DWC,4828707,jack della maddalena,W,4875506,ange loosa,False,3,DEC-UNA,15.0,True
s:3301~l:3321~e:600022212~c:401451173,600022212-5088537-2989380,600022212,2022-09-28,Dana White's Contender Series,DWC,5061870,bo nickal,W,5088537,donovan beard,False,1,SUBMISSION,0.87,False
s:3301~l:3321~e:600021772~c:401460091,600021772-5078230-2989380,600021772,2022-08-10,Dana White's Contender Series,DWC,5061870,bo nickal,W,5078230,zachary borrego,False,1,SUBMISSION,1.03,False
s:3301~l:3321~e:600022210~c:401482232,600022210-4008549-4875507,600022210,2022-09-14,Dana White's Contender Series,DWC,5088886,daniel marcos,W,4875507,brandon lewis,False,3,DEC-UNA,15.0,True
s:3301~l:3321~e:600036495~c:401581383,600036495-5152409-4566991,600036495,2023-09-06,Dana White's Contender Series,DWC,5146229,serhiy sidey,W,5152409,ramon taveras,False,1,KO-TKO,2.43,False
s:3301~l:3321~e:401128921~c:268457,401128921-4312854-4289516,401128921,2019-07-17,Dana White's Contender Series,DWC,4249193,don'tale mayes,W,4312854,ricardo prasel,False,1,KO-TKO,4.98,False
s:3301~l:3321~e:401033284~c:265456,401033284-4349155-4289516,401033284,2018-08-01,Dana White's Contender Series,DWC,4249193,don'tale mayes,W,4349155,mitchell sipe,False,2,KO-TKO,9.82,False
s:3301~l:3321~e:400972138~c:265525,400972138-4289516-3983543,400972138,2017-08-30,Dana White's Contender Series,DWC,4249193,don'tale mayes,L,3983543,allen crowder,False,3,KO-TKO,14.2,True
s:3301~l:3321~e:401222724~c:401239996,401222724-4684241-4422355,401222724,2020-09-02,Dana White's Contender Series,DWC,2989380,jimmy flick,W,4684241,nate smith,False,3,SUBMISSION,13.25,True
s:3301~l:3321~e:400966348~c:265549,400966348-4237014-5206516,400966348,2017-08-01,Dana White's Contender Series,DWC,4063869,john castaneda,W,4237014,cheyden leialoha,False,3,DEC-UNA,15.0,True
s:3301~l:3321~e:600022207~c:401466055,600022207-5077400-4576101,600022207,2022-08-24,Dana White's Contender Series,DWC,5077399,cameron saaiman,W,5077400,josh wang-kim,False,3,KO-TKO,12.870000000000001,True
s:3301~l:3321~e:600008640~c:401351343,600008640-4997217-4422355,600008640,2021-09-01,Dana White's Contender Series,DWC,4881999,diego lopes,L,4422355,joanderson brito,False,3,DEC-UNA,10.2,False
s:3301~l:3321~e:401128922~c:268459,401128922-5139556-4425604,401128922,2019-07-24,Dana White's Contender Series,DWC,4566991,sean woodson,W,4425604,terrance mckinney,False,2,KO-TKO,6.82,False
s:3301~l:3321~e:401033282~c:265443,401033282-4354422-4875505,401033282,2018-07-25,Dana White's Contender Series,DWC,4354421,chase hooper,W,4354422,canaan kawaihae,False,3,DEC-UNA,15.0,True
s:3301~l:3321~e:401033279~c:265477,401033279-2960679-3915502,401033279,2018-06-27,Dana White's Contender Series,DWC,3955577,julian erosa,W,3915502,jamall emmers,False,2,KO-TKO,6.17,False
s:3301~l:3321~e:600047774~c:401698248,600047774-5218421-5013686,600047774,2024-08-28,Dana White's Contender Series,DWC,5138111,marco tulio,W,5013686,matthieu duclos,False,2,KO-TKO,7.63,False
s:3301~l:3321~e:600036494~c:401581402,600036494-5149815-5218421,600036494,2023-08-30,Dana White's Contender Series,DWC,5138111,marco tulio,W,5149815,yousri belgaroui,False,3,DEC-UNA,15.0,True
s:3301~l:3321~e:600021773~c:401465219,600021773-5030324-4686723,600021773,2022-08-17,Dana White's Contender Series,DWC,4374742,hailey cowan,W,5030324,claudia leite,False,3,DEC-SPLT,15.0,True
s:3301~l:3321~e:600008640~c:401351343,600008640-4881999-5060505,600008640,2021-09-01,Dana White's Contender Series,DWC,4422355,joanderson brito,W,4881999,diego lopes,False,3,DEC-UNA,10.2,False
s:3301~l:3321~e:600047778~c:401717097,600047778-5143333-4082400,600047778,2024-09-25,Dana White's Contender Series,DWC,5153082,daniel frunza,W,4082400,vadym kutsyi,False,2,KO-TKO,8.5,False
s:3301~l:3321~e:600011551~c:401382498,600011551-4695736-3924102,600011551,2021-10-20,Dana White's Contender Series,DWC,3936279,pedro falcão,W,3924102,james barnes,False,3,KO-TKO,13.92,True
s:3301~l:3321~e:600036497~c:401591072,600036497-5145495-4695736,600036497,2023-09-20,Dana White's Contender Series,DWC,5139556,talita alencar,D,5145495,stephanie luciano,False,3,DRAW,15.0,True
s:3301~l:3321~e:600008641~c:401357139,600008641-3019246-3896935,600008641,2021-09-08,Dana White's Contender Series,DWC,4396359,cj vergara,W,3896935,bruno korea,False,1,KO-TKO,0.68,False
s:3301~l:3321~e:401033281~c:265445,401033281-4273399-3041157,401033281,2018-07-18,Dana White's Contender Series,DWC,4349153,vince morales,L,3041157,domingo pilarte,False,2,SUBMISSION,6.87,False
s:3301~l:3321~e:600008641~c:401357138,600008641-3887606-3962309,600008641,2021-09-08,Dana White's Contender Series,DWC,4875505,saimon oliveira,W,3962309,jose alday,False,3,DEC-SPLT,15.0,True
s:3301~l:3321~e:600047777~c:401716185,600047777-5060505-5218420,600047777,2024-09-18,Dana White's Contender Series,DWC,5218421,ateba gautier,W,5218420,yura naito,False,2,KO-TKO,9.0,False
s:3301~l:3321~e:600036496~c:401591007,600036496-5145494-4685730,600036496,2023-09-13,Dana White's Contender Series,DWC,4686723,julia polastri,W,5145494,patricia alujas,False,2,SUBMISSION,9.08,False
s:3301~l:3321~e:600008642~c:401361176,600008642-4835135-4685730,600008642,2021-09-15,Dana White's Contender Series,DWC,4686723,julia polastri,L,4835135,jasmine jasudavicius,False,3,DEC-UNA,15.0,True
s:3301~l:3321~e:401223624~c:401247220,401223624-4077475-4687590,401223624,2020-11-05,Dana White's Contender Series,DWC,4695736,carlos ulberg,W,4687590,bruno oliveira,False,1,KO-TKO,2.03,False
s:3301~l:3321~e:600022207~c:401451148,600022207-4294926-5053878,600022207,2022-08-24,Dana White's Contender Series,DWC,5060505,mick parkin,W,5053878,eduardo neves,False,1,SUBMISSION,1.95,False
s:3301~l:3321~e:400961602~c:237192,400961602-4894791-2989137,400961602,2017-07-11,Dana White's Contender Series,DWC,3019246,kurt holobaugh,D,2989137,matt bessette,False,1,NO-CONTEST,2.98,False
s:3301~l:3321~e:401033277~c:265482,401033277-5264398-3146345,401033277,2018-06-20,Dana White's Contender Series,DWC,3887606,ryan spann,W,3146345,emiliano sordi,False,1,SUBMISSION,0.43,False
s:3301~l:3321~e:400966347~c:265553,400966347-4236954-5264398,400966347,2017-07-25,Dana White's Contender Series,DWC,3887606,ryan spann,L,4236954,karl roberson,False,1,KO-TKO,0.25,False
s:3301~l:3321~e:600036496~c:401591004,600036496-5088916-4426305,600036496,2023-09-13,Dana White's Contender Series,DWC,4685730,aj cunningham,L,4426305,steven nguyen,False,2,KO-TKO,9.1,False
s:3301~l:3321~e:600036500~c:401604870,600036500-5088916-5147579,600036500,2023-10-11,Dana White's Contender Series,DWC,5157669,andre lima,W,5147579,rickson zenidim,False,3,DEC-UNA,15.0,True
s:3301~l:3321~e:600036498~c:401600950,600036498-3136289-5149147,600036498,2023-09-27,Dana White's Contender Series,DWC,5172179,carli judice,L,5149147,ernesta kareckaite,False,3,DEC-SPLT,15.0,True
s:3301~l:3321~e:600011551~c:401382490,600011551-4867357-4875514,600011551,2021-10-20,Dana White's Contender Series,DWC,4894791,armen petrosyan,W,4875514,kaloyan kolev,False,1,KO-TKO,4.45,False
s:3301~l:3321~e:600021771~c:401463239,600021771-5074130-5044438,600021771,2022-08-03,Dana White's Contender Series,DWC,5060394,francis marshall,W,5044438,connor matthews,False,3,DEC-UNA,15.0,True
s:3301~l:3321~e:400966348~c:265545,400966348-4612580-3913473,400966348,2017-08-01,Dana White's Contender Series,DWC,4077475,julian marquez,W,3913473,phil hawes,False,2,KO-TKO,7.33,False
s:3301~l:3321~e:600022212~c:401483883,600022212-5109762-5088845,600022212,2022-09-28,Dana White's Contender Series,DWC,5088916,sam patterson,W,5088845,vinicius cenci,False,2,SUBMISSION,9.3,False
s:3301~l:3321~e:600008644~c:401363912,600008644-5074274-4863327,600008644,2021-09-29,Dana White's Contender Series,DWC,4863328,lucas almeida,L,4863327,daniel zellhuber,False,3,DEC-UNA,15.0,True
s:3301~l:3321~e:401222724~c:401239995,401222724-4686735-5109762,401222724,2020-09-02,Dana White's Contender Series,DWC,4686734,melsik baghdasaryan,W,4686735,dennis buzukja,False,3,DEC-UNA,15.0,True
s:3301~l:3321~e:600036492~c:401577730,600036492-5007669-5123216,600036492,2023-08-15,Dana White's Contender Series,DWC,4684240,ibo aslan,W,5007669,paulo renato jr.,False,1,KO-TKO,2.37,False
s:3301~l:3321~e:600011552~c:401382951,600011552-3077807-4021216,600011552,2021-10-27,Dana White's Contender Series,DWC,4867357,javid basharat,W,4021216,oron kahlon,False,3,SUBMISSION,14.2,True
s:3301~l:3321~e:600036495~c:401592854,600036495-5068827-4410084,600036495,2023-09-06,Dana White's Contender Series,DWC,5032015,dylan budka,W,5068827,chad hanekom,False,3,DEC-UNA,15.0,True
s:3301~l:3321~e:600021773~c:401465220,600021773-5077398-5074129,600021773,2022-08-17,Dana White's Contender Series,DWC,5074130,nazim sadykhov,W,5074129,ahmad hassanzada,False,3,KO-TKO,11.98,False
s:3301~l:3321~e:600022207~c:401466054,600022207-4371001-4895769,600022207,2022-08-24,Dana White's Contender Series,DWC,5074274,jesus aguilar,W,4895769,erisson ferreira,False,3,SUBMISSION,11.93,False
s:3301~l:3321~e:600047777~c:401690356,600047777-5215272-4830364,600047777,2024-09-18,Dana White's Contender Series,DWC,5144797,elijah smith,W,5215272,aaron tau,False,3,DEC-UNA,15.0,True
s:3301~l:3321~e:600022210~c:401482234,600022210-4891678-3901011,600022210,2022-09-14,Dana White's Contender Series,DWC,4394200,bruna brasil,W,4891678,marnic mann,False,2,KO-TKO,9.55,False
s:3301~l:3321~e:600047780~c:401724475,600047780-5075333-5193167,600047780,2024-10-09,Dana White's Contender Series,DWC,5212351,kody steele,W,5193167,chasen blair,False,2,KO-TKO,9.120000000000001,False
s:3301~l:3321~e:401074496~c:265428,401074496-4371003-3900088,401074496,2018-08-11,Dana White's Contender Series,DWC,4371001,mayra bueno silva,W,4371003,mayana kellem,False,1,SUBMISSION,1.03,False
s:3301~l:3321~e:600021772~c:401445835,600021772-5007669-4873642,600021772,2022-08-10,Dana White's Contender Series,DWC,4565641,jamal pogues,W,5007669,paulo renato jr.,False,3,DEC-UNA,15.0,True
s:3301~l:3321~e:401128926~c:270162,401128926-4570799-4873642,401128926,2019-08-21,Dana White's Contender Series,DWC,4565641,jamal pogues,W,4570799,marcos brigagão,False,3,DEC-UNA,15.0,True
s:3301~l:3321~e:401128922~c:268462,401128922-4424020-4064714,401128922,2019-07-24,Dana White's Contender Series,DWC,4425355,jamahal hill,W,4064714,alexander poppeck,False,2,KO-TKO,9.48,False
s:3301~l:3321~e:600008641~c:401357140,600008641-4816062-4032401,600008641,2021-09-08,Dana White's Contender Series,DWC,3960072,muin gafurov,L,4816062,chad anheliger,False,3,DEC-SPLT,15.0,True
s:3301~l:3321~e:600047775~c:401711524,600047775-5172335-3895544,600047775,2024-09-04,Dana White's Contender Series,DWC,5120304,austin bashi,W,5172335,dorian ramos,False,2,SUBMISSION,8.25,False
s:3301~l:3321~e:401221629~c:401231060,401221629-4686567-4816066,401221629,2020-08-05,Dana White's Contender Series,DWC,4685870,uros medic,W,4686567,mikey gonzalez,False,1,KO-TKO,2.2,False
s:3301~l:3321~e:600008644~c:401348177,600008644-2512976-4873641,600008644,2021-09-29,Dana White's Contender Series,DWC,4873642,ihor potieria,W,4873641,lucasz sudolski,False,1,KO-TKO,3.68,False
s:3301~l:3321~e:600022208~c:401467212,600022208-3093026-4869428,600022208,2022-08-31,Dana White's Contender Series,DWC,5060398,viktoriia dudakova,W,4869428,maria silva,False,3,DEC-UNA,15.0,True
s:3301~l:3321~e:401128920~c:268448,401128920-4963269-4423875,401128920,2019-07-10,Dana White's Contender Series,DWC,4423876,joe solecki,W,4423875,jesse wallace,False,1,SUBMISSION,3.82,False
s:3301~l:3321~e:401128922~c:268463,401128922-3939270-4815998,401128922,2019-07-24,Dana White's Contender Series,DWC,3900088,billy quarantillo,W,3939270,kamuela kirk,False,3,KO-TKO,10.37,False
s:3301~l:3321~e:401221629~c:401231059,401221629-4010873-3099187,401221629,2020-08-05,Dana White's Contender Series,DWC,2594871,dustin jacoby,W,4010873,ty flores,False,3,DEC-UNA,15.0,True
s:3301~l:3321~e:600011551~c:401382497,600011551-4836549-4082125,600011551,2021-10-20,Dana White's Contender Series,DWC,4816066,piera rodriguez,W,4836549,valesca machado,False,3,DEC-UNA,15.0,True
s:3301~l:3321~e:600011552~c:401382952,600011552-4568503-4686270,600011552,2021-10-27,Dana White's Contender Series,DWC,3309918,karine silva,W,4568503,yan qihui,False,2,SUBMISSION,6.73,False
s:3301~l:3321~e:600036496~c:401571753,600036496-5092399-4426192,600036496,2023-09-13,Dana White's Contender Series,DWC,5075748,james llontop,W,5092399,malik lewis,False,3,DEC-UNA,15.0,True
s:3301~l:3321~e:600036496~c:401591006,600036496-3045734-5053878,600036496,2023-09-13,Dana White's Contender Series,DWC,5145497,jhonata diniz,W,5053878,eduardo neves,False,1,KO-TKO,3.25,False
s:3301~l:3321~e:600047773~c:401693509,600047773-5077131-4245470,600047773,2024-08-20,Dana White's Contender Series,DWC,4775129,cortavious romious,W,4245470,michael imperato,False,3,DEC-UNA,15.0,True
s:3301~l:3321~e:600036500~c:401571749,600036500-5152409-5077131,600036500,2023-10-11,Dana White's Contender Series,DWC,4775129,cortavious romious,L,5152409,ramon taveras,False,1,KO-TKO,0.48,False
s:3301~l:3321~e:401128920~c:268449,401128920-4095179-2514828,401128920,2019-07-10,Dana White's Contender Series,DWC,3955820,antonio trocoli,D,4095179,kenneth bergh,False,1,NO-CONTEST,3.95,False
s:3301~l:3321~e:401128923~c:268322,401128923-5189560-4426144,401128923,2019-07-31,Dana White's Contender Series,DWC,4426192,rodrigo nascimento,W,4426144,michal martinek,False,1,SUBMISSION,3.27,False
s:3301~l:3321~e:400966347~c:265557,400966347-4236955-3088232,400966347,2017-07-25,Dana White's Contender Series,DWC,4074001,dan ige,W,4236955,luis gomez,False,3,SUBMISSION,13.379999999999999,True
s:3301~l:3321~e:600022211~c:401483871,600022211-5236142-4584163,600022211,2022-09-21,Dana White's Contender Series,DWC,5077131,brunno ferreira,W,4584163,leon aliu,False,1,KO-TKO,1.58,False
s:3301~l:3321~e:600036499~c:401571750,600036499-5119536-4690549,600036499,2023-10-04,Dana White's Contender Series,DWC,4293183,victor hugo,W,5119536,eduardo torres caut,False,2,SUBMISSION,7.27,False
s:3301~l:3321~e:400966348~c:265546,400966348-5240957-4237013,400966348,2017-08-01,Dana White's Contender Series,DWC,4237015,kyler phillips,W,4237013,james gray,False,1,KO-TKO,0.77,False
s:3301~l:3321~e:600047781~c:401728707,600047781-5217935-5134399,600047781,2024-10-16,Dana White's Contender Series,DWC,5147552,heraldo souza,L,5134399,nick klein,False,1,SUBMISSION,0.62,False
s:3301~l:3321~e:600047781~c:401728887,600047781-5218137-5218814,600047781,2024-10-16,Dana White's Contender Series,DWC,5195917,nick piccininni,L,5218137,luis gurule,False,3,DEC-SPLT,15.0,True
s:3301~l:3321~e:600047774~c:401708027,600047774-5211224-5218814,600047774,2024-08-28,Dana White's Contender Series,DWC,5195917,nick piccininni,W,5211224,jack duffy,False,3,DEC-SPLT,15.0,True
s:3301~l:3321~e:600047781~c:401724507,600047781-5223854-5218814,600047781,2024-10-16,Dana White's Contender Series,DWC,5223853,leslie hernandez,L,5223854,julieta martinez,False,3,DEC-SPLT,15.0,True
s:3301~l:3321~e:600047781~c:401721187,600047781-2500735-5218668,600047781,2024-10-16,Dana White's Contender Series,DWC,5236142,jonathan micallef,W,5218668,mohamed ado,False,1,SUBMISSION,3.02,False
s:3301~l:3321~e:401221630~c:401232278,401221630-4683395-4713584,401221630,2020-08-12,Dana White's Contender Series,DWC,4565671,cory mckenna,W,4683395,vanessa demopoulos,False,3,DEC-UNA,15.0,True
s:3301~l:3321~e:600047773~c:401693511,600047773-5144174-5130607,600047773,2024-08-20,Dana White's Contender Series,DWC,5001014,cody haddon,W,5144174,billy brand,False,1,SUBMISSION,3.15,False
s:3301~l:3321~e:600036500~c:401606729,600036500-5149442-5235875,600036500,2023-10-11,Dana White's Contender Series,DWC,5146278,lucas rocha,W,5149442,davi bittencourt,False,2,KO-TKO,5.3,False
s:3301~l:3321~e:600047780~c:401690359,600047780-4894780-5217455,600047780,2024-10-09,Dana White's Contender Series,DWC,5217935,artem vakhitov,W,5217455,islem masraf,False,1,KO-TKO,4.38,False
s:3301~l:3321~e:600055007~c:401808386,600055007-5293557-4389252,600055007,2025-09-10,Dana White's Contender Series,DWC,5193167,chasen blair,L,5293557,samuel sanches,False,1,KO-TKO,2.02,False
s:3301~l:3321~e:600047780~c:401724475,600047780-5212351-4389252,600047780,2024-10-09,Dana White's Contender Series,DWC,5193167,chasen blair,L,5212351,kody steele,False,2,KO-TKO,9.120000000000001,False
s:3301~l:3321~e:600047780~c:401724481,600047780-5220883-5001017,600047780,2024-10-09,Dana White's Contender Series,DWC,5218814,anthony drilich,L,5001017,sean gauci,False,3,DEC-UNA,15.0,True
s:3301~l:3321~e:600047779~c:401718430,600047779-5213352-5142277,600047779,2024-10-02,Dana White's Contender Series,DWC,5081274,bartosz szewczyk,L,5213352,diyar nurgozhay,False,2,KO-TKO,8.53,False
s:3301~l:3321~e:600047779~c:401690358,600047779-5212857-4571450,600047779,2024-10-02,Dana White's Contender Series,DWC,5125484,carlos calderon,L,4571450,alberto montes,False,2,SUBMISSION,7.63,False
s:3301~l:3321~e:600047779~c:401718429,600047779-5222338-4503229,600047779,2024-10-02,Dana White's Contender Series,DWC,5235875,xavier franklin,L,4503229,david martinez,False,3,DEC-UNA,15.0,True
s:3301~l:3321~e:600047779~c:401718428,600047779-5218815-4050996,600047779,2024-10-02,Dana White's Contender Series,DWC,5130607,abdellah er-ramy,L,4050996,torrez finney,False,1,KO-TKO,4.17,False
s:3301~l:3321~e:600047779~c:401718431,600047779-4935217-5149961,600047779,2024-10-02,Dana White's Contender Series,DWC,5150152,christien savoie,L,5149961,jacobe smith,False,2,KO-TKO,7.92,False
s:3301~l:3321~e:401033284~c:265455,401033284-5228275-3254940,401033284,2018-08-01,Dana White's Contender Series,DWC,4354423,roosevelt roberts,W,3254940,garrett gross,False,2,SUBMISSION,7.220000000000001,False
s:3301~l:3321~e:600008640~c:401351344,600008640-4425603-4013049,600008640,2021-09-01,Dana White's Contender Series,DWC,4713584,victor altamirano,W,4013049,carlos candelario,False,3,DEC-SPLT,15.0,True
s:3301~l:3321~e:600047778~c:401690357,600047778-3948572-4047571,600047778,2024-09-25,Dana White's Contender Series,DWC,5216851,danylo voievodkin,W,4047571,bailey schoenfelder,False,1,SUBMISSION,1.22,False
s:3301~l:3321~e:600047778~c:401717097,600047778-5153082-4408436,600047778,2024-09-25,Dana White's Contender Series,DWC,4082400,vadym kutsyi,L,5153082,daniel frunza,False,2,KO-TKO,8.5,False
s:3301~l:3321~e:600047778~c:401717098,600047778-5211222-5216849,600047778,2024-09-25,Dana White's Contender Series,DWC,5220883,francesco mazzeo,L,5216849,kevin christian,False,2,SUBMISSION,9.280000000000001,False
s:3301~l:3321~e:600055007~c:401808384,600055007-5172335-4958170,600055007,2025-09-10,Dana White's Contender Series,DWC,5222338,cam teague,L,4958170,lerryan douglas,False,1,KO-TKO,0.6,False
s:3301~l:3321~e:600047778~c:401717099,600047778-5172335-5145681,600047778,2024-09-25,Dana White's Contender Series,DWC,5222338,cam teague,L,5145681,kevin vallejos,False,1,KO-TKO,2.38,False
s:3301~l:3321~e:600047778~c:401717100,600047778-5214599-5075992,600047778,2024-09-25,Dana White's Contender Series,DWC,5142277,rose conceição,L,5075992,alexia thainara,False,3,DEC-UNA,15.0,True
s:3301~l:3321~e:600047777~c:401716183,600047777-5157667-5212856,600047777,2024-09-18,Dana White's Contender Series,DWC,5212857,arthur lopes,L,5212856,tallison teixeira,False,1,KO-TKO,1.95,False
s:3301~l:3321~e:600047777~c:401716184,600047777-5218816-4705665,600047777,2024-09-18,Dana White's Contender Series,DWC,5218815,benjamin bennett,W,5218816,joey hart,False,3,DEC-SPLT,15.0,True
s:3301~l:3321~e:600047777~c:401716185,600047777-5218421-5013686,600047777,2024-09-18,Dana White's Contender Series,DWC,5218420,yura naito,L,5218421,ateba gautier,False,2,KO-TKO,9.0,False
s:3301~l:3321~e:600047777~c:401716186,600047777-5074129-5204226,600047777,2024-09-18,Dana White's Contender Series,DWC,4935217,dylan mantello,L,5074129,ahmad hassanzada,False,3,SUBMISSION,12.68,True
s:3301~l:3321~e:600036497~c:401591069,600036497-5204226-4868702,600036497,2023-09-20,Dana White's Contender Series,DWC,4935217,dylan mantello,L,4868702,kaynan kruschewsky,False,1,SUBMISSION,2.87,False
s:3301~l:3321~e:600047776~c:401715288,600047776-4801267-5216713,600047776,2024-09-11,Dana White's Contender Series,DWC,5228275,phil latu,L,5216713,navajo stirling,False,2,KO-TKO,7.35,False
s:3301~l:3321~e:600047776~c:401703289,600047776-4285679-5212850,600047776,2024-09-11,Dana White's Contender Series,DWC,5212853,otari tanzilovi,L,5212850,josias musasa,False,3,DEC-SPLT,15.0,True
s:3301~l:3321~e:600047775~c:401690354,600047775-4245470-4701954,600047775,2024-09-04,Dana White's Contender Series,DWC,5214599,igor cavalcanti,L,4701954,seokhyeon ko,False,3,DEC-UNA,15.0,True
s:3301~l:3321~e:600047775~c:401711524,600047775-5110469-5120304,600047775,2024-09-04,Dana White's Contender Series,DWC,5172335,dorian ramos,L,5120304,austin bashi,False,2,SUBMISSION,8.25,False
s:3301~l:3321~e:600047775~c:401699793,600047775-5211223-5110469,600047775,2024-09-04,Dana White's Contender Series,DWC,5211222,shannon clark,L,5211223,yuneisy duben,False,1,KO-TKO,1.22,False
s:3301~l:3321~e:600047775~c:401699794,600047775-4285679-5085318,600047775,2024-09-04,Dana White's Contender Series,DWC,5157667,quillan salkilld,W,5085318,gauge young,False,3,DEC-UNA,15.0,True
s:3301~l:3321~e:600047774~c:401690353,600047774-5211225-3109135,600047774,2024-08-28,Dana White's Contender Series,DWC,4705665,liam anderson,L,5211225,andrey pulyaev,False,3,DEC-UNA,15.0,True
s:3301~l:3321~e:600047774~c:401698248,600047774-5138111-5110469,600047774,2024-08-28,Dana White's Contender Series,DWC,5013686,matthieu duclos,L,5138111,marco tulio,False,2,KO-TKO,7.63,False
s:3301~l:3321~e:600047774~c:401698249,600047774-5212854-3030256,600047774,2024-08-28,Dana White's Contender Series,DWC,4421157,adam bramhald,L,5212854,malcolm wellmaker,False,1,KO-TKO,2.48,False
s:3301~l:3321~e:600036499~c:401597253,600036499-4295666-5149440,600036499,2023-10-04,Dana White's Contender Series,DWC,5157817,jose daniel medina,L,5149440,magomed gadzhiyasulov,False,3,DEC-UNA,15.0,True
s:3301~l:3321~e:401223626~c:401256300,401223626-4689226-4878592,401223626,2020-11-18,Dana White's Contender Series,DWC,4374740,victoria leonardo,W,4689226,chelsea hackett,False,2,KO-TKO,9.68,False
s:3301~l:3321~e:600047773~c:401690352,600047773-5200305-4738749,600047773,2024-08-20,Dana White's Contender Series,DWC,5212851,pat pytlik,L,4738749,andreas gustafsson,False,2,KO-TKO,8.33,False
s:3301~l:3321~e:600047773~c:401693508,600047773-4319785-4001837,600047773,2024-08-20,Dana White's Contender Series,DWC,4863329,hugo cunha,L,4001837,rizvan kuniev,False,1,KO-TKO,4.98,False
s:3301~l:3321~e:600047773~c:401693509,600047773-4775129-3104720,600047773,2024-08-20,Dana White's Contender Series,DWC,4245470,michael imperato,L,4775129,cortavious romious,False,3,DEC-UNA,15.0,True
s:3301~l:3321~e:600047779~c:401718428,600047779-5130607-4878592,600047779,2024-10-02,Dana White's Contender Series,DWC,4050996,torrez finney,W,5130607,abdellah er-ramy,False,1,KO-TKO,4.17,False
s:3301~l:3321~e:600047773~c:401693510,600047773-4694832-4878592,600047773,2024-08-20,Dana White's Contender Series,DWC,4050996,torrez finney,W,4694832,cam rowston,False,3,DEC-UNA,15.0,True
s:3301~l:3321~e:600036500~c:401604871,600036500-5147207-4878592,600036500,2023-10-11,Dana White's Contender Series,DWC,4050996,torrez finney,W,5147207,yuri panferov,False,2,SUBMISSION,7.720000000000001,False
s:3301~l:3321~e:401128924~c:269716,401128924-3121961-4969973,401128924,2019-08-07,Dana White's Contender Series,DWC,3089633,herbert burns,W,3121961,darrick minner,False,1,SUBMISSION,2.48,False
s:3301~l:3321~e:600047624~c:401686958,600047624-5211221-3948876,600047624,2024-08-13,Dana White's Contender Series,DWC,5057023,wes schultz,L,5211221,mansur abdul-malik,False,2,KO-TKO,8.92,False
s:3301~l:3321~e:600047624~c:401703013,600047624-4813565-3922557,600047624,2024-08-13,Dana White's Contender Series,DWC,4295666,rami hamed,W,4813565,ding meng,False,3,DEC-UNA,15.0,True
s:3301~l:3321~e:600047624~c:401703014,600047624-5223435-3152929,600047624,2024-08-13,Dana White's Contender Series,DWC,5212749,ernie juarez,L,5223435,jose miguel delgado,False,2,KO-TKO,6.42,False
s:3301~l:3321~e:600055006~c:401805485,600055006-3957071-5150021,600055006,2025-09-03,Dana White's Contender Series,DWC,5200305,an tuan ho,L,5150021,eduardo chapolin,False,3,DEC-UNA,15.0,True
s:3301~l:3321~e:600047624~c:401686962,600047624-3957071-5147737,600047624,2024-08-13,Dana White's Contender Series,DWC,5200305,an tuan ho,L,5147737,lone'er kavanagh,False,1,KO-TKO,2.42,False
s:3301~l:3321~e:600036492~c:401577732,600036492-5144320-4040197,600036492,2023-08-15,Dana White's Contender Series,DWC,4878592,charalampos grigoriou,W,5144320,cameron smotherman,False,1,KO-TKO,1.0,False
s:3301~l:3321~e:600022209~c:401467663,600022209-4076472-4701186,600022209,2022-09-07,Dana White's Contender Series,DWC,4915907,karl williams,W,4701186,jimmy lawson,False,3,DEC-UNA,15.0,True
s:3301~l:3321~e:401033270~c:265463,401033270-4339131-4375156,401033270,2018-06-13,Dana White's Contender Series,DWC,3948876,alonzo menifield,W,4339131,dashawn boatwright,False,1,KO-TKO,0.13,False
s:3301~l:3321~e:400966347~c:265556,400966347-4375156-3923647,400966347,2017-07-25,Dana White's Contender Series,DWC,3948876,alonzo menifield,W,3923647,daniel jolly,False,1,DR-TKO,5.0,False
s:3301~l:3321~e:401033277~c:265481,401033277-3074464-3938715,401033277,2018-06-20,Dana White's Contender Series,DWC,3957071,giga chikadze,L,3938715,austin springer,False,3,SUBMISSION,14.17,True
s:3301~l:3321~e:600036497~c:401591069,600036497-4935217-4360028,600036497,2023-09-20,Dana White's Contender Series,DWC,4868702,kaynan kruschewsky,W,4935217,dylan mantello,False,1,SUBMISSION,2.87,False
s:3301~l:3321~e:401128917~c:268441,401128917-5143223-3009725,401128917,2019-06-19,Dana White's Contender Series,DWC,4076472,bill algeo,L,3009725,brendan loughnane,False,3,DEC-UNA,15.0,True
s:3301~l:3321~e:600036492~c:401579129,600036492-5115163-4685988,600036492,2023-08-15,Dana White's Contender Series,DWC,5027356,hyder amil,W,5115163,emrah sonmez,False,3,DEC-UNA,15.0,True
s:3301~l:3321~e:401128923~c:268320,401128923-3928693-4243624,401128923,2019-07-31,Dana White's Contender Series,DWC,4426285,mariya agapova,L,4243624,tracy cortez,False,3,DEC-UNA,15.0,True
s:3301~l:3321~e:600022207~c:401466053,600022207-4963260-4423214,600022207,2022-08-24,Dana White's Contender Series,DWC,4358252,darrius flowers,W,4963260,amiran gogoladze,False,1,SUBMISSION,1.22,False
s:3301~l:3321~e:600010081~c:401370333,600010081-3089915-2502713,600010081,2021-10-13,Dana White's Contender Series,DWC,4406574,martin buday,W,2502713,lorenzo hood,False,1,KO-TKO,4.93,False
s:3301~l:3321~e:600022210~c:401482233,600022210-4684923-4423214,600022210,2022-09-14,Dana White's Contender Series,DWC,4684776,ikram aliskerov,W,4684923,mario sousa,False,1,SUBMISSION,2.15,False
s:3301~l:3321~e:401128919~c:268447,401128919-4392322-4351085,401128919,2019-06-26,Dana White's Contender Series,DWC,4010864,miles johns,W,4392322,richie santiago,False,3,DEC-UNA,15.0,True
s:3301~l:3321~e:600021773~c:401465218,600021773-4584150-5144007,600021773,2022-08-17,Dana White's Contender Series,DWC,4360028,jose johnson,W,4584150,jack cartwright,False,3,DEC-UNA,15.0,True
s:3301~l:3321~e:401222724~c:401239997,401222724-5144007-4231391,401222724,2020-09-02,Dana White's Contender Series,DWC,4360028,jose johnson,L,4231391,ronnie lawrence,False,3,DEC-UNA,15.0,True
s:3301~l:3321~e:400961602~c:237190,400961602-4034272-3122040,400961602,2017-07-11,Dana White's Contender Series,DWC,3928693,ricky turcios,L,3122040,boston salmon,False,3,DEC-UNA,15.0,True
s:3301~l:3321~e:600036493~c:401571756,600036493-5143224-4705600,600036493,2023-08-23,Dana White's Contender Series,DWC,5143223,zachary reese,W,5143224,eli aronov,False,1,SUBMISSION,1.23,False
s:3301~l:3321~e:401128917~c:268439,401128917-4565903-4237148,401128917,2019-06-19,Dana White's Contender Series,DWC,4423214,punahele soriano,W,4237148,jamie pickett,False,3,DEC-UNA,15.0,True
s:3301~l:3321~e:600021771~c:401463238,600021771-4900807-4812389,600021771,2022-08-03,Dana White's Contender Series,DWC,4869425,vinicius salvador,W,4812389,shannon ross,False,2,KO-TKO,9.370000000000001,False
s:3301~l:3321~e:600036332~c:401567319,600036332-3155425-5144006,600036332,2023-08-08,Dana White's Contender Series,DWC,5144007,tom nolan,W,5144006,bogdan grad,False,1,KO-TKO,1.38,False
s:3301~l:3321~e:600008643~c:401362000,600008643-4379258-4683418,600008643,2021-09-22,Dana White's Contender Series,DWC,4875509,kleydson rodrigues,W,4683418,santo curatolo,False,3,DEC-UNA,15.0,True
s:3301~l:3321~e:600022208~c:401467211,600022208-5044376-4275487,600022208,2022-08-31,Dana White's Contender Series,DWC,4689965,mateusz rębecki,W,5044376,rodrigo lidio,False,1,SUBMISSION,3.08,False
s:3301~l:3321~e:600010081~c:401377630,600010081-4815978-3089069,600010081,2021-10-13,Dana White's Contender Series,DWC,4705600,jake hadley,W,4815978,mitch raposo,False,2,SUBMISSION,8.18,False
s:3301~l:3321~e:600022209~c:401451170,600022209-5060489-3915502,600022209,2022-09-07,Dana White's Contender Series,DWC,5060483,vitor petrino,W,5060489,rodolfo bellato,False,2,KO-TKO,8.6,False
s:3301~l:3321~e:600036498~c:401600950,600036498-5172179-2552777,600036498,2023-09-27,Dana White's Contender Series,DWC,5149147,ernesta kareckaite,W,5172179,carli judice,False,3,DEC-SPLT,15.0,True
s:3301~l:3321~e:400968458~c:238654,400968458-4875513-3077954,400968458,2017-08-08,Dana White's Contender Series,DWC,3155425,alex perez,W,3077954,kevin gray,False,1,SUBMISSION,2.9,False
s:3301~l:3321~e:600036332~c:401567320,600036332-5075334-4374436,600036332,2023-08-08,Dana White's Contender Series,DWC,5007668,caio machado,W,5075334,kevin szaflarski,False,3,DEC-UNA,15.0,True
s:3301~l:3321~e:600011553~c:401379701,600011553-3093559-4875499,600011553,2021-11-03,Dana White's Contender Series,DWC,4895360,maheshate,W,4875499,achilles estremadura,False,3,DEC-UNA,15.0,True
s:3301~l:3321~e:401074497~c:265413,401074497-4245094-4348793,401074497,2018-08-12,Dana White's Contender Series,DWC,4379258,marina rodriguez,W,4348793,maria oliveira,False,1,KO-TKO,3.05,False
s:3301~l:3321~e:600036332~c:401567318,600036332-4246307-5119021,600036332,2023-08-08,Dana White's Contender Series,DWC,5144068,cesar almeida,W,5119021,lucas fernando,False,3,DEC-UNA,15.0,True
s:3301~l:3321~e:401033279~c:265477,401033279-3955577-4905261,401033279,2018-06-27,Dana White's Contender Series,DWC,3915502,jamall emmers,L,3955577,julian erosa,False,2,KO-TKO,6.17,False
s:3301~l:3321~e:600021770~c:401460459,600021770-3155424-4687113,600021770,2022-07-27,Dana White's Contender Series,DWC,4875513,anton turkalj,W,4687113,acácio dos santos,False,3,DEC-UNA,15.0,True
s:3301~l:3321~e:600008643~c:401357660,600008643-4835136-3281606,600008643,2021-09-22,Dana White's Contender Series,DWC,4374436,aj dobson,W,4835136,hashem arkhagha,False,1,SUBMISSION,4.35,False
s:3301~l:3321~e:600036493~c:401577737,600036493-5147245-5145498,600036493,2023-08-23,Dana White's Contender Series,DWC,5144312,luis pajuelo,W,5147245,robbie ring,False,1,KO-TKO,3.72,False
s:3301~l:3321~e:401033283~c:265431,401033283-4354424-4239928,401033283,2018-08-08,Dana White's Contender Series,DWC,4245094,kennedy nzechukwu,W,4354424,dennis bryant,False,1,KO-TKO,1.8,False
s:3301~l:3321~e:400972137~c:265526,400972137-4239928-3039664,400972137,2017-08-23,Dana White's Contender Series,DWC,4245094,kennedy nzechukwu,W,3039664,anton berzin,False,3,DEC-SPLT,15.0,True
s:3301~l:3321~e:600036498~c:401597250,600036498-4893608-5074126,600036498,2023-09-27,Dana White's Contender Series,DWC,4702589,danny silva,W,4893608,angel pacheco,False,3,DEC-UNA,15.0,True
s:3301~l:3321~e:600036494~c:401579192,600036494-3045737-4294832,600036494,2023-08-30,Dana White's Contender Series,DWC,4816283,mitch ramirez,L,4294832,carlos prates,False,2,KO-TKO,6.23,False
s:3301~l:3321~e:600008641~c:401357140,600008641-4713086-3960072,600008641,2021-09-08,Dana White's Contender Series,DWC,4816062,chad anheliger,W,3960072,muin gafurov,False,3,DEC-SPLT,15.0,True
s:3301~l:3321~e:401033281~c:265444,401033281-4350812-4037324,401033281,2018-07-18,Dana White's Contender Series,DWC,4246307,maycee barber,W,4037324,jamie colleen miller,False,3,KO-TKO,14.25,True
s:3301~l:3321~e:401221631~c:401233642,401221631-4684127-4690540,401221631,2020-08-19,Dana White's Contender Series,DWC,4276994,josh parisian,W,4684127,chad johnson,False,1,KO-TKO,3.72,False
s:3301~l:3321~e:401033279~c:265476,401033279-4690540-2506260,401033279,2018-06-27,Dana White's Contender Series,DWC,4276994,josh parisian,W,2506260,greg rebello,False,1,KO-TKO,1.52,False
s:3301~l:3321~e:600036497~c:401591071,600036497-5122234-5121866,600036497,2023-09-20,Dana White's Contender Series,DWC,5145498,shamil gaziev,W,5121866,greg velasco,False,1,SUBMISSION,2.63,False
s:3301~l:3321~e:401221632~c:401231042,401221632-4926991-3895527,401221632,2020-08-26,Dana White's Contender Series,DWC,4237148,jamie pickett,W,3895527,jhonoven pati,False,2,KO-TKO,5.55,False
s:3301~l:3321~e:401128917~c:268439,401128917-4423214-4926991,401128917,2019-06-19,Dana White's Contender Series,DWC,4237148,jamie pickett,L,4423214,punahele soriano,False,3,DEC-UNA,15.0,True
s:3301~l:3321~e:400961602~c:237191,400961602-4926991-3020777,400961602,2017-07-11,Dana White's Contender Series,DWC,4237148,jamie pickett,L,3020777,charles byrd,False,1,SUBMISSION,4.92,False
s:3301~l:3321~e:600021773~c:401465217,600021773-5123311-5065494,600021773,2022-08-17,Dana White's Contender Series,DWC,5074126,claudio ribeiro,W,5065494,ivan valenzuela,False,1,KO-TKO,0.42,False
s:3301~l:3321~e:600022212~c:401483886,600022212-4426130-4795255,600022212,2022-09-28,Dana White's Contender Series,DWC,5088891,mateus mendonca,W,4795255,ashiek ajim,False,1,KO-TKO,0.8,False
s:3301~l:3321~e:401222786~c:401241750,401222786-4393818-4686739,401222786,2020-09-16,Dana White's Contender Series,DWC,4690540,muhammad naimov,L,4686739,collin anglin,False,3,DEC-UNA,15.0,True
s:3301~l:3321~e:600036498~c:401597809,600036498-5157668-5088544,600036498,2023-09-27,Dana White's Contender Series,DWC,5152138,danny barlow,W,5088544,raheam forest,False,1,KO-TKO,1.32,False
s:3301~l:3321~e:600036494~c:401579191,600036494-3953381-5079262,600036494,2023-08-30,Dana White's Contender Series,DWC,5123311,timmy cuamba,W,5079262,mateo vogel,False,3,DEC-UNA,15.0,True
s:3301~l:3321~e:600022208~c:401467213,600022208-3961293-4213329,600022208,2022-08-31,Dana White's Contender Series,DWC,5080936,blake bilder,W,4213329,alexander morgan,False,1,SUBMISSION,3.23,False
s:3301~l:3321~e:600036500~c:401604872,600036500-3961293-4683526,600036500,2023-10-11,Dana White's Contender Series,DWC,5157668,marquel mederos,W,4683526,issa isakov,False,1,KO-TKO,4.15,False
s:3301~l:3321~e:401074497~c:265434,401074497-3991049-2504566,401074497,2018-08-12,Dana White's Contender Series,DWC,3146944,johnny walker,W,3991049,henrique da silva,False,3,DEC-UNA,15.0,True
s:3301~l:3321~e:600021771~c:401463238,600021771-4869425-2526299,600021771,2022-08-03,Dana White's Contender Series,DWC,4812389,shannon ross,L,4869425,vinicius salvador,False,2,KO-TKO,9.370000000000001,False
s:3301~l:3321~e:600022212~c:401483885,600022212-3998248-4871197,600022212,2022-09-28,Dana White's Contender Series,DWC,5076593,rafael estevam,W,4871197,joao elias,False,2,KO-TKO,7.42,False
s:3301~l:3321~e:600021770~c:401460461,600021770-4063667-5060382,600021770,2022-07-27,Dana White's Contender Series,DWC,5074121,alessandro costa,W,5060382,juan andres luna,False,3,DEC-SPLT,15.0,True
s:3301~l:3321~e:600022210~c:401451171,600022210-5092399-4688624,600022210,2022-09-14,Dana White's Contender Series,DWC,5048900,trevor peek,W,5092399,malik lewis,False,2,KO-TKO,7.62,False
s:3301~l:3321~e:401221630~c:401232277,401221630-4403536-4869424,401221630,2020-08-12,Dana White's Contender Series,DWC,3998248,adrian yanez,W,4403536,brady huang,False,1,KO-TKO,0.65,False
s:3301~l:3321~e:401128918~c:264865,401128918-4569669-5093484,401128918,2019-08-28,Dana White's Contender Series,DWC,4063667,tj brown,W,4569669,dylan lockard,False,3,SUBMISSION,12.98,True
s:3301~l:3321~e:600036500~c:401604873,600036500-5149190-5044438,600036500,2023-10-11,Dana White's Contender Series,DWC,5157670,jair farias,L,5044438,connor matthews,False,3,DEC-UNA,15.0,True
s:3301~l:3321~e:600036500~c:401604872,600036500-5157668-2988175,600036500,2023-10-11,Dana White's Contender Series,DWC,4683526,issa isakov,L,5157668,marquel mederos,False,1,KO-TKO,4.15,False
s:3301~l:3321~e:600036499~c:401571750,600036499-4977643-4293183,600036499,2023-10-04,Dana White's Contender Series,DWC,5119536,eduardo torres caut,L,4293183,victor hugo,False,2,SUBMISSION,7.27,False
s:3301~l:3321~e:600036499~c:401597253,600036499-5157817-5092399,600036499,2023-10-04,Dana White's Contender Series,DWC,5149440,magomed gadzhiyasulov,W,5157817,jose daniel medina,False,3,DEC-UNA,15.0,True
s:3301~l:3321~e:600036499~c:401597254,600036499-5122238-4891678,600036499,2023-10-04,Dana White's Contender Series,DWC,4565683,raimond magomedaliev,L,5122238,mauricio ruffy,False,3,KO-TKO,14.75,True
s:3301~l:3321~e:600036498~c:401597809,600036498-5152138-5148677,600036498,2023-09-27,Dana White's Contender Series,DWC,5088544,raheam forest,L,5152138,danny barlow,False,1,KO-TKO,1.32,False
s:3301~l:3321~e:600036498~c:401597249,600036498-4523403-5119702,600036498,2023-09-27,Dana White's Contender Series,DWC,5149190,mario piazzon,W,5119702,alexander soldatkin,False,3,DQ,10.33,False
s:3301~l:3321~e:600036498~c:401597252,600036498-4884877-4358022,600036498,2023-09-27,Dana White's Contender Series,DWC,4688624,victor madrigal,L,4884877,vinicius oliveira,False,1,KO-TKO,3.03,False
s:3301~l:3321~e:600008640~c:401351345,600008640-5157247-4410116,600008640,2021-09-01,Dana White's Contender Series,DWC,4869424,aj fletcher,W,4410116,leonardo damiani,False,1,KO-TKO,2.4,False
s:3301~l:3321~e:401128917~c:268440,401128917-5079262-4080575,401128917,2019-06-19,Dana White's Contender Series,DWC,4289255,hannah goldy,W,4080575,kali robbins,False,3,DEC-UNA,15.0,True
s:3301~l:3321~e:600036497~c:401591071,600036497-5145498-2529520,600036497,2023-09-20,Dana White's Contender Series,DWC,5121866,greg velasco,L,5145498,shamil gaziev,False,1,SUBMISSION,2.63,False
s:3301~l:3321~e:600036497~c:401571752,600036497-5077056-4914335,600036497,2023-09-20,Dana White's Contender Series,DWC,4977643,daniel allen,W,5077056,jacobi jones,False,3,DEC-UNA,15.0,True
s:3301~l:3321~e:600036497~c:401591070,600036497-5145496-3170347,600036497,2023-09-20,Dana White's Contender Series,DWC,5126213,jhonata silva,L,5145496,igor severino,False,2,KO-TKO,7.62,False
s:3301~l:3321~e:600022210~c:401482234,600022210-2354264-4394200,600022210,2022-09-14,Dana White's Contender Series,DWC,4891678,marnic mann,L,4394200,bruna brasil,False,2,KO-TKO,9.55,False
s:3301~l:3321~e:600036496~c:401571753,600036496-2552906-5075748,600036496,2023-09-13,Dana White's Contender Series,DWC,5092399,malik lewis,L,5075748,james llontop,False,3,DEC-UNA,15.0,True
s:3301~l:3321~e:600022210~c:401451171,600022210-2552906-5048900,600022210,2022-09-14,Dana White's Contender Series,DWC,5092399,malik lewis,L,5048900,trevor peek,False,2,KO-TKO,7.62,False
s:3301~l:3321~e:600036496~c:401591006,600036496-5145497-5115163,600036496,2023-09-13,Dana White's Contender Series,DWC,5053878,eduardo neves,L,5145497,jhonata diniz,False,1,KO-TKO,3.25,False
s:3301~l:3321~e:600022207~c:401451148,600022207-5060505-5115163,600022207,2022-08-24,Dana White's Contender Series,DWC,5053878,eduardo neves,L,5060505,mick parkin,False,1,SUBMISSION,1.95,False
s:3301~l:3321~e:600036496~c:401591007,600036496-2504643-4686723,600036496,2023-09-13,Dana White's Contender Series,DWC,5145494,patricia alujas,L,4686723,julia polastri,False,2,SUBMISSION,9.08,False
s:3301~l:3321~e:600036496~c:401591005,600036496-5149439-5007635,600036496,2023-09-13,Dana White's Contender Series,DWC,5149436,kasey tanner,L,5149439,jean matsumoto,False,3,DEC-UNA,15.0,True
s:3301~l:3321~e:600036494~c:401579191,600036494-5123311-5143887,600036494,2023-08-30,Dana White's Contender Series,DWC,5079262,mateo vogel,L,5123311,timmy cuamba,False,3,DEC-UNA,15.0,True
s:3301~l:3321~e:600036494~c:401579190,600036494-4869702-4252349,600036494,2023-08-30,Dana White's Contender Series,DWC,4358022,chandler cole,L,4869702,thomas petersen,False,2,SUBMISSION,6.13,False
s:3301~l:3321~e:600036494~c:401571755,600036494-5145682-5007669,600036494,2023-08-30,Dana White's Contender Series,DWC,4914335,dylan salvador,L,5145682,bolaji oki,False,1,KO-TKO,2.77,False
s:3301~l:3321~e:600010080~c:401370311,600010080-4684468-4425728,600010080,2021-10-06,Dana White's Contender Series,DWC,4880596,fernie garcia,W,4425728,joshua weems,False,1,KO-TKO,2.17,False
s:3301~l:3321~e:401074497~c:265435,401074497-4039957-4600143,401074497,2018-08-12,Dana White's Contender Series,DWC,3170347,taila santos,W,4039957,estefani almeida,False,3,DEC-UNA,15.0,True
s:3301~l:3321~e:600022208~c:401451149,600022208-4426299-5080485,600022208,2022-08-31,Dana White's Contender Series,DWC,5085249,yusaku kinoshita,W,5080485,jose henrique,False,3,KO-TKO,10.72,False
s:3301~l:3321~e:600036493~c:401577736,600036493-4686735-4403762,600036493,2023-08-23,Dana White's Contender Series,DWC,5007635,josefine knutsson,W,4403762,isis verbeek,False,3,DEC-UNA,15.0,True
s:3301~l:3321~e:600036493~c:401577737,600036493-5119021-5144312,600036493,2023-08-23,Dana White's Contender Series,DWC,5147245,robbie ring,L,5144312,luis pajuelo,False,1,KO-TKO,3.72,False
s:3301~l:3321~e:401033270~c:265466,401033270-4339130-3090451,401033270,2018-06-13,Dana White's Contender Series,DWC,4252349,rico disciullo,L,4339130,montel jackson,False,3,KO-TKO,12.25,False
s:3301~l:3321~e:600036492~c:401571757,600036492-4764301-4081475,600036492,2023-08-15,Dana White's Contender Series,DWC,4695485,abdul-kareem al-selwady,W,4764301,george hardwick,False,3,DEC-UNA,15.0,True
s:3301~l:3321~e:600036492~c:401577730,600036492-3022345-4684240,600036492,2023-08-15,Dana White's Contender Series,DWC,5007669,paulo renato jr.,L,4684240,ibo aslan,False,1,KO-TKO,2.37,False
s:3301~l:3321~e:600021772~c:401445835,600021772-3022345-4565641,600021772,2022-08-10,Dana White's Contender Series,DWC,5007669,paulo renato jr.,L,4565641,jamal pogues,False,3,DEC-UNA,15.0,True
s:3301~l:3321~e:600036492~c:401579129,600036492-2558075-5027356,600036492,2023-08-15,Dana White's Contender Series,DWC,5115163,emrah sonmez,L,5027356,hyder amil,False,3,DEC-UNA,15.0,True
s:3301~l:3321~e:600036492~c:401577731,600036492-5143888-4880114,600036492,2023-08-15,Dana White's Contender Series,DWC,5143887,janaina silva,L,5143888,eduarda moura,False,1,SUBMISSION,4.0,False
s:3301~l:3321~e:401222785~c:401240127,401222785-4236496-4252253,401222785,2020-09-09,Dana White's Contender Series,DWC,4600143,tafon nchukwi,W,4252253,al matavao,False,2,KO-TKO,7.02,False
s:3301~l:3321~e:401221632~c:401235978,401221632-4684470-4411888,401221632,2020-08-26,Dana White's Contender Series,DWC,4684468,mike breeden,L,4684470,anthony romero,False,3,DEC-UNA,15.0,True
s:3301~l:3321~e:600036332~c:401567318,600036332-5144068-4874988,600036332,2023-08-08,Dana White's Contender Series,DWC,5119021,lucas fernando,L,5144068,cesar almeida,False,3,DEC-UNA,15.0,True
s:3301~l:3321~e:600036332~c:401567321,600036332-5144008-3136321,600036332,2023-08-08,Dana White's Contender Series,DWC,4892422,reyes cortez jr.,L,5144008,payton talbott,False,3,DEC-UNA,15.0,True
s:3301~l:3321~e:600010081~c:401370332,600010081-3136321-4875511,600010081,2021-10-13,Dana White's Contender Series,DWC,4892422,reyes cortez jr.,L,4875511,christian rodriguez,False,3,DEC-UNA,15.0,True
s:3301~l:3321~e:401128923~c:266406,401128923-4426301-5076027,401128923,2019-07-31,Dana White's Contender Series,DWC,4426299,aleksa camur,W,4426301,fabio cherant,False,2,KO-TKO,5.8,False
s:3301~l:3321~e:600021770~c:401460460,600021770-4879763-3155420,600021770,2022-07-27,Dana White's Contender Series,DWC,4686735,dennis buzukja,W,4879763,kaleio romero,False,3,DEC-UNA,15.0,True
s:3301~l:3321~e:401222724~c:401239995,401222724-3155420-4686734,401222724,2020-09-02,Dana White's Contender Series,DWC,4686735,dennis buzukja,L,4686734,melsik baghdasaryan,False,3,DEC-UNA,15.0,True
s:3301~l:3321~e:600011551~c:401382496,600011551-4426282-4878384,600011551,2021-10-20,Dana White's Contender Series,DWC,4880114,jonny parsons,W,4878384,solomon renfro,False,3,DEC-SPLT,15.0,True
s:3301~l:3321~e:600010080~c:401370310,600010080-2558492-3249894,600010080,2021-10-06,Dana White's Contender Series,DWC,4236496,daniel barez,L,3249894,carlos hernandez,False,3,DEC-SPLT,15.0,True
s:3301~l:3321~e:401128922~c:268459,401128922-4566991-3085551,401128922,2019-07-24,Dana White's Contender Series,DWC,4425604,terrance mckinney,L,4566991,sean woodson,False,2,KO-TKO,6.82,False
s:3301~l:3321~e:600010080~c:401370313,600010080-4874989-3136286,600010080,2021-10-06,Dana White's Contender Series,DWC,4874988,genaro valdez,W,4874989,patrik white,False,2,KO-TKO,5.73,False
s:3301~l:3321~e:600021772~c:401464156,600021772-4348793-4904998,600021772,2022-08-10,Dana White's Contender Series,DWC,5076027,édgar cháirez,L,4904998,clayton carpenter,False,3,DEC-UNA,15.0,True
s:3301~l:3321~e:400968459~c:238813,400968459-3090893-3074719,400968459,2017-08-16,Dana White's Contender Series,DWC,3931156,grant dawson,W,3074719,adrian diaz,False,2,SUBMISSION,6.25,False
s:3301~l:3321~e:401128926~c:266409,401128926-4423215-3952937,401128926,2019-08-21,Dana White's Contender Series,DWC,3924096,phil rowe,W,4423215,leon shahbazyan,False,3,KO-TKO,10.27,False
s:3301~l:3321~e:600022212~c:401483884,600022212-2488476-5088846,600022212,2022-09-28,Dana White's Contender Series,DWC,5088885,jack jenkins,W,5088846,emiliano linares,False,3,KO-TKO,14.5,True
s:3301~l:3321~e:600011552~c:401382950,600011552-4894864-3971496,600011552,2021-10-27,Dana White's Contender Series,DWC,4884868,cristian quiñonez,W,4894864,xiao long,False,3,DEC-UNA,15.0,True
s:3301~l:3321~e:401222724~c:401239997,401222724-4360028-4688408,401222724,2020-09-02,Dana White's Contender Series,DWC,4231391,ronnie lawrence,W,4360028,jose johnson,False,3,DEC-UNA,15.0,True
s:3301~l:3321~e:401074497~c:265413,401074497-4379258-3020090,401074497,2018-08-12,Dana White's Contender Series,DWC,4348793,maria oliveira,L,4379258,marina rodriguez,False,1,KO-TKO,3.05,False
s:3301~l:3321~e:400968458~c:238652,400968458-3088682-3164449,400968458,2017-08-08,Dana White's Contender Series,DWC,3922491,ricky simon,W,3164449,donavon frelow,False,3,DEC-SPLT,15.0,True
s:3301~l:3321~e:600008642~c:401361174,600008642-3120454-4252258,600008642,2021-09-15,Dana White's Contender Series,DWC,3088682,albert duraev,W,3120454,caio bittencourt,False,1,SUBMISSION,3.48,False
s:3301~l:3321~e:401223626~c:401256298,401223626-4689223-5037883,401223626,2020-11-18,Dana White's Contender Series,DWC,4684678,tucker lutz,W,4689223,sherrard blackledge,False,3,DEC-UNA,15.0,True
s:3301~l:3321~e:401222724~c:401239999,401222724-5037883-4293896,401222724,2020-09-02,Dana White's Contender Series,DWC,4684678,tucker lutz,W,4293896,chase gibson,False,3,DEC-UNA,15.0,True
s:3301~l:3321~e:401128924~c:269714,401128924-4409396-4896541,401128924,2019-08-07,Dana White's Contender Series,DWC,4372245,omar morales,W,4409396,harvey park,False,2,KO-TKO,6.1,False
s:3301~l:3321~e:600022211~c:401483872,600022211-5075937-4350796,600022211,2022-09-21,Dana White's Contender Series,DWC,3896934,jafel filho,W,5075937,roybert echeverria,False,3,KO-TKO,11.52,False
s:3301~l:3321~e:401128925~c:269723,401128925-3027545-3119811,401128925,2019-08-14,Dana White's Contender Series,DWC,4084453,tony gravely,W,3119811,ray rodriguez,False,3,KO-TKO,12.27,False
s:3301~l:3321~e:401033280~c:265453,401033280-4078218-4243343,401033280,2018-07-11,Dana White's Contender Series,DWC,4339490,jalin turner,W,4243343,max mustaki,False,1,DR-TKO,5.0,False
s:3301~l:3321~e:600011553~c:401382970,600011553-5068624-4848687,600011553,2021-11-03,Dana White's Contender Series,DWC,4880807,yohan lainesse,W,4848687,justin burlinson,False,1,KO-TKO,1.62,False
s:3301~l:3321~e:600008643~c:401362001,600008643-4046059-4239743,600008643,2021-09-22,Dana White's Contender Series,DWC,4252258,victor martinez,W,4239743,jacob rosales,False,3,DEC-UNA,15.0,True
s:3301~l:3321~e:600022211~c:401488702,600022211-2995167-3128474,600022211,2022-09-21,Dana White's Contender Series,DWC,5092398,nurullo aliev,W,3128474,josh wick,False,1,KO-TKO,4.6,False
s:3301~l:3321~e:401128924~c:266407,401128924-4565645-4337435,401128924,2019-08-07,Dana White's Contender Series,DWC,4062287,jay perrin,L,4565645,dwight joseph,False,3,DEC-UNA,15.0,True
s:3301~l:3321~e:600021772~c:401464155,600021772-4065617-5060511,600021772,2022-08-10,Dana White's Contender Series,DWC,5075335,erik silva,W,5060511,anvar boynazarov,False,1,KO-TKO,1.53,False
s:3301~l:3321~e:401128920~c:268452,401128920-4896529-4239743,401128920,2019-07-10,Dana White's Contender Series,DWC,4245092,jonathan pearce,W,4239743,jacob rosales,False,3,KO-TKO,11.83,False
s:3301~l:3321~e:600022209~c:401467665,600022209-4425728-5056143,600022209,2022-09-07,Dana White's Contender Series,DWC,5056144,tereza bleda,W,5056143,nayara maia,False,3,DEC-UNA,15.0,True
s:3301~l:3321~e:401128925~c:269722,401128925-5088845-3115959,401128925,2019-08-14,Dana White's Contender Series,DWC,4065617,shanna young,L,3115959,sarah alpar,False,2,SUBMISSION,7.92,False
s:3301~l:3321~e:400972137~c:265527,400972137-5088537-3041138,400972137,2017-08-23,Dana White's Contender Series,DWC,4249184,benito lopez,W,3041138,steven peterson,False,3,DEC-SPLT,15.0,True
s:3301~l:3321~e:401223624~c:401252313,401223624-4251497-4871197,401223624,2020-11-05,Dana White's Contender Series,DWC,4227709,jared vanderaa,W,4251497,harry hunsucker,False,1,KO-TKO,3.57,False
s:3301~l:3321~e:600010080~c:401370311,600010080-4880596-3128474,600010080,2021-10-06,Dana White's Contender Series,DWC,4425728,joshua weems,L,4880596,fernie garcia,False,1,KO-TKO,2.17,False
s:3301~l:3321~e:600011552~c:401379700,600011552-4896540-4416295,600011552,2021-10-27,Dana White's Contender Series,DWC,4896529,gadzhi omargadzhiev,W,4896540,jansey silva,False,1,SUBMISSION,4.32,False
s:3301~l:3321~e:400966348~c:265548,400966348-4020801-4684923,400966348,2017-08-01,Dana White's Contender Series,DWC,3960440,brandon davis,W,4020801,austin arnett,False,3,DEC-UNA,15.0,True
s:3301~l:3321~e:600022212~c:401451173,600022212-4375603-5061870,600022212,2022-09-28,Dana White's Contender Series,DWC,5088537,donovan beard,L,5061870,bo nickal,False,1,SUBMISSION,0.87,False
s:3301~l:3321~e:600022212~c:401483883,600022212-5088916-4875507,600022212,2022-09-28,Dana White's Contender Series,DWC,5088845,vinicius cenci,L,5088916,sam patterson,False,2,SUBMISSION,9.3,False
s:3301~l:3321~e:600022212~c:401483885,600022212-5076593-3950354,600022212,2022-09-28,Dana White's Contender Series,DWC,4871197,joao elias,L,5076593,rafael estevam,False,2,KO-TKO,7.42,False
s:3301~l:3321~e:600022211~c:401483870,600022211-5088844-5060472,600022211,2022-09-21,Dana White's Contender Series,DWC,4876401,mando gutierrez,L,5088844,raul rosas jr.,False,3,DEC-UNA,15.0,True
s:3301~l:3321~e:600022211~c:401488702,600022211-5092398-5060472,600022211,2022-09-21,Dana White's Contender Series,DWC,3128474,josh wick,L,5092398,nurullo aliev,False,1,KO-TKO,4.6,False
s:3301~l:3321~e:401221631~c:401231041,401221631-4708819-3120459,401221631,2020-08-19,Dana White's Contender Series,DWC,4685887,louis cosce,W,3120459,victor reyna,False,1,KO-TKO,1.2,False
s:3301~l:3321~e:600022210~c:401482231,600022210-5016786-5080485,600022210,2022-09-14,Dana White's Contender Series,DWC,4903519,allan begosso,L,5016786,farid basharat,False,3,DEC-UNA,15.0,True
s:3301~l:3321~e:600022210~c:401482233,600022210-4001851-4684776,600022210,2022-09-14,Dana White's Contender Series,DWC,4684923,mario sousa,L,4684776,ikram aliskerov,False,1,SUBMISSION,2.15,False
s:3301~l:3321~e:600008641~c:401357137,600008641-4001851-2959422,600008641,2021-09-08,Dana White's Contender Series,DWC,4684923,mario sousa,L,2959422,chidi njokuani,False,3,KO-TKO,11.58,False
s:3301~l:3321~e:401223625~c:401247221,401223625-4001851-4684922,401223625,2020-11-11,Dana White's Contender Series,DWC,4684923,mario sousa,W,4684922,mariusz ksiazkiewicz,False,3,DEC-UNA,15.0,True
s:3301~l:3321~e:600022210~c:401482232,600022210-5088886-3074813,600022210,2022-09-14,Dana White's Contender Series,DWC,4875507,brandon lewis,L,5088886,daniel marcos,False,3,DEC-UNA,15.0,True
s:3301~l:3321~e:600008642~c:401361173,600008642-4875508-3074813,600008642,2021-09-15,Dana White's Contender Series,DWC,4875507,brandon lewis,L,4875508,mo miller,False,3,DEC-UNA,15.0,True
s:3301~l:3321~e:401222786~c:401241752,401222786-4684925-2519811,401222786,2020-09-16,Dana White's Contender Series,DWC,4375603,danyelle wolf,W,4684925,taneisha tennant,False,3,DEC-UNA,15.0,True
s:3301~l:3321~e:600022209~c:401467664,600022209-3024357-3093513,600022209,2022-09-07,Dana White's Contender Series,DWC,4294871,nariman abbasov,L,3093513,ismael bonfim,False,3,DEC-UNA,15.0,True
s:3301~l:3321~e:600022208~c:401451149,600022208-5085249-5078230,600022208,2022-08-31,Dana White's Contender Series,DWC,5080485,jose henrique,L,5085249,yusaku kinoshita,False,3,KO-TKO,10.72,False
s:3301~l:3321~e:600022208~c:401467210,600022208-3111997-5060467,600022208,2022-08-31,Dana White's Contender Series,DWC,5060472,matej penaz,L,5060467,sedriques dumas,False,1,SUBMISSION,0.78,False
s:3301~l:3321~e:600022208~c:401467213,600022208-5080936-5060511,600022208,2022-08-31,Dana White's Contender Series,DWC,4213329,alexander morgan,L,5080936,blake bilder,False,1,SUBMISSION,3.23,False
s:3301~l:3321~e:401223624~c:401252313,401223624-4567897-4227709,401223624,2020-11-05,Dana White's Contender Series,DWC,4251497,harry hunsucker,L,4227709,jared vanderaa,False,1,KO-TKO,3.57,False
s:3301~l:3321~e:401223624~c:401252312,401223624-3147489-4912582,401223624,2020-11-05,Dana White's Contender Series,DWC,3074813,luis saldana,W,3147489,vince murdock,False,3,KO-TKO,10.73,False
s:3301~l:3321~e:600021773~c:401465219,600021773-4335947-4374742,600021773,2022-08-17,Dana White's Contender Series,DWC,5030324,claudia leite,L,4374742,hailey cowan,False,3,DEC-SPLT,15.0,True
s:3301~l:3321~e:600047777~c:401716186,600047777-5060387-4935217,600047777,2024-09-18,Dana White's Contender Series,DWC,5074129,ahmad hassanzada,W,4935217,dylan mantello,False,3,SUBMISSION,12.68,True
s:3301~l:3321~e:600021773~c:401465220,600021773-5074130-5060387,600021773,2022-08-17,Dana White's Contender Series,DWC,5074129,ahmad hassanzada,L,5074130,nazim sadykhov,False,3,KO-TKO,11.98,False
s:3301~l:3321~e:600008641~c:401348174,600008641-4888600-3155846,600008641,2021-09-08,Dana White's Contender Series,DWC,4788300,josh quinlan,D,4888600,logan urban,False,1,NO-CONTEST,0.78,False
s:3301~l:3321~e:600021772~c:401460091,600021772-3155846-5061870,600021772,2022-08-10,Dana White's Contender Series,DWC,5078230,zachary borrego,L,5061870,bo nickal,False,1,SUBMISSION,1.03,False
s:3301~l:3321~e:600021772~c:401464155,600021772-5075335-4879763,600021772,2022-08-10,Dana White's Contender Series,DWC,5060511,anvar boynazarov,L,5075335,erik silva,False,1,KO-TKO,1.53,False
s:3301~l:3321~e:600021772~c:401464157,600021772-5044439-4687113,600021772,2022-08-10,Dana White's Contender Series,DWC,4683551,karolina wojcik,W,5044439,sandra lavado,False,3,DEC-UNA,15.0,True
s:3301~l:3321~e:400966347~c:265555,400966347-4917676-3087807,400966347,2017-07-25,Dana White's Contender Series,DWC,3111997,geoff neal,W,3087807,chase waldon,False,1,KO-TKO,1.93,False
s:3301~l:3321~e:600021771~c:401463240,600021771-3910104-4903365,600021771,2022-08-03,Dana White's Contender Series,DWC,5060387,danilo suzart,L,4903365,waldo cortes-acosta,False,1,KO-TKO,3.67,False
s:3301~l:3321~e:600021771~c:401463241,600021771-4892412-4236954,600021771,2022-08-03,Dana White's Contender Series,DWC,4706975,billy ray goff,W,4892412,shimon smotritsky,False,1,KO-TKO,3.62,False
s:3301~l:3321~e:401221632~c:401235976,401221632-4686736-3960665,401221632,2020-08-26,Dana White's Contender Series,DWC,3120449,rafael alves,W,4686736,alejandro flores,False,2,SUBMISSION,7.92,False
s:3301~l:3321~e:600021770~c:401460459,600021770-4875513-3890629,600021770,2022-07-27,Dana White's Contender Series,DWC,4687113,acácio dos santos,L,4875513,anton turkalj,False,3,DEC-UNA,15.0,True
s:3301~l:3321~e:600021770~c:401460460,600021770-3112000-4686735,600021770,2022-07-27,Dana White's Contender Series,DWC,4879763,kaleio romero,L,4686735,dennis buzukja,False,3,DEC-UNA,15.0,True
s:3301~l:3321~e:600021770~c:401460461,600021770-5074121-4400662,600021770,2022-07-27,Dana White's Contender Series,DWC,5060382,juan andres luna,L,5074121,alessandro costa,False,3,DEC-SPLT,15.0,True
s:3301~l:3321~e:400966347~c:265553,400966347-4064994-3887606,400966347,2017-07-25,Dana White's Contender Series,DWC,4236954,karl roberson,W,3887606,ryan spann,False,1,KO-TKO,0.25,False
s:3301~l:3321~e:401223626~c:401260365,401223626-4689228-3060122,401223626,2020-11-18,Dana White's Contender Series,DWC,4566310,gloria de paula,W,4689228,pauline macias,False,3,DEC-UNA,15.0,True
s:3301~l:3321~e:600011552~c:401382953,600011552-4255766-4218124,600011552,2021-10-27,Dana White's Contender Series,DWC,4896616,manuel torres,W,4218124,kolton englund,False,1,KO-TKO,2.17,False
s:3301~l:3321~e:600008640~c:401351344,600008640-4713584-4601431,600008640,2021-09-01,Dana White's Contender Series,DWC,4013049,carlos candelario,L,4713584,victor altamirano,False,3,DEC-SPLT,15.0,True
s:3301~l:3321~e:400966348~c:265547,400966348-4073937-4601431,400966348,2017-08-01,Dana White's Contender Series,DWC,4013049,carlos candelario,W,4073937,ronaldo candido de oliveira,False,3,DEC-UNA,15.0,True
s:3301~l:3321~e:401221630~c:401232279,401221630-4715407-2990078,401221630,2020-08-12,Dana White's Contender Series,DWC,4422029,tj laramie,W,2990078,daniel swain,False,1,DR-TKO,5.0,False
s:3301~l:3321~e:401222724~c:401239998,401222724-4684474-4030644,401222724,2020-09-02,Dana White's Contender Series,DWC,4255766,william knight,W,4684474,cody brundage,False,1,KO-TKO,2.38,False
s:3301~l:3321~e:401128925~c:269720,401128925-4379326-4030644,401128925,2019-08-14,Dana White's Contender Series,DWC,4255766,william knight,W,4379326,herdem alacabek,False,3,KO-TKO,14.57,True
s:3301~l:3321~e:401128922~c:268463,401128922-4294918-3900088,401128922,2019-07-24,Dana White's Contender Series,DWC,3939270,kamuela kirk,L,3900088,billy quarantillo,False,3,KO-TKO,10.37,False
s:3301~l:3321~e:401033283~c:265429,401033283-4358020-4350771,401033283,2018-08-08,Dana White's Contender Series,DWC,2220951,greg hardy,W,4358020,tebaris gordon,False,1,KO-TKO,0.28,False
s:3301~l:3321~e:401033270~c:265465,401033270-2223033-4350771,401033270,2018-06-13,Dana White's Contender Series,DWC,2220951,greg hardy,W,2223033,austen lane,False,1,KO-TKO,0.95,False
s:3301~l:3321~e:401128923~c:266406,401128923-3083637-4426299,401128923,2019-07-31,Dana White's Contender Series,DWC,4426301,fabio cherant,L,4426299,aleksa camur,False,2,KO-TKO,5.8,False
s:3301~l:3321~e:401223626~c:401247222,401223626-4141265-3162581,401223626,2020-11-18,Dana White's Contender Series,DWC,4700964,nick maximov,W,3162581,oscar cota,False,3,DEC-UNA,15.0,True
s:3301~l:3321~e:400972137~c:265527,400972137-4249184-4227122,400972137,2017-08-23,Dana White's Contender Series,DWC,3041138,steven peterson,L,4249184,benito lopez,False,3,DEC-SPLT,15.0,True
s:3301~l:3321~e:401074496~c:265427,401074496-4371000-2447641,401074496,2018-08-11,Dana White's Contender Series,DWC,4280789,rogerio bontorin,W,4371000,gustavo gabriel,False,2,SUBMISSION,9.620000000000001,False
s:3301~l:3321~e:600010080~c:401377230,600010080-4875515-4686739,600010080,2021-10-06,Dana White's Contender Series,DWC,4783385,joseph holmes,W,4875515,shonte barnes,False,2,SUBMISSION,7.77,False
s:3301~l:3321~e:401033277~c:265479,401033277-4339144-4875499,401033277,2018-06-20,Dana White's Contender Series,DWC,3122837,matt sayles,W,4339144,yazan hajeh,False,1,KO-TKO,1.95,False
s:3301~l:3321~e:401128924~c:269716,401128924-4399701-3089633,401128924,2019-08-07,Dana White's Contender Series,DWC,3121961,darrick minner,L,3089633,herbert burns,False,1,SUBMISSION,2.48,False
s:3301~l:3321~e:401128926~c:270164,401128926-4565668-4895769,401128926,2019-08-21,Dana White's Contender Series,DWC,4141265,mallory martin,W,4565668,micol disegni,False,3,DEC-UNA,15.0,True
s:3301~l:3321~e:401223625~c:401256293,401223625-4354422-4701012,401223625,2020-11-11,Dana White's Contender Series,DWC,4702563,natan levy,W,4701012,shaheen santana,False,3,SUBMISSION,10.92,False
s:3301~l:3321~e:400968458~c:238653,400968458-4204320-4008509,400968458,2017-08-08,Dana White's Contender Series,DWC,4227122,julio arce,W,4008509,peter petties,False,2,KO-TKO,7.65,False
s:3301~l:3321~e:401222786~c:401241750,401222786-4690540-4892416,401222786,2020-09-16,Dana White's Contender Series,DWC,4686739,collin anglin,W,4690540,muhammad naimov,False,3,DEC-UNA,15.0,True
s:3301~l:3321~e:401222786~c:401240128,401222786-4690541-4688449,401222786,2020-09-16,Dana White's Contender Series,DWC,4040956,jordan williams,W,4690541,gregory rodrigues,False,1,KO-TKO,2.32,False
s:3301~l:3321~e:401128922~c:268460,401128922-4425611-4688449,401128922,2019-07-24,Dana White's Contender Series,DWC,4040956,jordan williams,L,4425611,ramazan kuramagomedov,False,3,DEC-SPLT,15.0,True
s:3301~l:3321~e:401033279~c:265478,401033279-4062284-4688449,401033279,2018-06-27,Dana White's Contender Series,DWC,4040956,jordan williams,D,4062284,tim caron,False,3,NO-CONTEST,13.620000000000001,True
s:3301~l:3321~e:401074498~c:265420,401074498-4372196-4257695,401074498,2018-08-12,Dana White's Contender Series,DWC,4372193,john allan,L,4372196,vinicius moreira,False,2,SUBMISSION,8.67,False
s:3301~l:3321~e:600011553~c:401379701,600011553-4895360-4878384,600011553,2021-11-03,Dana White's Contender Series,DWC,4875499,achilles estremadura,L,4895360,maheshate,False,3,DEC-UNA,15.0,True
s:3301~l:3321~e:600011553~c:401382970,600011553-4880807-4336424,600011553,2021-11-03,Dana White's Contender Series,DWC,4848687,justin burlinson,L,4880807,yohan lainesse,False,1,KO-TKO,1.62,False
s:3301~l:3321~e:600022207~c:401466054,600022207-5074274-4836549,600022207,2022-08-24,Dana White's Contender Series,DWC,4895769,erisson ferreira,L,5074274,jesus aguilar,False,3,SUBMISSION,11.93,False
s:3301~l:3321~e:600011553~c:401382971,600011553-4836549-4895361,600011553,2021-11-03,Dana White's Contender Series,DWC,4895769,erisson ferreira,W,4895361,qiulun,False,3,DEC-UNA,15.0,True
s:3301~l:3321~e:600011553~c:401382972,600011553-4884867-3924102,600011553,2021-11-03,Dana White's Contender Series,DWC,4354422,canaan kawaihae,L,4884867,jonas bilharinho,False,3,KO-TKO,14.0,True
s:3301~l:3321~e:401033282~c:265443,401033282-3924102-4354421,401033282,2018-07-25,Dana White's Contender Series,DWC,4354422,canaan kawaihae,L,4354421,chase hooper,False,3,DEC-UNA,15.0,True
s:3301~l:3321~e:600011553~c:401382973,600011553-4286781-3902208,600011553,2021-11-03,Dana White's Contender Series,DWC,4204320,juan puerta,W,4286781,shang zhifa,False,3,DEC-SPLT,15.0,True
s:3301~l:3321~e:600011552~c:401379700,600011552-2500422-4896529,600011552,2021-10-27,Dana White's Contender Series,DWC,4896540,jansey silva,L,4896529,gadzhi omargadzhiev,False,1,SUBMISSION,4.32,False
s:3301~l:3321~e:600011552~c:401382954,600011552-4255574-4892415,600011552,2021-10-27,Dana White's Contender Series,DWC,4892416,olivier murad,W,4892415,xie bin,False,3,DEC-SPLT,15.0,True
s:3301~l:3321~e:401033277~c:265483,401033277-4085155-4339148,401033277,2018-06-20,Dana White's Contender Series,DWC,4339149,dwight grant,W,4339148,tyler hill,False,2,KO-TKO,7.13,False
s:3301~l:3321~e:600011551~c:401382496,600011551-4880114-2431258,600011551,2021-10-20,Dana White's Contender Series,DWC,4878384,solomon renfro,L,4880114,jonny parsons,False,3,DEC-SPLT,15.0,True
s:3301~l:3321~e:600011551~c:401382497,600011551-4683418-4816066,600011551,2021-10-20,Dana White's Contender Series,DWC,4836549,valesca machado,L,4816066,piera rodriguez,False,3,DEC-UNA,15.0,True
s:3301~l:3321~e:600011551~c:401379699,600011551-4835137-3115959,600011551,2021-10-20,Dana White's Contender Series,DWC,4336424,jesse murray,L,4835137,caio borralho,False,1,KO-TKO,1.68,False
s:3301~l:3321~e:600011551~c:401382498,600011551-3936279-4875508,600011551,2021-10-20,Dana White's Contender Series,DWC,3924102,james barnes,L,3936279,pedro falcão,False,3,KO-TKO,13.92,True
s:3301~l:3321~e:600010081~c:401370331,600010081-4869428-4371002,600010081,2021-10-13,Dana White's Contender Series,DWC,4403763,kathryn paprocki,L,4869428,maria silva,False,3,DEC-UNA,15.0,True
s:3301~l:3321~e:600008644~c:401363911,600008644-4835137-4684857,600008644,2021-09-29,Dana White's Contender Series,DWC,4255574,aaron jeffery,L,4835137,caio borralho,False,3,DEC-UNA,15.0,True
s:3301~l:3321~e:401128921~c:268455,401128921-4684857-4025699,401128921,2019-07-17,Dana White's Contender Series,DWC,4255574,aaron jeffery,L,4025699,brendan allen,False,1,SUBMISSION,3.38,False
s:3301~l:3321~e:600008644~c:401363913,600008644-4336003-4001837,600008644,2021-09-29,Dana White's Contender Series,DWC,4848663,edivan santos,L,4001837,rizvan kuniev,False,3,KO-TKO,11.0,False
s:3301~l:3321~e:600008643~c:401361999,600008643-4391266-4426305,600008643,2021-09-22,Dana White's Contender Series,DWC,4875510,theo rlayang,L,4426305,steven nguyen,False,3,DEC-UNA,15.0,True
s:3301~l:3321~e:600008643~c:401362000,600008643-4875509-4815974,600008643,2021-09-22,Dana White's Contender Series,DWC,4683418,santo curatolo,L,4875509,kleydson rodrigues,False,3,DEC-UNA,15.0,True
s:3301~l:3321~e:401128921~c:268456,401128921-4064854-3945573,401128921,2019-07-17,Dana White's Contender Series,DWC,4371002,antonio arroyo,W,3945573,stephen regman,False,2,SUBMISSION,8.52,False
s:3301~l:3321~e:401074496~c:265425,401074496-4064854-3054275,401074496,2018-08-11,Dana White's Contender Series,DWC,4371002,antonio arroyo,W,3054275,diego henrique da silva,False,3,DEC-UNA,15.0,True
s:3301~l:3321~e:401223626~c:401256297,401223626-3045887-4193828,401223626,2020-11-18,Dana White's Contender Series,DWC,4249185,jp buys,W,4193828,jacob silva,False,1,SUBMISSION,4.9,False
s:3301~l:3321~e:400972137~c:265528,400972137-3045887-3128221,400972137,2017-08-23,Dana White's Contender Series,DWC,4249185,jp buys,L,3128221,joby sanchez,False,2,KO-TKO,7.470000000000001,False
s:3301~l:3321~e:401128925~c:269722,401128925-4065617-3045887,401128925,2019-08-14,Dana White's Contender Series,DWC,3115959,sarah alpar,W,4065617,shanna young,False,2,SUBMISSION,7.92,False
s:3301~l:3321~e:600008642~c:401348175,600008642-4873640-2989128,600008642,2021-09-15,Dana White's Contender Series,DWC,4684857,nasrudin nasrudinov,L,4873640,jailton almeida,False,2,SUBMISSION,6.82,False
s:3301~l:3321~e:600008642~c:401361173,600008642-4412279-4875507,600008642,2021-09-15,Dana White's Contender Series,DWC,4875508,mo miller,W,4875507,brandon lewis,False,3,DEC-UNA,15.0,True
s:3301~l:3321~e:600008642~c:401361174,600008642-3147489-3088682,600008642,2021-09-15,Dana White's Contender Series,DWC,3120454,caio bittencourt,L,3088682,albert duraev,False,1,SUBMISSION,3.48,False
s:3301~l:3321~e:600008642~c:401362150,600008642-4710386-3090895,600008642,2021-09-15,Dana White's Contender Series,DWC,4336003,dylan potter,D,4710386,lukasz brzeski,False,3,NO-CONTEST,13.85,True
s:3301~l:3321~e:600008641~c:401357138,600008641-4875505-3913466,600008641,2021-09-08,Dana White's Contender Series,DWC,3962309,jose alday,L,4875505,saimon oliveira,False,3,DEC-SPLT,15.0,True
s:3301~l:3321~e:600008641~c:401357139,600008641-4396359-4684018,600008641,2021-09-08,Dana White's Contender Series,DWC,3896935,bruno korea,L,4396359,cj vergara,False,1,KO-TKO,0.68,False
s:3301~l:3321~e:401033281~c:265445,401033281-4349153-3022677,401033281,2018-07-18,Dana White's Contender Series,DWC,3041157,domingo pilarte,W,4349153,vince morales,False,2,SUBMISSION,6.87,False
s:3301~l:3321~e:401223624~c:401252312,401223624-4202873-3074813,401223624,2020-11-05,Dana White's Contender Series,DWC,3147489,vince murdock,L,3074813,luis saldana,False,3,KO-TKO,10.73,False
s:3301~l:3321~e:400972138~c:265523,400972138-3005099-2951136,400972138,2017-08-30,Dana White's Contender Series,DWC,4030197,casey kenney,L,2951136,adam antolin,False,3,DEC-SPLT,15.0,True
s:3301~l:3321~e:400966346~c:265576,400966346-4082117-3005099,400966346,2017-07-19,Dana White's Contender Series,DWC,4030197,casey kenney,W,4082117,cee jay hamilton,False,3,DEC-UNA,15.0,True
s:3301~l:3321~e:401222785~c:401241748,401222785-4684237-3112009,401222785,2020-09-09,Dana White's Contender Series,DWC,4412279,drako rodriguez,W,4684237,mana martinez,False,1,SUBMISSION,2.37,False
s:3301~l:3321~e:401221631~c:401233641,401221631-4575873-4686738,401221631,2020-08-19,Dana White's Contender Series,DWC,4687126,orion cosce,W,4686738,matt dixon,False,3,KO-TKO,14.7,True
s:3301~l:3321~e:401074498~c:265419,401074498-3085303-3020408,401074498,2018-08-12,Dana White's Contender Series,DWC,4372195,raulian paiva,W,3020408,allan nascimento,False,3,DEC-SPLT,15.0,True
s:3301~l:3321~e:401033284~c:265457,401033284-3900464-4062290,401033284,2018-08-01,Dana White's Contender Series,DWC,4202873,ian heinisch,W,4062290,justin sumter,False,1,KO-TKO,3.62,False
s:3301~l:3321~e:401221629~c:401231061,401221629-4685888-4354318,401221629,2020-08-05,Dana White's Contender Series,DWC,4222369,jerome rivera,W,4685888,ronaldo rodríguez,False,3,DEC-UNA,15.0,True
s:3301~l:3321~e:401074496~c:265426,401074496-4379257-4360358,401074496,2018-08-11,Dana White's Contender Series,DWC,3900464,augusto sakai,W,4379257,marcos conrado jr.,False,2,KO-TKO,8.15,False
s:3301~l:3321~e:401128919~c:268443,401128919-4684238-3120459,401128919,2019-06-26,Dana White's Contender Series,DWC,4423448,miguel baeza,W,3120459,victor reyna,False,3,DEC-UNA,15.0,True
s:3301~l:3321~e:401033281~c:265448,401033281-4354319-4355664,401033281,2018-07-18,Dana White's Contender Series,DWC,4354318,edmen shahbazyan,W,4354319,antonio jones,False,1,KO-TKO,0.67,False
s:3301~l:3321~e:401033279~c:265474,401033279-3150681-4039866,401033279,2018-06-27,Dana White's Contender Series,DWC,4339152,antonina shevchenko,W,4039866,jaimelene nievera,False,2,KO-TKO,8.370000000000001,False
s:3301~l:3321~e:401033282~c:265440,401033282-3132345-4081555,401033282,2018-07-25,Dana White's Contender Series,DWC,4354420,jimmy crute,W,4081555,chris birchler,False,1,KO-TKO,4.38,False
s:3301~l:3321~e:401221632~c:401235977,401221632-3154766-4193828,401221632,2020-08-26,Dana White's Contender Series,DWC,4684238,jeff molina,W,4193828,jacob silva,False,3,DEC-UNA,15.0,True
s:3301~l:3321~e:401033282~c:265439,401033282-3933168-2953005,401033282,2018-07-25,Dana White's Contender Series,DWC,4355664,alexander munoz,W,2953005,nick newell,False,3,DEC-UNA,15.0,True
s:3301~l:3321~e:401033282~c:265441,401033282-4339145-4064692,401033282,2018-07-25,Dana White's Contender Series,DWC,4289274,sodiq yusuff,W,4339145,mike davis,False,3,DEC-UNA,15.0,True
s:3301~l:3321~e:401033284~c:265458,401033284-4357591-4372196,401033284,2018-08-01,Dana White's Contender Series,DWC,3150681,jordan griffin,W,4357591,maurice mitchell,False,1,SUBMISSION,3.95,False
s:3301~l:3321~e:401128925~c:269723,401128925-4084453-3108772,401128925,2019-08-14,Dana White's Contender Series,DWC,3119811,ray rodriguez,L,4084453,tony gravely,False,3,KO-TKO,12.27,False
s:3301~l:3321~e:401033280~c:265452,401033280-4388465-3084125,401033280,2018-07-11,Dana White's Contender Series,DWC,4054622,jordan espinosa,W,3084125,rilley dutro,False,3,KO-TKO,14.969999999999999,True
s:3301~l:3321~e:400972137~c:265530,400972137-4388465-3099608,400972137,2017-08-23,Dana White's Contender Series,DWC,4054622,jordan espinosa,W,3099608,nick urso,False,1,SUBMISSION,1.38,False
s:3301~l:3321~e:401128923~c:268319,401128923-4426305-3097030,401128923,2019-07-31,Dana White's Contender Series,DWC,4043437,aalon cruz,W,4426305,steven nguyen,False,3,KO-TKO,14.6,True
s:3301~l:3321~e:400968459~c:238815,400968459-3154228-4036096,400968459,2017-08-16,Dana White's Contender Series,DWC,4038127,martin day,L,4036096,jaime alvarez,False,3,DEC-UNA,15.0,True
s:3301~l:3321~e:401074498~c:265420,401074498-4193828-4372193,401074498,2018-08-12,Dana White's Contender Series,DWC,4372196,vinicius moreira,W,4372193,john allan,False,2,SUBMISSION,8.67,False
s:3301~l:3321~e:401128918~c:264863,401128918-4573209-4687590,401128918,2019-08-28,Dana White's Contender Series,DWC,4388465,peter barrett,W,4573209,sanghoon yoo,False,3,DEC-UNA,15.0,True
s:3301~l:3321~e:401033277~c:265480,401033277-3913473-4290956,401033277,2018-06-20,Dana White's Contender Series,DWC,4339150,jordan wright,D,4290956,anthony hernandez,False,1,NO-CONTEST,0.67,False
s:3301~l:3321~e:401223626~c:401256297,401223626-4249185-3997109,401223626,2020-11-18,Dana White's Contender Series,DWC,4193828,jacob silva,L,4249185,jp buys,False,1,SUBMISSION,4.9,False
s:3301~l:3321~e:401221632~c:401235977,401221632-4684238-3997109,401221632,2020-08-26,Dana White's Contender Series,DWC,4193828,jacob silva,L,4684238,jeff molina,False,3,DEC-UNA,15.0,True
s:3301~l:3321~e:401223626~c:401247222,401223626-4700964-2950951,401223626,2020-11-18,Dana White's Contender Series,DWC,3162581,oscar cota,L,4700964,nick maximov,False,3,DEC-UNA,15.0,True
s:3301~l:3321~e:401223626~c:401256298,401223626-2559758-4684678,401223626,2020-11-18,Dana White's Contender Series,DWC,4689223,sherrard blackledge,L,4684678,tucker lutz,False,3,DEC-UNA,15.0,True
s:3301~l:3321~e:401222785~c:401241746,401222785-2559758-4685886,401222785,2020-09-09,Dana White's Contender Series,DWC,4689223,sherrard blackledge,W,4685886,cameron church,False,3,DEC-UNA,15.0,True
s:3301~l:3321~e:401223625~c:401247221,401223625-4684923-3023815,401223625,2020-11-11,Dana White's Contender Series,DWC,4684922,mariusz ksiazkiewicz,L,4684923,mario sousa,False,3,DEC-UNA,15.0,True
s:3301~l:3321~e:401223625~c:401256294,401223625-2486970-3897242,401223625,2020-11-11,Dana White's Contender Series,DWC,4294278,joe lowry,L,3897242,nikolas motta,False,3,DEC-UNA,15.0,True
s:3301~l:3321~e:401033283~c:265430,401033283-4354425-2486970,401033283,2018-08-08,Dana White's Contender Series,DWC,4294278,joe lowry,L,4354425,devonte smith,False,1,KO-TKO,2.87,False
s:3301~l:3321~e:401223625~c:401256295,401223625-4689229-4021651,401223625,2020-11-11,Dana White's Contender Series,DWC,2504828,stephanie frausto,L,4689229,luana pinheiro,False,1,KO-TKO,2.8,False
s:3301~l:3321~e:401223625~c:401256296,401223625-4606413-4698871,401223625,2020-11-11,Dana White's Contender Series,DWC,4237930,taylor moore,L,4606413,danny sabatello,False,3,DEC-UNA,15.0,True
s:3301~l:3321~e:401033280~c:265450,401033280-4339489-4237606,401033280,2018-07-11,Dana White's Contender Series,DWC,4249192,bevon lewis,W,4339489,alton cunningham,False,1,KO-TKO,3.02,False
s:3301~l:3321~e:400972138~c:265522,400972138-4237606-4249191,400972138,2017-08-30,Dana White's Contender Series,DWC,4249192,bevon lewis,W,4249191,elias urbina,False,2,KO-TKO,7.779999999999999,False
s:3301~l:3321~e:401223624~c:401247220,401223624-4695736-3676024,401223624,2020-11-05,Dana White's Contender Series,DWC,4687590,bruno oliveira,L,4695736,carlos ulberg,False,1,KO-TKO,2.03,False
s:3301~l:3321~e:401222785~c:401241747,401222785-4246527-3162028,401222785,2020-09-09,Dana White's Contender Series,DWC,3913473,phil hawes,W,3162028,khadzhi bestaev,False,1,KO-TKO,1.3,False
s:3301~l:3321~e:400966348~c:265545,400966348-4077475-4246527,400966348,2017-08-01,Dana White's Contender Series,DWC,3913473,phil hawes,L,4077475,julian marquez,False,2,KO-TKO,7.33,False
s:3301~l:3321~e:401033282~c:265442,401033282-4684241-3028694,401033282,2018-07-25,Dana White's Contender Series,DWC,4237606,jeff hughes,W,3028694,josh appelt,False,1,KO-TKO,4.43,False
s:3301~l:3321~e:401222786~c:401241751,401222786-4683397-4573208,401222786,2020-09-16,Dana White's Contender Series,DWC,2511778,michael lombardo,W,4683397,korey kuppe,False,3,DEC-UNA,15.0,True
s:3301~l:3321~e:401128919~c:268446,401128919-4329444-4573208,401128919,2019-06-26,Dana White's Contender Series,DWC,2511778,michael lombardo,L,4329444,kyle daukaus,False,3,DEC-UNA,15.0,True
s:3301~l:3321~e:401222786~c:401241752,401222786-3953379-4375603,401222786,2020-09-16,Dana White's Contender Series,DWC,4684925,taneisha tennant,L,4375603,danyelle wolf,False,3,DEC-UNA,15.0,True
s:3301~l:3321~e:401222786~c:401241753,401222786-4684470-3947116,401222786,2020-09-16,Dana White's Contender Series,DWC,4246527,kyle driscoll,W,3947116,dinis paiva,False,3,DEC-UNA,15.0,True
s:3301~l:3321~e:400968458~c:238651,400968458-3120459-3152189,400968458,2017-08-08,Dana White's Contender Series,DWC,4081550,mike rodriguez,W,3152189,jamelle jones,False,1,KO-TKO,2.25,False
s:3301~l:3321~e:401222785~c:401240127,401222785-4600143-4686736,401222785,2020-09-09,Dana White's Contender Series,DWC,4252253,al matavao,L,4600143,tafon nchukwi,False,2,KO-TKO,7.02,False
s:3301~l:3321~e:401222785~c:401241747,401222785-3913473-3115958,401222785,2020-09-09,Dana White's Contender Series,DWC,3162028,khadzhi bestaev,L,3913473,phil hawes,False,1,KO-TKO,1.3,False
s:3301~l:3321~e:401222785~c:401241749,401222785-4045420-4341591,401222785,2020-09-09,Dana White's Contender Series,DWC,3896920,henrique shiguemoto,L,4045420,aliaskhab khizriev,False,1,SUBMISSION,0.83,False
s:3301~l:3321~e:401128920~c:268450,401128920-4299562-4425705,401128920,2019-07-10,Dana White's Contender Series,DWC,4425706,hunter azure,W,4425705,chris ocon,False,3,DEC-UNA,15.0,True
s:3301~l:3321~e:401222724~c:401239996,401222724-4034282-2989380,401222724,2020-09-02,Dana White's Contender Series,DWC,4684241,nate smith,L,2989380,jimmy flick,False,3,SUBMISSION,13.25,True
s:3301~l:3321~e:401222724~c:401239999,401222724-4684678-4684127,401222724,2020-09-02,Dana White's Contender Series,DWC,4293896,chase gibson,L,4684678,tucker lutz,False,3,DEC-UNA,15.0,True
s:3301~l:3321~e:401221630~c:401235374,401221630-4683705-4359111,401221630,2020-08-12,Dana White's Contender Series,DWC,4573208,impa kasanganay,W,4359111,anthony adams,False,3,DEC-UNA,15.0,True
s:3301~l:3321~e:401128918~c:264862,401128918-4683705-4573207,401128918,2019-08-28,Dana White's Contender Series,DWC,4573208,impa kasanganay,W,4573207,kailan hill,False,3,DEC-UNA,15.0,True
s:3301~l:3321~e:401033277~c:265481,401033277-3957071-2509290,401033277,2018-06-20,Dana White's Contender Series,DWC,3938715,austin springer,W,3957071,giga chikadze,False,3,SUBMISSION,14.17,True
s:3301~l:3321~e:401221632~c:401235976,401221632-2990078-3120449,401221632,2020-08-26,Dana White's Contender Series,DWC,4686736,alejandro flores,L,3120449,rafael alves,False,2,SUBMISSION,7.92,False
s:3301~l:3321~e:401221632~c:401235978,401221632-4686567-4684468,401221632,2020-08-26,Dana White's Contender Series,DWC,4684470,anthony romero,W,4684468,mike breeden,False,3,DEC-UNA,15.0,True
s:3301~l:3321~e:401221632~c:401235979,401221632-4389513-4217612,401221632,2020-08-26,Dana White's Contender Series,DWC,4341591,collin huckbody,W,4389513,kyron bowen,False,1,SUBMISSION,1.47,False
s:3301~l:3321~e:401221631~c:401231041,401221631-4685887-2502609,401221631,2020-08-19,Dana White's Contender Series,DWC,3120459,victor reyna,L,4685887,louis cosce,False,1,KO-TKO,1.2,False
s:3301~l:3321~e:401128919~c:268443,401128919-4423448-2502609,401128919,2019-06-26,Dana White's Contender Series,DWC,3120459,victor reyna,L,4423448,miguel baeza,False,3,DEC-UNA,15.0,True
s:3301~l:3321~e:401221631~c:401233640,401221631-2381659-4683396,401221631,2020-08-19,Dana White's Contender Series,DWC,4686737,hilarie rose,L,4683396,cheyanne vlismas,False,3,DEC-UNA,15.0,True
s:3301~l:3321~e:401221631~c:401233641,401221631-4687126-4375203,401221631,2020-08-19,Dana White's Contender Series,DWC,4686738,matt dixon,L,4687126,orion cosce,False,3,KO-TKO,14.7,True
s:3301~l:3321~e:401221631~c:401233642,401221631-2971118-4276994,401221631,2020-08-19,Dana White's Contender Series,DWC,4684127,chad johnson,L,4276994,josh parisian,False,1,KO-TKO,3.72,False
s:3301~l:3321~e:401221631~c:401233643,401221631-2500457-4424582,401221631,2020-08-19,Dana White's Contender Series,DWC,4683705,kenneth cross,W,4424582,kevin syler,False,3,DEC-UNA,15.0,True
s:3301~l:3321~e:401221630~c:401232277,401221630-3098802-3998248,401221630,2020-08-12,Dana White's Contender Series,DWC,4403536,brady huang,L,3998248,adrian yanez,False,1,KO-TKO,0.65,False
s:3301~l:3321~e:401221630~c:401232279,401221630-4422029-4394752,401221630,2020-08-12,Dana White's Contender Series,DWC,2990078,daniel swain,L,4422029,tj laramie,False,1,DR-TKO,5.0,False
s:3301~l:3321~e:401221629~c:401231060,401221629-3956305-4685870,401221629,2020-08-05,Dana White's Contender Series,DWC,4686567,mikey gonzalez,L,4685870,uros medic,False,1,KO-TKO,2.2,False
s:3301~l:3321~e:401221629~c:401231039,401221629-4686565-4237147,401221629,2020-08-05,Dana White's Contender Series,DWC,3926497,jose flores,L,4686565,jordan leavitt,False,1,SUBMISSION,4.25,False
s:3301~l:3321~e:400972138~c:265521,400972138-4081024-4237147,400972138,2017-08-30,Dana White's Contender Series,DWC,3926497,jose flores,L,4081024,matt frevola,False,2,SUBMISSION,8.53,False
s:3301~l:3321~e:401033280~c:265449,401033280-4357555-3901014,401033280,2018-07-11,Dana White's Contender Series,DWC,2555540,kevin aguilar,W,4357555,joey gomez,False,3,DEC-SPLT,15.0,True
s:3301~l:3321~e:401128920~c:268451,401128920-4062290-2335725,401128920,2019-07-10,Dana White's Contender Series,DWC,4016050,maki pitolo,W,4062290,justin sumter,False,1,KO-TKO,1.62,False
s:3301~l:3321~e:401128925~c:269721,401128925-4565646-4001846,401128925,2019-08-14,Dana White's Contender Series,DWC,4044409,brok weaver,W,4565646,devin smyth,False,3,DEC-UNA,15.0,True
s:3301~l:3321~e:401128917~c:268442,401128917-2335725-3039935,401128917,2019-06-19,Dana White's Contender Series,DWC,4423213,yorgan de castro,W,3039935,alton meeks,False,1,KO-TKO,4.25,False
s:3301~l:3321~e:401033283~c:265432,401033283-3122040-3347074,401033283,2018-08-08,Dana White's Contender Series,DWC,4354426,jacob kilburn,L,3347074,bobby moffett,False,2,SUBMISSION,6.03,False
s:3301~l:3321~e:401128918~c:264864,401128918-4246820-4573210,401128918,2019-08-28,Dana White's Contender Series,DWC,4573211,ben sosoli,D,4573210,dustin joynson,False,1,NO-CONTEST,2.13,False
s:3301~l:3321~e:400961602~c:237190,400961602-3928693-3099985,400961602,2017-07-11,Dana White's Contender Series,DWC,3122040,boston salmon,W,3928693,ricky turcios,False,3,DEC-UNA,15.0,True
s:3301~l:3321~e:400972138~c:265524,400972138-3903959-3153109,400972138,2017-08-30,Dana White's Contender Series,DWC,4256214,lauren mueller,W,3153109,kelly velasco,False,3,DEC-UNA,15.0,True
s:3301~l:3321~e:401128918~c:264861,401128918-4421517-4064714,401128918,2019-08-28,Dana White's Contender Series,DWC,4033520,teddy ash,L,4421517,duško todorović,False,3,DEC-UNA,15.0,True
s:3301~l:3321~e:401128918~c:264864,401128918-4573211-3102126,401128918,2019-08-28,Dana White's Contender Series,DWC,4573210,dustin joynson,D,4573211,ben sosoli,False,1,NO-CONTEST,2.13,False
s:3301~l:3321~e:401128918~c:264865,401128918-4565904-4063667,401128918,2019-08-28,Dana White's Contender Series,DWC,4569669,dylan lockard,L,4063667,tj brown,False,3,SUBMISSION,12.98,True
s:3301~l:3321~e:401128926~c:270164,401128926-4426144-4141265,401128926,2019-08-21,Dana White's Contender Series,DWC,4565668,micol disegni,L,4141265,mallory martin,False,3,DEC-UNA,15.0,True
s:3301~l:3321~e:401128926~c:270165,401128926-4569668-4068998,401128926,2019-08-21,Dana White's Contender Series,DWC,4303035,phil caracappa,L,4569668,ricky steele,False,3,DEC-SPLT,15.0,True
s:3301~l:3321~e:401128925~c:266408,401128925-4248475-4292650,401128925,2019-08-14,Dana White's Contender Series,DWC,4245681,karl reed,L,4248475,julius anglickas,False,3,SUBMISSION,13.42,True
s:3301~l:3321~e:400968459~c:238811,400968459-4292650-4028629,400968459,2017-08-16,Dana White's Contender Series,DWC,4245681,karl reed,L,4028629,cameron olson,False,3,DEC-UNA,15.0,True
s:3301~l:3321~e:401033283~c:265432,401033283-4354426-4424582,401033283,2018-08-08,Dana White's Contender Series,DWC,3347074,bobby moffett,W,4354426,jacob kilburn,False,2,SUBMISSION,6.03,False
s:3301~l:3321~e:401128924~c:269714,401128924-3167160-4372245,401128924,2019-08-07,Dana White's Contender Series,DWC,4409396,harvey park,L,4372245,omar morales,False,2,KO-TKO,6.1,False
s:3301~l:3321~e:401128924~c:269717,401128924-4350860-4377802,401128924,2019-08-07,Dana White's Contender Series,DWC,4234751,lucrezia ria,W,4350860,marilia santos,False,3,DEC-SPLT,15.0,True
s:3301~l:3321~e:401128923~c:268321,401128923-4426312-4065618,401128923,2019-07-31,Dana White's Contender Series,DWC,3897220,rico farrington,L,4426312,daniel rodriguez,False,3,DEC-UNA,15.0,True
s:3301~l:3321~e:401128923~c:268322,401128923-4426192-3020092,401128923,2019-07-31,Dana White's Contender Series,DWC,4426144,michal martinek,L,4426192,rodrigo nascimento,False,1,SUBMISSION,3.27,False
s:3301~l:3321~e:401074496~c:265424,401074496-3956260-4370999,401074496,2018-08-11,Dana White's Contender Series,DWC,4371004,sarah frota,W,4370999,maiara amanajas dos santos,False,1,KO-TKO,3.43,False
s:3301~l:3321~e:400966347~c:265554,400966347-3045798-3120931,400966347,2017-07-25,Dana White's Contender Series,DWC,4236956,kyle stewart,W,3120931,jason jackson,False,2,KO-TKO,5.35,False
s:3301~l:3321~e:401128922~c:268461,401128922-4426306-4239743,401128922,2019-07-24,Dana White's Contender Series,DWC,4407930,jj okanovich,W,4426306,christian lohsen,False,3,DEC-UNA,15.0,True
s:3301~l:3321~e:401128922~c:268462,401128922-4425355-3028404,401128922,2019-07-24,Dana White's Contender Series,DWC,4064714,alexander poppeck,L,4425355,jamahal hill,False,2,KO-TKO,9.48,False
s:3301~l:3321~e:401033284~c:265459,401033284-3952413-4234510,401033284,2018-08-01,Dana White's Contender Series,DWC,4292650,juan adams,W,4234510,shawn teed,False,1,KO-TKO,4.28,False
s:3301~l:3321~e:401128921~c:268453,401128921-4424224-2560714,401128921,2019-07-17,Dana White's Contender Series,DWC,4424222,armando villarreal,L,4424224,ode' osbourne,False,1,SUBMISSION,4.65,False
s:3301~l:3321~e:401221631~c:401233643,401221631-4683705-4423425,401221631,2020-08-19,Dana White's Contender Series,DWC,4424582,kevin syler,L,4683705,kenneth cross,False,3,DEC-UNA,15.0,True
s:3301~l:3321~e:401128921~c:268454,401128921-4423425-4424478,401128921,2019-07-17,Dana White's Contender Series,DWC,4424582,kevin syler,W,4424478,lance lawrence,False,3,DEC-UNA,15.0,True
s:3301~l:3321~e:401128920~c:268451,401128920-3115841-4016050,401128920,2019-07-10,Dana White's Contender Series,DWC,4062290,justin sumter,L,4016050,maki pitolo,False,1,KO-TKO,1.62,False
s:3301~l:3321~e:401033284~c:265457,401033284-4202873-3115841,401033284,2018-08-01,Dana White's Contender Series,DWC,4062290,justin sumter,L,4202873,ian heinisch,False,1,KO-TKO,3.62,False
s:3301~l:3321~e:600008643~c:401362001,600008643-4252258-4422443,600008643,2021-09-22,Dana White's Contender Series,DWC,4239743,jacob rosales,L,4252258,victor martinez,False,3,DEC-UNA,15.0,True
s:3301~l:3321~e:401128920~c:268452,401128920-4245092-4422443,401128920,2019-07-10,Dana White's Contender Series,DWC,4239743,jacob rosales,L,4245092,jonathan pearce,False,3,KO-TKO,11.83,False
s:3301~l:3321~e:401128919~c:268444,401128919-4339489-3074102,401128919,2019-06-26,Dana White's Contender Series,DWC,2560714,tony johnson,W,4339489,alton cunningham,False,3,DEC-UNA,15.0,True
s:3301~l:3321~e:401128919~c:268445,401128919-4273352-4030352,401128919,2019-06-26,Dana White's Contender Series,DWC,4423425,justin gonzales,W,4030352,zach zane,False,3,DEC-UNA,15.0,True
s:3301~l:3321~e:401128917~c:268440,401128917-4289255-3128086,401128917,2019-06-19,Dana White's Contender Series,DWC,4080575,kali robbins,L,4289255,hannah goldy,False,3,DEC-UNA,15.0,True
s:3301~l:3321~e:401128917~c:268441,401128917-4076472-4243873,401128917,2019-06-19,Dana White's Contender Series,DWC,3009725,brendan loughnane,W,4076472,bill algeo,False,3,DEC-UNA,15.0,True
s:3301~l:3321~e:400968459~c:238660,400968459-3077134-3611366,400968459,2017-08-16,Dana White's Contender Series,DWC,3020777,charles byrd,W,3077134,buddy wallace,False,2,SUBMISSION,7.05,False
s:3301~l:3321~e:400961602~c:237191,400961602-4237148-3611366,400961602,2017-07-11,Dana White's Contender Series,DWC,3020777,charles byrd,W,4237148,jamie pickett,False,1,SUBMISSION,4.92,False
s:3301~l:3321~e:400966348~c:265548,400966348-3044563-3960440,400966348,2017-08-01,Dana White's Contender Series,DWC,4020801,austin arnett,L,3960440,brandon davis,False,3,DEC-UNA,15.0,True
s:3301~l:3321~e:400972138~c:265525,400972138-4249193-3126373,400972138,2017-08-30,Dana White's Contender Series,DWC,3983543,allen crowder,W,4249193,don'tale mayes,False,3,KO-TKO,14.2,True
s:3301~l:3321~e:401033279~c:265475,401033279-4294510-3923486,401033279,2018-06-27,Dana White's Contender Series,DWC,3611366,te edwards,W,4294510,austin tweedy,False,1,KO-TKO,0.47,False
s:3301~l:3321~e:400972137~c:265528,400972137-4249185-4070161,400972137,2017-08-23,Dana White's Contender Series,DWC,3128221,joby sanchez,W,4249185,jp buys,False,2,KO-TKO,7.470000000000001,False
s:3301~l:3321~e:400961602~c:237193,400961602-3961774-4070161,400961602,2017-07-11,Dana White's Contender Series,DWC,3128221,joby sanchez,W,3961774,manny vazquez,False,3,DEC-UNA,15.0,True
s:3301~l:3321~e:401074498~c:265422,401074498-4030631-4038065,401074498,2018-08-12,Dana White's Contender Series,DWC,3971629,dayana silva,L,4030631,gisele moreira,False,3,DEC-SPLT,15.0,True
s:3301~l:3321~e:401074498~c:265423,401074498-4234510-3955778,401074498,2018-08-12,Dana White's Contender Series,DWC,4372295,gleidson cutis,L,3955778,thiago moises,False,1,KO-TKO,4.35,False
s:3301~l:3321~e:401074497~c:265412,401074497-4379279-3254940,401074497,2018-08-12,Dana White's Contender Series,DWC,3108776,marcio alexandre jr.,W,4379279,leonardo silva de oliveira,False,1,SUBMISSION,1.87,False
s:3301~l:3321~e:401074497~c:265435,401074497-3096577-3170347,401074497,2018-08-12,Dana White's Contender Series,DWC,4039957,estefani almeida,L,3170347,taila santos,False,3,DEC-UNA,15.0,True
s:3301~l:3321~e:401074497~c:265436,401074497-2502444-3091099,401074497,2018-08-12,Dana White's Contender Series,DWC,4081147,bruno assis,L,3091099,andre muniz,False,3,DEC-UNA,15.0,True
s:3301~l:3321~e:401074496~c:265425,401074496-4371002-4037324,401074496,2018-08-11,Dana White's Contender Series,DWC,3054275,diego henrique da silva,L,4371002,antonio arroyo,False,3,DEC-UNA,15.0,True
s:3301~l:3321~e:401074496~c:265427,401074496-4349152-4280789,401074496,2018-08-11,Dana White's Contender Series,DWC,4371000,gustavo gabriel,L,4280789,rogerio bontorin,False,2,SUBMISSION,9.620000000000001,False
s:3301~l:3321~e:401074496~c:265428,401074496-4081555-4371001,401074496,2018-08-11,Dana White's Contender Series,DWC,4371003,mayana kellem,L,4371001,mayra bueno silva,False,1,SUBMISSION,1.03,False
s:3301~l:3321~e:401033283~c:265429,401033283-3028694-2220951,401033283,2018-08-08,Dana White's Contender Series,DWC,4358020,tebaris gordon,L,2220951,greg hardy,False,1,KO-TKO,0.28,False
s:3301~l:3321~e:401033283~c:265430,401033283-3952411-4294278,401033283,2018-08-08,Dana White's Contender Series,DWC,4354425,devonte smith,W,4294278,joe lowry,False,1,KO-TKO,2.87,False
s:3301~l:3321~e:401033283~c:265431,401033283-4354319-4245094,401033283,2018-08-08,Dana White's Contender Series,DWC,4354424,dennis bryant,L,4245094,kennedy nzechukwu,False,1,KO-TKO,1.8,False
s:3301~l:3321~e:401033283~c:265433,401033283-4354427-2504172,401033283,2018-08-08,Dana White's Contender Series,DWC,4070902,alex gilpin,W,4354427,marty coughran,False,2,SUBMISSION,6.92,False
s:3301~l:3321~e:401033284~c:265455,401033284-4354423-4239492,401033284,2018-08-01,Dana White's Contender Series,DWC,3254940,garrett gross,L,4354423,roosevelt roberts,False,2,SUBMISSION,7.220000000000001,False
s:3301~l:3321~e:401033284~c:265456,401033284-4339489-4249193,401033284,2018-08-01,Dana White's Contender Series,DWC,4349155,mitchell sipe,L,4249193,don'tale mayes,False,2,KO-TKO,9.82,False
s:3301~l:3321~e:401033284~c:265459,401033284-4292650-3111338,401033284,2018-08-01,Dana White's Contender Series,DWC,4234510,shawn teed,L,4292650,juan adams,False,1,KO-TKO,4.28,False
s:3301~l:3321~e:401033282~c:265440,401033282-4354420-4350867,401033282,2018-07-25,Dana White's Contender Series,DWC,4081555,chris birchler,L,4354420,jimmy crute,False,1,KO-TKO,4.38,False
s:3301~l:3321~e:401033282~c:265442,401033282-4237606-4311136,401033282,2018-07-25,Dana White's Contender Series,DWC,3028694,josh appelt,L,4237606,jeff hughes,False,1,KO-TKO,4.43,False
s:3301~l:3321~e:401033281~c:265444,401033281-4246307-2989130,401033281,2018-07-18,Dana White's Contender Series,DWC,4037324,jamie colleen miller,L,4246307,maycee barber,False,3,KO-TKO,14.25,True
s:3301~l:3321~e:400968459~c:238814,400968459-4232927-2989130,400968459,2017-08-16,Dana White's Contender Series,DWC,4037324,jamie colleen miller,W,4232927,tiffany masters,False,3,SUBMISSION,14.719999999999999,True
s:3301~l:3321~e:401033281~c:265446,401033281-4359111-4070700,401033281,2018-07-18,Dana White's Contender Series,DWC,4349152,chibwikem onyenegecha,W,4359111,anthony adams,False,3,DEC-SPLT,15.0,True
s:3301~l:3321~e:401033281~c:265447,401033281-4290344-4204438,401033281,2018-07-18,Dana White's Contender Series,DWC,4079844,angelo trevino,L,4290344,austin vanderford,False,2,SUBMISSION,7.7,False
s:3301~l:3321~e:401033281~c:265448,401033281-4039866-4354318,401033281,2018-07-18,Dana White's Contender Series,DWC,4354319,antonio jones,L,4354318,edmen shahbazyan,False,1,KO-TKO,0.67,False
s:3301~l:3321~e:401033280~c:265449,401033280-4027695-2555540,401033280,2018-07-11,Dana White's Contender Series,DWC,4357555,joey gomez,L,2555540,kevin aguilar,False,3,DEC-SPLT,15.0,True
s:3301~l:3321~e:401128919~c:268444,401128919-4339131-2560714,401128919,2019-06-26,Dana White's Contender Series,DWC,4339489,alton cunningham,L,2560714,tony johnson,False,3,DEC-UNA,15.0,True
s:3301~l:3321~e:401033280~c:265450,401033280-4339131-4249192,401033280,2018-07-11,Dana White's Contender Series,DWC,4339489,alton cunningham,L,4249192,bevon lewis,False,1,KO-TKO,3.02,False
s:3301~l:3321~e:401033280~c:265451,401033280-4339148-3020395,401033280,2018-07-11,Dana White's Contender Series,DWC,4239492,ricky palacios,W,3020395,toby misech,False,3,DEC-UNA,15.0,True
s:3301~l:3321~e:401033280~c:265452,401033280-4054622-4350869,401033280,2018-07-11,Dana White's Contender Series,DWC,3084125,rilley dutro,L,4054622,jordan espinosa,False,3,KO-TKO,14.969999999999999,True
s:3301~l:3321~e:401033280~c:265453,401033280-4339490-3146345,401033280,2018-07-11,Dana White's Contender Series,DWC,4243343,max mustaki,L,4339490,jalin turner,False,1,DR-TKO,5.0,False
s:3301~l:3321~e:401033279~c:265474,401033279-4339152-3096574,401033279,2018-06-27,Dana White's Contender Series,DWC,4039866,jaimelene nievera,L,4339152,antonina shevchenko,False,2,KO-TKO,8.370000000000001,False
s:3301~l:3321~e:401033277~c:265479,401033277-2335524-3122837,401033277,2018-06-20,Dana White's Contender Series,DWC,4339144,yazan hajeh,L,3122837,matt sayles,False,1,KO-TKO,1.95,False
s:3301~l:3321~e:401033277~c:265482,401033277-3887606-2970798,401033277,2018-06-20,Dana White's Contender Series,DWC,3146345,emiliano sordi,L,3887606,ryan spann,False,1,SUBMISSION,0.43,False
s:3301~l:3321~e:401033277~c:265483,401033277-4339149-3074494,401033277,2018-06-20,Dana White's Contender Series,DWC,4339148,tyler hill,L,4339149,dwight grant,False,2,KO-TKO,7.13,False
s:3301~l:3321~e:401033270~c:265463,401033270-4236124-3948876,401033270,2018-06-13,Dana White's Contender Series,DWC,4339131,dashawn boatwright,L,3948876,alonzo menifield,False,1,KO-TKO,0.13,False
s:3301~l:3321~e:401033270~c:265464,401033270-4010677-2984770,401033270,2018-06-13,Dana White's Contender Series,DWC,4065047,sean lally,L,2984770,chris curtis,False,3,KO-TKO,11.620000000000001,False
s:3301~l:3321~e:401033270~c:265467,401033270-3093741-3943695,401033270,2018-06-13,Dana White's Contender Series,DWC,4339129,will santiago jr.,L,3943695,kevin holland,False,3,DEC-UNA,15.0,True
s:3301~l:3321~e:400972137~c:265529,400972137-4227123-2335671,400972137,2017-08-23,Dana White's Contender Series,DWC,2984784,mike santiago,W,4227123,mark cherico,False,1,KO-TKO,2.98,False
s:3301~l:3321~e:401074497~c:265434,401074497-3077134-3146944,401074497,2018-08-12,Dana White's Contender Series,DWC,3991049,henrique da silva,L,3146944,johnny walker,False,3,DEC-UNA,15.0,True
s:3301~l:3321~e:400972138~c:265522,400972138-4249192-2503659,400972138,2017-08-30,Dana White's Contender Series,DWC,4249191,elias urbina,L,4249192,bevon lewis,False,2,KO-TKO,7.779999999999999,False
s:3301~l:3321~e:400972138~c:265523,400972138-4030197-3087807,400972138,2017-08-30,Dana White's Contender Series,DWC,2951136,adam antolin,W,4030197,casey kenney,False,3,DEC-SPLT,15.0,True
s:3301~l:3321~e:400972138~c:265524,400972138-4256214-2335778,400972138,2017-08-30,Dana White's Contender Series,DWC,3153109,kelly velasco,L,4256214,lauren mueller,False,3,DEC-UNA,15.0,True
s:3301~l:3321~e:400968459~c:238660,400968459-2557012-3020777,400968459,2017-08-16,Dana White's Contender Series,DWC,3077134,buddy wallace,L,3020777,charles byrd,False,2,SUBMISSION,7.05,False
s:3301~l:3321~e:400968459~c:238813,400968459-3931156-3120931,400968459,2017-08-16,Dana White's Contender Series,DWC,3074719,adrian diaz,L,3931156,grant dawson,False,2,SUBMISSION,6.25,False
s:3301~l:3321~e:400968459~c:238811,400968459-4245681-3155410,400968459,2017-08-16,Dana White's Contender Series,DWC,4028629,cameron olson,W,4245681,karl reed,False,3,DEC-UNA,15.0,True
s:3301~l:3321~e:400968459~c:238815,400968459-4038127-4236955,400968459,2017-08-16,Dana White's Contender Series,DWC,4036096,jaime alvarez,W,4038127,martin day,False,3,DEC-UNA,15.0,True
s:3301~l:3321~e:400968458~c:238651,400968458-4081550-2553221,400968458,2017-08-08,Dana White's Contender Series,DWC,3152189,jamelle jones,L,4081550,mike rodriguez,False,1,KO-TKO,2.25,False
s:3301~l:3321~e:400968458~c:238654,400968458-3155425-4082018,400968458,2017-08-08,Dana White's Contender Series,DWC,3077954,kevin gray,L,3155425,alex perez,False,1,SUBMISSION,2.9,False
s:3301~l:3321~e:400968458~c:238652,400968458-3922491-3092342,400968458,2017-08-08,Dana White's Contender Series,DWC,3164449,donavon frelow,L,3922491,ricky simon,False,3,DEC-SPLT,15.0,True
s:3301~l:3321~e:400968458~c:238655,400968458-4245091-4237605,400968458,2017-08-08,Dana White's Contender Series,DWC,4013988,shelton graves,W,4245091,everett sims,False,3,KO-TKO,12.33,False
s:3301~l:3321~e:400966348~c:265549,400966348-2335516-4063869,400966348,2017-08-01,Dana White's Contender Series,DWC,4237014,cheyden leialoha,L,4063869,john castaneda,False,3,DEC-UNA,15.0,True
s:3301~l:3321~e:400966347~c:265554,400966347-4236956-2502477,400966347,2017-07-25,Dana White's Contender Series,DWC,3120931,jason jackson,L,4236956,kyle stewart,False,2,KO-TKO,5.35,False
s:3301~l:3321~e:400966347~c:265555,400966347-3111997-4236939,400966347,2017-07-25,Dana White's Contender Series,DWC,3087807,chase waldon,L,3111997,geoff neal,False,1,KO-TKO,1.93,False
s:3301~l:3321~e:400966347~c:265557,400966347-2354293-4074001,400966347,2017-07-25,Dana White's Contender Series,DWC,4236955,luis gomez,L,4074001,dan ige,False,3,SUBMISSION,13.379999999999999,True
s:3301~l:3321~e:400966346~c:265532,400966346-3024141-2335797,400966346,2017-07-19,Dana White's Contender Series,DWC,2553221,angel de anda,L,3024141,dan spohn,False,1,SUBMISSION,3.17,False
s:3301~l:3321~e:400966346~c:265533,400966346-4205093-2989346,400966346,2017-07-19,Dana White's Contender Series,DWC,4082018,alfred khashakyan,L,4205093,sean o'malley,False,1,KO-TKO,4.23,False
s:3301~l:3321~e:400966346~c:265574,400966346-3895524-3019933,400966346,2017-07-19,Dana White's Contender Series,DWC,2557012,lazar stojadinovic,L,3895524,thanh le,False,2,KO-TKO,6.58,False
s:3301~l:3321~e:400966346~c:265575,400966346-2504556-4040925,400966346,2017-07-19,Dana White's Contender Series,DWC,4237605,michael cora,L,4040925,sidney outlaw,False,3,DEC-UNA,15.0,True
s:3301~l:3321~e:401033279~c:265476,401033279-4276994-2528568,401033279,2018-06-27,Dana White's Contender Series,DWC,2506260,greg rebello,L,4276994,josh parisian,False,1,KO-TKO,1.52,False
s:3301~l:3321~e:400961602~c:237194,400961602-2558159-2528568,400961602,2017-07-11,Dana White's Contender Series,DWC,2506260,greg rebello,L,2558159,azunna anyanwu,False,2,KO-TKO,8.07,False
s:3301~l:3321~e:400961602~c:237193,400961602-2335475-3128221,400961602,2017-07-11,Dana White's Contender Series,DWC,3961774,manny vazquez,L,3128221,joby sanchez,False,3,DEC-UNA,15.0,True
s:3301~l:3321~e:400966347~c:265556,400966347-3948876-2502273,400966347,2017-07-25,Dana White's Contender Series,DWC,3923647,daniel jolly,L,3948876,alonzo menifield,False,1,DR-TKO,5.0,False
s:3301~l:3321~e:600055020~c:401808378,600055020-5264462-5149437,600055020,2025-08-12,Dana White's Contender Series,DWC,5296753,baisangur susurkaev,W,5149437,murtaza talha,False,1,KO-TKO,3.07,False
s:3301~l:3321~e:600055005~c:401813458,600055005-5293988-4413642,600055005,2025-08-27,Dana White's Contender Series,DWC,5302831,donte johnson,W,4413642,darion abbey,False,1,KO-TKO,1.07,False
s:3301~l:3321~e:600036497~c:401591072,600036497-5293988-5139556,600036497,2023-09-20,Dana White's Contender Series,DWC,5145495,stephanie luciano,D,5139556,talita alencar,False,3,DRAW,15.0,True
s:3301~l:3321~e:600047776~c:401715288,600047776-5228275-5292014,600047776,2024-09-11,Dana White's Contender Series,DWC,5216713,navajo stirling,W,5228275,phil latu,False,2,KO-TKO,7.35,False
s:3301~l:3321~e:600055032~c:401794770,600055032-4396363-5264925,600055032,2025-09-24,Dana White's Contender Series,DWC,5282616,djani barbir,L,5264925,mantas kondratavičius,False,1,KO-TKO,1.1,False
s:3301~l:3321~e:600055032~c:401823573,600055032-5308768-5245078,600055032,2025-09-24,Dana White's Contender Series,DWC,4916608,brahyam zurcher,L,5308768,murtazali magomedov,False,1,KO-TKO,1.62,False
s:3301~l:3321~e:600055032~c:401823574,600055032-5308770-5307799,600055032,2025-09-24,Dana White's Contender Series,DWC,5308769,jeisla chaves,W,5308770,sofia montenegro,False,3,DEC-SPLT,15.0,True
s:3301~l:3321~e:600055032~c:401823575,600055032-5157674-4687104,600055032,2025-09-24,Dana White's Contender Series,DWC,5277050,justice torres,L,4687104,javier reyes,False,1,KO-TKO,2.53,False
s:3301~l:3321~e:600055032~c:401823576,600055032-5308872-5228596,600055032,2025-09-24,Dana White's Contender Series,DWC,5308871,rafael tobias,W,5308872,jair de oliveira,False,1,SUBMISSION,3.77,False
s:3301~l:3321~e:600055031~c:401819851,600055031-5216997-5236383,600055031,2025-09-17,Dana White's Contender Series,DWC,5307813,mackson lee,L,5236383,hecher sosa,False,3,DEC-UNA,15.0,True
s:3301~l:3321~e:600055031~c:401819853,600055031-5102627-5307810,600055031,2025-09-17,Dana White's Contender Series,DWC,5307811,mahamed aly,L,5307810,iwo baraniewski,False,1,KO-TKO,0.33,False
s:3301~l:3321~e:600055031~c:401794769,600055031-5307815-4915407,600055031,2025-09-17,Dana White's Contender Series,DWC,5307814,tommy gantt,W,5307815,adam livingston,False,1,SUBMISSION,2.78,False
s:3301~l:3321~e:600055031~c:401819854,600055031-4977642-5109011,600055031,2025-09-17,Dana White's Contender Series,DWC,5293566,in soo hwang,L,5109011,paddy mccorry,False,3,DEC-UNA,15.0,True
s:3301~l:3321~e:600055031~c:401819852,600055031-5282412-5180489,600055031,2025-09-17,Dana White's Contender Series,DWC,5086848,raphael uchegbu,L,5282412,cody chovancek,False,3,KO-TKO,10.17,False
s:3301~l:3321~e:600055007~c:401819811,600055007-5292169-5239615,600055007,2025-09-10,Dana White's Contender Series,DWC,5292023,anthony guarascio,L,5239615,steven asplund,False,1,KO-TKO,0.27,False
s:3301~l:3321~e:600055007~c:401819810,600055007-5307524-4894864,600055007,2025-09-10,Dana White's Contender Series,DWC,5292014,felipe franco,L,5307524,freddy vidal,False,3,SUBMISSION,14.8,True
s:3301~l:3321~e:600055007~c:401808387,600055007-5278269-5138994,600055007,2025-09-10,Dana White's Contender Series,DWC,5157674,shanelle dyer,L,5278269,carol foro,False,3,DEC-UNA,15.0,True
s:3301~l:3321~e:600036494~c:401571755,600036494-5296762-4914335,600036494,2023-08-30,Dana White's Contender Series,DWC,5145682,bolaji oki,W,4914335,dylan salvador,False,1,KO-TKO,2.77,False
s:3301~l:3321~e:600055006~c:401794187,600055006-5264470-4629138,600055006,2025-09-03,Dana White's Contender Series,DWC,5228596,jack congdon,L,4629138,jean-paul lebosnoyani,False,1,KO-TKO,1.13,False
s:3301~l:3321~e:600055006~c:401805483,600055006-5216978-5287881,600055006,2025-09-03,Dana White's Contender Series,DWC,4977642,theo haig,L,5216978,cezary oleksiejczuk,False,1,KO-TKO,0.6,False
s:3301~l:3321~e:600055006~c:401805484,600055006-5124146-5144008,600055006,2025-09-03,Dana White's Contender Series,DWC,4063786,mandel nallo,W,5124146,samuel silva,False,1,KO-TKO,3.48,False
s:3301~l:3321~e:600055006~c:401805486,600055006-5295176-5279283,600055006,2025-09-03,Dana White's Contender Series,DWC,5212849,tommy mcmillen,W,5295176,david mgoyan,False,3,DEC-MAJ,15.0,True
s:3301~l:3321~e:600055005~c:401813457,600055005-5291085-5292169,600055005,2025-08-27,Dana White's Contender Series,DWC,5216997,trent miller,L,5291085,ryan gandra,False,1,KO-TKO,2.85,False
s:3301~l:3321~e:600055005~c:401804266,600055005-5099679-5282842,600055005,2025-08-27,Dana White's Contender Series,DWC,4915407,damon wilson,L,5099679,marcio barbosa,False,1,KO-TKO,4.23,False
s:3301~l:3321~e:600055005~c:401804267,600055005-4421784-5220971,600055005,2025-08-27,Dana White's Contender Series,DWC,5291025,abdul-rakhman yakhyaev,W,5220971,alik lorenz,False,1,KO-TKO,0.5,False
s:3301~l:3321~e:600055005~c:401804268,600055005-4423264-5085291,600055005,2025-08-27,Dana White's Contender Series,DWC,5180489,cristian perez,L,5085291,manoel sousa,False,3,KO-TKO,13.0,True
s:3301~l:3321~e:600011552~c:401382950,600011552-5211223-4884868,600011552,2021-10-27,Dana White's Contender Series,DWC,4894864,xiao long,L,4884868,cristian quiñonez,False,3,DEC-UNA,15.0,True
s:3301~l:3321~e:600055021~c:401794169,600055021-4701954-4969974,600055021,2025-08-20,Dana White's Contender Series,DWC,5219928,manuel exposito,L,4969974,jose delano,False,3,DEC-UNA,15.0,True
s:3301~l:3321~e:600055021~c:401808380,600055021-5070502-4694832,600055021,2025-08-20,Dana White's Contender Series,DWC,5296762,brandon holmes,L,4694832,cam rowston,False,1,KO-TKO,2.97,False
s:3301~l:3321~e:600055021~c:401801205,600055021-4601333-5212852,600055021,2025-08-20,Dana White's Contender Series,DWC,5292169,kaushik saikumar,L,5212852,louis lee scott,False,3,KO-TKO,12.33,False
s:3301~l:3321~e:600055021~c:401801206,600055021-5220468-5211221,600055021,2025-08-20,Dana White's Contender Series,DWC,4049391,josh hokit,W,5220468,guilherme uriel,False,2,KO-TKO,6.1,False
s:3301~l:3321~e:600055021~c:401801207,600055021-5290796-5212854,600055021,2025-08-20,Dana White's Contender Series,DWC,5290789,tommy cuozzi,L,5290796,ramiro jimenez,False,1,KO-TKO,2.88,False
s:3301~l:3321~e:600055020~c:401793731,600055020-5287948-4685888,600055020,2025-08-12,Dana White's Contender Series,DWC,5287881,ilian bouafia,W,5287948,neemias santana,False,3,DEC-UNA,15.0,True
s:3301~l:3321~e:600055020~c:401793732,600055020-3093513-5264471,600055020,2025-08-12,Dana White's Contender Series,DWC,5290957,ty miller,W,5264471,jimmy drago,False,3,DEC-UNA,15.0,True
s:3301~l:3321~e:600055020~c:401793734,600055020-4906182-5265556,600055020,2025-08-12,Dana White's Contender Series,DWC,5279283,george mangos,L,5265556,radley da silva,False,3,DEC-UNA,15.0,True
s:3301~l:3321~e:600055020~c:401793735,600055020-5207665-5147207,600055020,2025-08-12,Dana White's Contender Series,DWC,5282842,chris ewert,L,5147207,yuri panferov,False,3,DEC-UNA,15.0,True
s:3301~l:3321~e:600036332~c:401567321,600036332-5057385-4892422,600036332,2023-08-08,Dana White's Contender Series,DWC,5144008,payton talbott,W,4892422,reyes cortez jr.,False,3,DEC-UNA,15.0,True
s:3301~l:3321~e:600047775~c:401690354,600047775-5214599-5001017,600047775,2024-09-04,Dana White's Contender Series,DWC,4701954,seokhyeon ko,W,5214599,igor cavalcanti,False,3,DEC-UNA,15.0,True
s:3301~l:3321~e:600047624~c:401686958,600047624-5223854-5057023,600047624,2024-08-13,Dana White's Contender Series,DWC,5211221,mansur abdul-malik,W,5057023,wes schultz,False,2,KO-TKO,8.92,False
s:3301~l:3321~e:600047774~c:401698249,600047774-4896556-4421157,600047774,2024-08-28,Dana White's Contender Series,DWC,5212854,malcolm wellmaker,W,4421157,adam bramhald,False,1,KO-TKO,2.48,False
s:3301~l:3321~e:600022207~c:401466056,600022207-4963343-5204220,600022207,2022-08-24,Dana White's Contender Series,DWC,4601333,rayanne dos santos,L,4963343,denise gomes,False,3,DEC-UNA,15.0,True
s:3301~l:3321~e:600022211~c:401483870,600022211-5140897-4876401,600022211,2022-09-21,Dana White's Contender Series,DWC,5088844,raul rosas jr.,W,4876401,mando gutierrez,False,3,DEC-UNA,15.0,True
s:3301~l:3321~e:401221629~c:401231061,401221629-5218818-4222369,401221629,2020-08-05,Dana White's Contender Series,DWC,4685888,ronaldo rodríguez,L,4222369,jerome rivera,False,3,DEC-UNA,15.0,True
s:3301~l:3321~e:600047775~c:401699793,600047775-5216849-5211222,600047775,2024-09-04,Dana White's Contender Series,DWC,5211223,yuneisy duben,W,5211222,shannon clark,False,1,KO-TKO,1.22,False
s:3301~l:3321~e:600022209~c:401467664,600022209-4294871-4690484,600022209,2022-09-07,Dana White's Contender Series,DWC,3093513,ismael bonfim,W,4294871,nariman abbasov,False,3,DEC-UNA,15.0,True
s:3301~l:3321~e:600047781~c:401724486,600047781-5213179-4813565,600047781,2024-10-16,Dana White's Contender Series,DWC,5057385,antonio monteiro,L,5213179,yadier del valle,False,3,DEC-UNA,15.0,True
s:3301~l:3321~e:600047781~c:401724507,600047781-5211224-5223853,600047781,2024-10-16,Dana White's Contender Series,DWC,5223854,julieta martinez,W,5223853,leslie hernandez,False,3,DEC-SPLT,15.0,True
s:3301~l:3321~e:600047781~c:401721187,600047781-5236142-4848673,600047781,2024-10-16,Dana White's Contender Series,DWC,5218668,mohamed ado,L,5236142,jonathan micallef,False,1,SUBMISSION,3.02,False
s:3301~l:3321~e:600047780~c:401690359,600047780-5217935-5144174,600047780,2024-10-09,Dana White's Contender Series,DWC,5217455,islem masraf,L,5217935,artem vakhitov,False,1,KO-TKO,4.38,False
s:3301~l:3321~e:600047780~c:401724477,600047780-5215272-5218817,600047780,2024-10-09,Dana White's Contender Series,DWC,5218818,lucas camacho,L,5218817,mario pinto,False,1,KO-TKO,1.72,False
s:3301~l:3321~e:600047780~c:401724479,600047780-5212748-5147579,600047780,2024-10-09,Dana White's Contender Series,DWC,4896556,vanilto antunes,L,5212748,islam dulatov,False,1,KO-TKO,2.73,False
s:3301~l:3321~e:600047780~c:401724481,600047780-5218814-5145496,600047780,2024-10-09,Dana White's Contender Series,DWC,5001017,sean gauci,W,5218814,anthony drilich,False,3,DEC-UNA,15.0,True
s:3301~l:3321~e:600047779~c:401690358,600047779-5125484-5149722,600047779,2024-10-02,Dana White's Contender Series,DWC,4571450,alberto montes,W,5125484,carlos calderon,False,2,SUBMISSION,7.63,False
s:3301~l:3321~e:600047778~c:401690357,600047778-5216851-4893608,600047778,2024-09-25,Dana White's Contender Series,DWC,4047571,bailey schoenfelder,L,5216851,danylo voievodkin,False,1,SUBMISSION,1.22,False
s:3301~l:3321~e:600047778~c:401717098,600047778-5220883-5149442,600047778,2024-09-25,Dana White's Contender Series,DWC,5216849,kevin christian,W,5220883,francesco mazzeo,False,2,SUBMISSION,9.280000000000001,False
s:3301~l:3321~e:600047777~c:401690356,600047777-4045420-5144797,600047777,2024-09-18,Dana White's Contender Series,DWC,5215272,aaron tau,L,5144797,elijah smith,False,3,DEC-UNA,15.0,True
s:3301~l:3321~e:600047777~c:401716184,600047777-5119702-5218815,600047777,2024-09-18,Dana White's Contender Series,DWC,5218816,joey hart,L,5218815,benjamin bennett,False,3,DEC-SPLT,15.0,True
s:3301~l:3321~e:600047776~c:401703288,600047776-5068827-5149815,600047776,2024-09-11,Dana White's Contender Series,DWC,5224461,taiga iwasaki,L,5149815,yousri belgaroui,False,3,KO-TKO,12.57,True
s:3301~l:3321~e:600047776~c:401703290,600047776-5143224-4239113,600047776,2024-09-11,Dana White's Contender Series,DWC,4690484,corinne laframboise,L,4239113,nicolle caliari,False,1,SUBMISSION,4.75,False
s:3301~l:3321~e:600047775~c:401699791,600047775-5211247-5056138,600047775,2024-09-04,Dana White's Contender Series,DWC,4848673,will currie,L,5211247,djorden santos,False,3,DEC-UNA,15.0,True
s:3301~l:3321~e:600047774~c:401708027,600047774-4788298-5195917,600047774,2024-08-28,Dana White's Contender Series,DWC,5211224,jack duffy,L,5195917,nick piccininni,False,3,DEC-SPLT,15.0,True
s:3301~l:3321~e:600047773~c:401693511,600047773-4764301-5001014,600047773,2024-08-20,Dana White's Contender Series,DWC,5144174,billy brand,L,5001014,cody haddon,False,1,SUBMISSION,3.15,False
s:3301~l:3321~e:600047624~c:401703013,600047624-4403762-4295666,600047624,2024-08-13,Dana White's Contender Series,DWC,4813565,ding meng,L,4295666,rami hamed,False,3,DEC-UNA,15.0,True
s:3301~l:3321~e:600047624~c:401686960,600047624-4008506-4691323,600047624,2024-08-13,Dana White's Contender Series,DWC,5149722,mikheil sazhiniani,L,4691323,bruno lopes,False,2,KO-TKO,9.23,False
s:3301~l:3321~e:600036498~c:401597250,600036498-4683396-4702589,600036498,2023-09-27,Dana White's Contender Series,DWC,4893608,angel pacheco,L,4702589,danny silva,False,3,DEC-UNA,15.0,True
s:3301~l:3321~e:600036497~c:401591070,600036497-4684237-5126213,600036497,2023-09-20,Dana White's Contender Series,DWC,5145496,igor severino,W,5126213,jhonata silva,False,2,KO-TKO,7.62,False
s:3301~l:3321~e:401222785~c:401241749,401222785-5001016-3896920,401222785,2020-09-09,Dana White's Contender Series,DWC,4045420,aliaskhab khizriev,W,3896920,henrique shiguemoto,False,1,SUBMISSION,0.83,False
s:3301~l:3321~e:600036500~c:401604870,600036500-5157669-5075334,600036500,2023-10-11,Dana White's Contender Series,DWC,5147579,rickson zenidim,L,5157669,andre lima,False,3,DEC-UNA,15.0,True
s:3301~l:3321~e:600036500~c:401606729,600036500-4795255-5146278,600036500,2023-10-11,Dana White's Contender Series,DWC,5149442,davi bittencourt,L,5146278,lucas rocha,False,2,KO-TKO,5.3,False
s:3301~l:3321~e:600036498~c:401597249,600036498-5149190-5088846,600036498,2023-09-27,Dana White's Contender Series,DWC,5119702,alexander soldatkin,L,5149190,mario piazzon,False,3,DQ,10.33,False
s:3301~l:3321~e:600036497~c:401571752,600036497-5076594-4977643,600036497,2023-09-20,Dana White's Contender Series,DWC,5077056,jacobi jones,L,4977643,daniel allen,False,3,DEC-UNA,15.0,True
s:3301~l:3321~e:600036495~c:401592854,600036495-4584163-5032015,600036495,2023-09-06,Dana White's Contender Series,DWC,5068827,chad hanekom,L,5032015,dylan budka,False,3,DEC-UNA,15.0,True
s:3301~l:3321~e:600036495~c:401592855,600036495-5075937-4801725,600036495,2023-09-06,Dana White's Contender Series,DWC,5144319,rainn guerrero,L,4801725,dione barbosa,False,1,SUBMISSION,4.58,False
s:3301~l:3321~e:600036493~c:401571756,600036493-4701186-5143223,600036493,2023-08-23,Dana White's Contender Series,DWC,5143224,eli aronov,L,5143223,zachary reese,False,1,SUBMISSION,1.23,False
s:3301~l:3321~e:600036493~c:401577735,600036493-5056143-4900808,600036493,2023-08-23,Dana White's Contender Series,DWC,5056138,kaik brito,L,4900808,oban elliott,False,3,DEC-MAJ,15.0,True
s:3301~l:3321~e:600036493~c:401577736,600036493-5007635-5044376,600036493,2023-08-23,Dana White's Contender Series,DWC,4403762,isis verbeek,L,5007635,josefine knutsson,False,3,DEC-UNA,15.0,True
s:3301~l:3321~e:600036492~c:401571757,600036492-4963260-4695485,600036492,2023-08-15,Dana White's Contender Series,DWC,4764301,george hardwick,L,4695485,abdul-kareem al-selwady,False,3,DEC-UNA,15.0,True
s:3301~l:3321~e:600036332~c:401567320,600036332-5077400-5007668,600036332,2023-08-08,Dana White's Contender Series,DWC,5075334,kevin szaflarski,L,5007668,caio machado,False,3,DEC-UNA,15.0,True
s:3301~l:3321~e:600036332~c:401579189,600036332-5144066-5065494,600036332,2023-08-08,Dana White's Contender Series,DWC,4788298,victor dias,L,5144066,kevin borjas,False,3,DEC-UNA,15.0,True
s:3301~l:3321~e:401222785~c:401241748,401222785-4892412-4412279,401222785,2020-09-09,Dana White's Contender Series,DWC,4684237,mana martinez,L,4412279,drako rodriguez,False,1,SUBMISSION,2.37,False
s:3301~l:3321~e:401221631~c:401233640,401221631-4686737-5044439,401221631,2020-08-19,Dana White's Contender Series,DWC,4683396,cheyanne vlismas,W,4686737,hilarie rose,False,3,DEC-UNA,15.0,True
s:3301~l:3321~e:600022212~c:401483884,600022212-5088885-4584150,600022212,2022-09-28,Dana White's Contender Series,DWC,5088846,emiliano linares,L,5088885,jack jenkins,False,3,KO-TKO,14.5,True
s:3301~l:3321~e:600022212~c:401483886,600022212-5088891-4244337,600022212,2022-09-28,Dana White's Contender Series,DWC,4795255,ashiek ajim,L,5088891,mateus mendonca,False,1,KO-TKO,0.8,False
s:3301~l:3321~e:600022211~c:401483871,600022211-5077131-3127966,600022211,2022-09-21,Dana White's Contender Series,DWC,4584163,leon aliu,L,5077131,brunno ferreira,False,1,KO-TKO,1.58,False
s:3301~l:3321~e:600022211~c:401451172,600022211-4884867-2223033,600022211,2022-09-21,Dana White's Contender Series,DWC,5076594,richard jacobi,L,2223033,austen lane,False,1,KO-TKO,4.57,False
s:3301~l:3321~e:600022211~c:401483872,600022211-3127966-3896934,600022211,2022-09-21,Dana White's Contender Series,DWC,5075937,roybert echeverria,L,3896934,jafel filho,False,3,KO-TKO,11.52,False
s:3301~l:3321~e:600022209~c:401467663,600022209-4915907-3955238,600022209,2022-09-07,Dana White's Contender Series,DWC,4701186,jimmy lawson,L,4915907,karl williams,False,3,DEC-UNA,15.0,True
s:3301~l:3321~e:600022209~c:401467665,600022209-5056144-4286781,600022209,2022-09-07,Dana White's Contender Series,DWC,5056143,nayara maia,L,5056144,tereza bleda,False,3,DEC-UNA,15.0,True
s:3301~l:3321~e:600022208~c:401467211,600022208-3955238-4689965,600022208,2022-08-31,Dana White's Contender Series,DWC,5044376,rodrigo lidio,L,4689965,mateusz rębecki,False,1,SUBMISSION,3.08,False
s:3301~l:3321~e:600022208~c:401467212,600022208-5060398-3955238,600022208,2022-08-31,Dana White's Contender Series,DWC,4869428,maria silva,L,5060398,viktoriia dudakova,False,3,DEC-UNA,15.0,True
s:3301~l:3321~e:600010081~c:401370331,600010081-3955238-4403763,600010081,2021-10-13,Dana White's Contender Series,DWC,4869428,maria silva,W,4403763,kathryn paprocki,False,3,DEC-UNA,15.0,True
s:3301~l:3321~e:600022207~c:401466053,600022207-3955238-4358252,600022207,2022-08-24,Dana White's Contender Series,DWC,4963260,amiran gogoladze,L,4358252,darrius flowers,False,1,SUBMISSION,1.22,False
s:3301~l:3321~e:600022207~c:401466055,600022207-3955238-5077399,600022207,2022-08-24,Dana White's Contender Series,DWC,5077400,josh wang-kim,L,5077399,cameron saaiman,False,3,KO-TKO,12.870000000000001,True
s:3301~l:3321~e:600021773~c:401445836,600021773-4892415-5074131,600021773,2022-08-17,Dana White's Contender Series,DWC,5074276,thomas paull,L,5074131,esteban ribovics,False,1,KO-TKO,1.5,False
s:3301~l:3321~e:600021773~c:401465217,600021773-5074126-4875515,600021773,2022-08-17,Dana White's Contender Series,DWC,5065494,ivan valenzuela,L,5074126,claudio ribeiro,False,1,KO-TKO,0.42,False
s:3301~l:3321~e:600021773~c:401465218,600021773-3955238-4360028,600021773,2022-08-17,Dana White's Contender Series,DWC,4584150,jack cartwright,L,4360028,jose johnson,False,3,DEC-UNA,15.0,True
s:3301~l:3321~e:600021772~c:401464157,600021772-4873641-4683551,600021772,2022-08-10,Dana White's Contender Series,DWC,5044439,sandra lavado,L,4683551,karolina wojcik,False,3,DEC-UNA,15.0,True
s:3301~l:3321~e:600021771~c:401463241,600021771-4874989-4706975,600021771,2022-08-03,Dana White's Contender Series,DWC,4892412,shimon smotritsky,L,4706975,billy ray goff,False,1,KO-TKO,3.62,False
s:3301~l:3321~e:600010080~c:401361415,600010080-4874989-3165120,600010080,2021-10-06,Dana White's Contender Series,DWC,4892412,shimon smotritsky,L,3165120,mike malott,False,1,SUBMISSION,0.65,False
s:3301~l:3321~e:600011553~c:401382971,600011553-4895769-4689226,600011553,2021-11-03,Dana White's Contender Series,DWC,4895361,qiulun,L,4895769,erisson ferreira,False,3,DEC-UNA,15.0,True
s:3301~l:3321~e:600011553~c:401382972,600011553-3110833-4354422,600011553,2021-11-03,Dana White's Contender Series,DWC,4884867,jonas bilharinho,W,4354422,canaan kawaihae,False,3,KO-TKO,14.0,True
s:3301~l:3321~e:600011553~c:401382973,600011553-4835136-4204320,600011553,2021-11-03,Dana White's Contender Series,DWC,4286781,shang zhifa,L,4204320,juan puerta,False,3,DEC-SPLT,15.0,True
s:3301~l:3321~e:600011552~c:401382951,600011552-4867357-4411885,600011552,2021-10-27,Dana White's Contender Series,DWC,4021216,oron kahlon,L,4867357,javid basharat,False,3,SUBMISSION,14.2,True
s:3301~l:3321~e:600011552~c:401382952,600011552-4010873-3309918,600011552,2021-10-27,Dana White's Contender Series,DWC,4568503,yan qihui,L,3309918,karine silva,False,2,SUBMISSION,6.73,False
s:3301~l:3321~e:600011552~c:401382953,600011552-4896616-4411885,600011552,2021-10-27,Dana White's Contender Series,DWC,4218124,kolton englund,L,4896616,manuel torres,False,1,KO-TKO,2.17,False
s:3301~l:3321~e:600011552~c:401382954,600011552-4892416-4606413,600011552,2021-10-27,Dana White's Contender Series,DWC,4892415,xie bin,L,4892416,olivier murad,False,3,DEC-SPLT,15.0,True
s:3301~l:3321~e:600011551~c:401382490,600011551-4894791-4683397,600011551,2021-10-20,Dana White's Contender Series,DWC,4875514,kaloyan kolev,L,4894791,armen petrosyan,False,1,KO-TKO,4.45,False
s:3301~l:3321~e:600010081~c:401370333,600010081-4406574-3895527,600010081,2021-10-13,Dana White's Contender Series,DWC,2502713,lorenzo hood,L,4406574,martin buday,False,1,KO-TKO,4.93,False
s:3301~l:3321~e:600010080~c:401377230,600010080-4693719-4783385,600010080,2021-10-06,Dana White's Contender Series,DWC,4875515,shonte barnes,L,4783385,joseph holmes,False,2,SUBMISSION,7.77,False
s:3301~l:3321~e:600010080~c:401370313,600010080-4685886-4874988,600010080,2021-10-06,Dana White's Contender Series,DWC,4874989,patrik white,L,4874988,genaro valdez,False,2,KO-TKO,5.73,False
s:3301~l:3321~e:600008644~c:401348177,600008644-4873642-4359111,600008644,2021-09-29,Dana White's Contender Series,DWC,4873641,lucasz sudolski,L,4873642,ihor potieria,False,1,KO-TKO,3.68,False
s:3301~l:3321~e:600008643~c:401357660,600008643-4389513-4374436,600008643,2021-09-22,Dana White's Contender Series,DWC,4835136,hashem arkhagha,L,4374436,aj dobson,False,1,SUBMISSION,4.35,False
s:3301~l:3321~e:600008641~c:401348174,600008641-3947116-4788300,600008641,2021-09-08,Dana White's Contender Series,DWC,4888600,logan urban,D,4788300,josh quinlan,False,1,NO-CONTEST,0.78,False
s:3301~l:3321~e:600008640~c:401348173,600008640-4227265-4570799,600008640,2021-09-01,Dana White's Contender Series,DWC,3110833,matheus scheffel,L,4227265,azamat murzakanov,False,1,KO-TKO,3.0,False
s:3301~l:3321~e:600008640~c:401351345,600008640-4869424-3099070,600008640,2021-09-01,Dana White's Contender Series,DWC,4410116,leonardo damiani,L,4869424,aj fletcher,False,1,KO-TKO,2.4,False
s:3301~l:3321~e:401223626~c:401260365,401223626-4573207-4566310,401223626,2020-11-18,Dana White's Contender Series,DWC,4689228,pauline macias,L,4566310,gloria de paula,False,3,DEC-UNA,15.0,True
s:3301~l:3321~e:401223626~c:401256300,401223626-4573209-4374740,401223626,2020-11-18,Dana White's Contender Series,DWC,4689226,chelsea hackett,L,4374740,victoria leonardo,False,2,KO-TKO,9.68,False
s:3301~l:3321~e:401223625~c:401256293,401223625-4702563-4379326,401223625,2020-11-11,Dana White's Contender Series,DWC,4701012,shaheen santana,L,4702563,natan levy,False,3,SUBMISSION,10.92,False
s:3301~l:3321~e:401223625~c:401256296,401223625-4569668-4237930,401223625,2020-11-11,Dana White's Contender Series,DWC,4606413,danny sabatello,W,4237930,taylor moore,False,3,DEC-UNA,15.0,True
s:3301~l:3321~e:401223624~c:401252310,401223624-4573548-4038116,401223624,2020-11-05,Dana White's Contender Series,DWC,4693719,edson gomez,L,4038116,ignacio bahamondes,False,2,KO-TKO,7.52,False
s:3301~l:3321~e:401222786~c:401241751,401222786-4248475-2511778,401222786,2020-09-16,Dana White's Contender Series,DWC,4683397,korey kuppe,L,2511778,michael lombardo,False,3,DEC-UNA,15.0,True
s:3301~l:3321~e:401222786~c:401241753,401222786-4246527-3945573,401222786,2020-09-16,Dana White's Contender Series,DWC,3947116,dinis paiva,L,4246527,kyle driscoll,False,3,DEC-UNA,15.0,True
s:3301~l:3321~e:401222785~c:401241746,401222785-4689223-4248475,401222785,2020-09-09,Dana White's Contender Series,DWC,4685886,cameron church,L,4689223,sherrard blackledge,False,3,DEC-UNA,15.0,True
s:3301~l:3321~e:401221632~c:401231042,401221632-4237148-4565645,401221632,2020-08-26,Dana White's Contender Series,DWC,3895527,jhonoven pati,L,4237148,jamie pickett,False,2,KO-TKO,5.55,False
s:3301~l:3321~e:401221632~c:401235979,401221632-2354564-4341591,401221632,2020-08-26,Dana White's Contender Series,DWC,4389513,kyron bowen,L,4341591,collin huckbody,False,1,SUBMISSION,1.47,False
s:3301~l:3321~e:401221630~c:401235374,401221630-4573208-4565642,401221630,2020-08-12,Dana White's Contender Series,DWC,4359111,anthony adams,L,4573208,impa kasanganay,False,3,DEC-UNA,15.0,True
s:3301~l:3321~e:401033281~c:265446,401033281-4565642-4349152,401033281,2018-07-18,Dana White's Contender Series,DWC,4359111,anthony adams,L,4349152,chibwikem onyenegecha,False,3,DEC-SPLT,15.0,True
s:3301~l:3321~e:401221629~c:401231059,401221629-4565646-2594871,401221629,2020-08-05,Dana White's Contender Series,DWC,4010873,ty flores,L,2594871,dustin jacoby,False,3,DEC-UNA,15.0,True
s:3301~l:3321~e:401128918~c:264862,401128918-4573208-4425611,401128918,2019-08-28,Dana White's Contender Series,DWC,4573207,kailan hill,L,4573208,impa kasanganay,False,3,DEC-UNA,15.0,True
s:3301~l:3321~e:401128918~c:264863,401128918-4426306-4388465,401128918,2019-08-28,Dana White's Contender Series,DWC,4573209,sanghoon yoo,L,4388465,peter barrett,False,3,DEC-UNA,15.0,True
s:3301~l:3321~e:401128926~c:266409,401128926-4424478-3924096,401128926,2019-08-21,Dana White's Contender Series,DWC,4423215,leon shahbazyan,L,3924096,phil rowe,False,3,KO-TKO,10.27,False
s:3301~l:3321~e:401128926~c:270162,401128926-4095179-4565641,401128926,2019-08-21,Dana White's Contender Series,DWC,4570799,marcos brigagão,L,4565641,jamal pogues,False,3,DEC-UNA,15.0,True
s:3301~l:3321~e:401128926~c:270163,401128926-4423875-3023804,401128926,2019-08-21,Dana White's Contender Series,DWC,4573548,desmond torres,L,3023804,steve garcia,False,1,KO-TKO,4.58,False
s:3301~l:3321~e:401128926~c:270165,401128926-4425705-4303035,401128926,2019-08-21,Dana White's Contender Series,DWC,4569668,ricky steele,W,4303035,phil caracappa,False,3,DEC-SPLT,15.0,True
s:3301~l:3321~e:401128925~c:269720,401128925-4030352-4255766,401128925,2019-08-14,Dana White's Contender Series,DWC,4379326,herdem alacabek,L,4255766,william knight,False,3,KO-TKO,14.57,True
s:3301~l:3321~e:401128925~c:269721,401128925-4406572-4044409,401128925,2019-08-14,Dana White's Contender Series,DWC,4565646,devin smyth,L,4044409,brok weaver,False,3,DEC-UNA,15.0,True
s:3301~l:3321~e:401128925~c:266408,401128925-3039935-4245681,401128925,2019-08-14,Dana White's Contender Series,DWC,4248475,julius anglickas,W,4245681,karl reed,False,3,SUBMISSION,13.42,True
s:3301~l:3321~e:401128924~c:269717,401128924-4021523-4234751,401128924,2019-08-07,Dana White's Contender Series,DWC,4350860,marilia santos,L,4234751,lucrezia ria,False,3,DEC-SPLT,15.0,True
s:3301~l:3321~e:401128924~c:269715,401128924-4021523-3091099,401128924,2019-08-07,Dana White's Contender Series,DWC,4565642,taylor johnson,L,3091099,andre muniz,False,1,SUBMISSION,1.77,False
s:3301~l:3321~e:401128924~c:266407,401128924-4392322-4062287,401128924,2019-08-07,Dana White's Contender Series,DWC,4565645,dwight joseph,W,4062287,jay perrin,False,3,DEC-UNA,15.0,True
s:3301~l:3321~e:401128922~c:268460,401128922-4372190-4040956,401128922,2019-07-24,Dana White's Contender Series,DWC,4425611,ramazan kuramagomedov,W,4040956,jordan williams,False,3,DEC-SPLT,15.0,True
s:3301~l:3321~e:401128922~c:268461,401128922-4030631-4407930,401128922,2019-07-24,Dana White's Contender Series,DWC,4426306,christian lohsen,L,4407930,jj okanovich,False,3,DEC-UNA,15.0,True
s:3301~l:3321~e:401128921~c:268456,401128921-4371002-4379279,401128921,2019-07-17,Dana White's Contender Series,DWC,3945573,stephen regman,L,4371002,antonio arroyo,False,2,SUBMISSION,8.52,False
s:3301~l:3321~e:401128921~c:268457,401128921-4379257-4249193,401128921,2019-07-17,Dana White's Contender Series,DWC,4312854,ricardo prasel,L,4249193,don'tale mayes,False,1,KO-TKO,4.98,False
s:3301~l:3321~e:401128921~c:268454,401128921-4424582-4354427,401128921,2019-07-17,Dana White's Contender Series,DWC,4424478,lance lawrence,L,4424582,kevin syler,False,3,DEC-UNA,15.0,True
s:3301~l:3321~e:401128920~c:268448,401128920-4423876-4370999,401128920,2019-07-10,Dana White's Contender Series,DWC,4423875,jesse wallace,L,4423876,joe solecki,False,1,SUBMISSION,3.82,False
s:3301~l:3321~e:401128920~c:268449,401128920-2953005-3955820,401128920,2019-07-10,Dana White's Contender Series,DWC,4095179,kenneth bergh,D,3955820,antonio trocoli,False,1,NO-CONTEST,3.95,False
s:3301~l:3321~e:401128920~c:268450,401128920-4425706-4357591,401128920,2019-07-10,Dana White's Contender Series,DWC,4425705,chris ocon,L,4425706,hunter azure,False,3,DEC-UNA,15.0,True
s:3301~l:3321~e:401128919~c:268445,401128919-4423425-2989137,401128919,2019-06-26,Dana White's Contender Series,DWC,4030352,zach zane,L,4423425,justin gonzales,False,3,DEC-UNA,15.0,True
s:3301~l:3321~e:401128919~c:268447,401128919-4239077-4010864,401128919,2019-06-26,Dana White's Contender Series,DWC,4392322,richie santiago,L,4010864,miles johns,False,3,DEC-UNA,15.0,True
s:3301~l:3321~e:401128917~c:268442,401128917-4423213-3020395,401128917,2019-06-19,Dana White's Contender Series,DWC,3039935,alton meeks,L,4423213,yorgan de castro,False,1,KO-TKO,4.25,False
s:3301~l:3321~e:401074498~c:265421,401074498-4372194-4350872,401074498,2018-08-12,Dana White's Contender Series,DWC,4372190,mabelly lima,L,4372194,luana carolina,False,3,DEC-UNA,15.0,True
s:3301~l:3321~e:401074498~c:265422,401074498-3170348-3971629,401074498,2018-08-12,Dana White's Contender Series,DWC,4030631,gisele moreira,W,3971629,dayana silva,False,3,DEC-SPLT,15.0,True
s:3301~l:3321~e:401074497~c:265412,401074497-3170348-3108776,401074497,2018-08-12,Dana White's Contender Series,DWC,4379279,leonardo silva de oliveira,L,3108776,marcio alexandre jr.,False,1,SUBMISSION,1.87,False
s:3301~l:3321~e:401074496~c:265424,401074496-4371004-3073380,401074496,2018-08-11,Dana White's Contender Series,DWC,4370999,maiara amanajas dos santos,L,4371004,sarah frota,False,1,KO-TKO,3.43,False
s:3301~l:3321~e:401074496~c:265426,401074496-2996856-3900464,401074496,2018-08-11,Dana White's Contender Series,DWC,4379257,marcos conrado jr.,L,3900464,augusto sakai,False,2,KO-TKO,8.15,False
s:3301~l:3321~e:401033283~c:265433,401033283-4045133-4070902,401033283,2018-08-08,Dana White's Contender Series,DWC,4354427,marty coughran,L,4070902,alex gilpin,False,2,SUBMISSION,6.92,False
s:3301~l:3321~e:401033284~c:265458,401033284-3945903-3150681,401033284,2018-08-01,Dana White's Contender Series,DWC,4357591,maurice mitchell,L,3150681,jordan griffin,False,1,SUBMISSION,3.95,False
s:3301~l:3321~e:401033282~c:265439,401033282-4355664-3039664,401033282,2018-07-25,Dana White's Contender Series,DWC,2953005,nick newell,L,4355664,alexander munoz,False,3,DEC-UNA,15.0,True
s:3301~l:3321~e:401033280~c:265451,401033280-4239492-3892462,401033280,2018-07-11,Dana White's Contender Series,DWC,3020395,toby misech,L,4239492,ricky palacios,False,3,DEC-UNA,15.0,True
s:3301~l:3321~e:400961602~c:237192,400961602-3019246-2506570,400961602,2017-07-11,Dana White's Contender Series,DWC,2989137,matt bessette,D,3019246,kurt holobaugh,False,1,NO-CONTEST,2.98,False
s:3301~l:3321~e:401033279~c:265475,401033279-4232927-3611366,401033279,2018-06-27,Dana White's Contender Series,DWC,4294510,austin tweedy,L,3611366,te edwards,False,1,KO-TKO,0.47,False
s:3301~l:3321~e:401033279~c:265478,401033279-4073937-4040956,401033279,2018-06-27,Dana White's Contender Series,DWC,4062284,tim caron,D,4040956,jordan williams,False,3,NO-CONTEST,13.620000000000001,True
s:3301~l:3321~e:400961602~c:237194,400961602-2519810-2506260,400961602,2017-07-11,Dana White's Contender Series,DWC,2558159,azunna anyanwu,W,2506260,greg rebello,False,2,KO-TKO,8.07,False
s:3301~l:3321~e:400972137~c:265526,400972137-4245094-4013774,400972137,2017-08-23,Dana White's Contender Series,DWC,3039664,anton berzin,L,4245094,kennedy nzechukwu,False,3,DEC-SPLT,15.0,True
s:3301~l:3321~e:400972137~c:265529,400972137-3022394-2984784,400972137,2017-08-23,Dana White's Contender Series,DWC,4227123,mark cherico,L,2984784,mike santiago,False,1,KO-TKO,2.98,False
s:3301~l:3321~e:400972137~c:265530,400972137-4054622-3918208,400972137,2017-08-23,Dana White's Contender Series,DWC,3099608,nick urso,L,4054622,jordan espinosa,False,1,SUBMISSION,1.38,False
s:3301~l:3321~e:400968459~c:238814,400968459-3972436-4037324,400968459,2017-08-16,Dana White's Contender Series,DWC,4232927,tiffany masters,L,4037324,jamie colleen miller,False,3,SUBMISSION,14.719999999999999,True
s:3301~l:3321~e:400968458~c:238653,400968458-4227122-4013774,400968458,2017-08-08,Dana White's Contender Series,DWC,4008509,peter petties,L,4227122,julio arce,False,2,KO-TKO,7.65,False
s:3301~l:3321~e:400968458~c:238655,400968458-2585978-4013988,400968458,2017-08-08,Dana White's Contender Series,DWC,4245091,everett sims,L,4013988,shelton graves,False,3,KO-TKO,12.33,False
s:3301~l:3321~e:400966348~c:265546,400966348-4237015-2558506,400966348,2017-08-01,Dana White's Contender Series,DWC,4237013,james gray,L,4237015,kyler phillips,False,1,KO-TKO,0.77,False
s:3301~l:3321~e:400966348~c:265547,400966348-3952410-4013049,400966348,2017-08-01,Dana White's Contender Series,DWC,4073937,ronaldo candido de oliveira,L,4013049,carlos candelario,False,3,DEC-UNA,15.0,True
s:3301~l:3321~e:400966346~c:265532,400966346-3088204-2553221,400966346,2017-07-19,Dana White's Contender Series,DWC,3024141,dan spohn,W,2553221,angel de anda,False,1,SUBMISSION,3.17,False
s:3301~l:3321~e:400966346~c:265574,400966346-2517085-2557012,400966346,2017-07-19,Dana White's Contender Series,DWC,3895524,thanh le,W,2557012,lazar stojadinovic,False,2,KO-TKO,6.58,False
s:3301~l:3321~e:400966346~c:265575,400966346-4237605-3108778,400966346,2017-07-19,Dana White's Contender Series,DWC,4040925,sidney outlaw,W,4237605,michael cora,False,3,DEC-UNA,15.0,True
s:3301~l:3321~e:400966346~c:265576,400966346-3108778-4030197,400966346,2017-07-19,Dana White's Contender Series,DWC,4082117,cee jay hamilton,L,4030197,casey kenney,False,3,DEC-UNA,15.0,True
